field	field_role	type	n_present	missing_pct	values	association_status	action_block_assoc	action_recheck_assoc	action_enter_assoc	association_n
applied_thresholds.maximum_spread_bp	policy_coordinate	numeric	15096	13.78	"{""max"": 100.0, ""mean"": 99.89401165871755, ""min"": 80.0}"	computed_or_insufficient	0.05006	-0.04306	-0.03062	15096
applied_thresholds.maximum_top3_ask_to_bid_ratio	policy_coordinate	numeric	15096	13.78	"{""max"": 5.0, ""mean"": 5.0, ""min"": 5.0}"	computed_or_insufficient				15096
applied_thresholds.minimum_fillability_score	policy_coordinate	numeric	15096	13.78	"{""max"": 15.0, ""mean"": 15.0, ""min"": 15.0}"	computed_or_insufficient				15096
applied_thresholds.minimum_micro_net_aggressive_delta_10t	policy_coordinate	numeric	15096	13.78	"{""max"": 1.0, ""mean"": 1.0, ""min"": 1.0}"	computed_or_insufficient				15096
applied_thresholds.minimum_micro_price_change_10t_pct	policy_coordinate	numeric	15096	13.78	"{""max"": 0.0, ""mean"": 0.0, ""min"": 0.0}"	computed_or_insufficient				15096
label_context.adverse_pct	outcome_reference_context	none	0	100.0	{}	no_observed_value				0
label_context.adverse_price	outcome_reference_context	none	0	100.0	{}	no_observed_value				0
label_context.best_ask	outcome_reference_context	numeric	17509	0.0	"{""max"": 1916000.0, ""mean"": 38917.7020389514, ""min"": 976.0}"	computed_or_insufficient	-0.05892	0.0572	0.00882	17509
label_context.best_bid	outcome_reference_context	numeric	17509	0.0	"{""max"": 1915000.0, ""mean"": 38736.86932434748, ""min"": 952.0}"	computed_or_insufficient	-0.05907	0.05733	0.0089	17509
label_context.broker_order_no	outcome_reference_context	none	0	100.0	{}	no_observed_value				0
label_context.broker_route	outcome_reference_context	categorical	17476	0.19	"{""NXT"": 4051, ""SOR"": 13425}"	computed_or_insufficient	0.07064	0.07273	0.00711	17476
label_context.effective_venue	outcome_reference_context	categorical	17509	0.0	"{""KRX"": 13458, ""KRX_NXT_INTEGRATED"": 3083, ""PREMARKET_KRX_LIKE"": 968}"	computed_or_insufficient	0.0783	0.07949	0.01095	17509
label_context.entry_conservative_execution_cost_pct	outcome_reference_context	none	0	100.0	{}	no_observed_value				0
label_context.evaluation_attempt_id	outcome_reference_context	categorical	15063	13.97	{}	identity_or_clock				15063
label_context.first_watch_epoch	outcome_reference_context	numeric	12154	30.58	"{""max"": 1790148510.695, ""mean"": 1789612996.0221713, ""min"": 1789344203.496}"	identity_or_clock				12154
label_context.first_watch_price	outcome_reference_context	numeric	12154	30.58	"{""max"": 1926000.0, ""mean"": 36676.76164225769, ""min"": 886.0}"	computed_or_insufficient	-0.0533	0.05186	0.00772	12154
label_context.market_data_route	outcome_reference_context	categorical	17025	2.76	"{""krx_nxt_integrated"": 7730, ""krx_only"": 9295}"	computed_or_insufficient	0.06779	0.0657	0.01037	17025
label_context.position_cycle_id	outcome_reference_context	none	0	100.0	{}	no_observed_value				0
label_context.price_delta_since_first_watch_pct	outcome_reference_context	numeric	12154	30.58	"{""max"": 29.1667, ""mean"": 3.6779696231693366, ""min"": -13.9042}"	computed_or_insufficient	0.01993	-0.02098	0.00389	12154
label_context.probe_bundle_id	outcome_reference_context	none	0	100.0	{}	no_observed_value				0
label_context.recommendation_id	outcome_reference_context	none	0	100.0	{}	no_observed_value				0
label_context.record_id	outcome_reference_context	numeric	15096	13.78	"{""max"": 48207.0, ""mean"": 45165.92143614202, ""min"": 43328.0}"	identity_or_clock				15096
label_context.reference_price	outcome_reference_context	numeric	17509	0.0	"{""max"": 1916000.0, ""mean"": 38917.7020389514, ""min"": 976.0}"	computed_or_insufficient	-0.05892	0.0572	0.00882	17509
label_context.reference_price_type	outcome_reference_context	categorical	17509	0.0	"{""executable_ask"": 17509}"	computed_or_insufficient				17509
label_context.scanner_promotion_id	outcome_reference_context	categorical	13780	21.3	{}	identity_or_clock				13780
label_context.session_bucket	outcome_reference_context	categorical	17509	0.0	"{""krx_nxt_aftermarket"": 3083, ""krx_regular"": 13458, ""premarket_krx_like"": 968}"	computed_or_insufficient	0.0783	0.07949	0.01095	17509
label_context.snapshot_id	outcome_reference_context	categorical	17476	0.19	{}	identity_or_clock				17476
label_context.stock_code	outcome_reference_context	categorical	17509	0.0	{}	identity_or_clock				17509
label_context.target_pct	outcome_reference_context	none	0	100.0	{}	no_observed_value				0
label_context.target_price	outcome_reference_context	none	0	100.0	{}	no_observed_value				0
label_context.watch_age_sec	outcome_reference_context	numeric	12154	30.58	"{""max"": 21951.1236, ""mean"": 7420.39514020074, ""min"": 1.0737}"	computed_or_insufficient	-0.07434	0.07789	-0.01293	12154
liquidity_inputs.fillability_score	derived_machine_input	numeric	17509	0.0	"{""max"": 100.0, ""mean"": 47.92078359700725, ""min"": 0.0}"	computed_or_insufficient	-0.1616	0.14596	0.07055	17509
liquidity_inputs.spread_bp	derived_machine_input	numeric	17509	0.0	"{""max"": 1703.7, ""mean"": 56.09743960248987, ""min"": 0.0}"	computed_or_insufficient	0.19961	-0.18396	-0.0716	17509
liquidity_inputs.top3_ask_to_bid_ratio	derived_machine_input	numeric	17509	0.0	"{""max"": 729.6666666666666, ""mean"": 2.979012956895215, ""min"": 0.0002842524161455372}"	computed_or_insufficient	0.03784	-0.03321	-0.02064	17509
payload.ai_input_semantics.canonical_candle_owner	collected_raw_precursor	categorical	17025	2.76	"{""entry_candle_context"": 17025}"	computed_or_insufficient				17025
payload.ai_input_semantics.duplicate_candle_views_omitted	collected_raw_precursor	categorical	17025	2.76	"{""True"": 17025}"	computed_or_insufficient				17025
payload.ai_input_semantics.forming_bar_volume_is_partial	collected_raw_precursor	categorical	17025	2.76	"{""True"": 17025}"	computed_or_insufficient				17025
payload.ai_input_semantics.missing_is_not_zero	collected_raw_precursor	categorical	17025	2.76	"{""True"": 17025}"	computed_or_insufficient				17025
payload.ai_input_semantics.source_timestamp_and_route_are_authoritative	collected_raw_precursor	categorical	17025	2.76	"{""True"": 17025}"	identity_or_clock				17025
payload.ai_market_snapshot_v1.actual_execution_venue	collected_raw_precursor	categorical	17025	2.76	"{""UNKNOWN"": 17025}"	computed_or_insufficient				17025
payload.ai_market_snapshot_v1.ai_input_preflight_v1.allowed	collected_raw_precursor	categorical	17025	2.76	"{""True"": 17025}"	computed_or_insufficient				17025
payload.ai_market_snapshot_v1.ai_input_preflight_v1.blocker_evaluation_order.length	collected_raw_precursor	numeric	2545	85.46	"{""max"": 0.0, ""mean"": 0.0, ""min"": 0.0}"	computed_or_insufficient				2545
payload.ai_market_snapshot_v1.ai_input_preflight_v1.blockers.length	collected_raw_precursor	numeric	2545	85.46	"{""max"": 0.0, ""mean"": 0.0, ""min"": 0.0}"	computed_or_insufficient				2545
payload.ai_market_snapshot_v1.ai_input_preflight_v1.broker_route_match_state	collected_raw_precursor	categorical	17025	2.76	"{""matched"": 17025}"	computed_or_insufficient				17025
payload.ai_market_snapshot_v1.ai_input_preflight_v1.broker_route_matches_venue	collected_raw_precursor	categorical	17025	2.76	"{""True"": 17025}"	computed_or_insufficient				17025
payload.ai_market_snapshot_v1.ai_input_preflight_v1.feature_allowed	collected_raw_precursor	categorical	5016	71.35	"{""True"": 5016}"	computed_or_insufficient				5016
payload.ai_market_snapshot_v1.ai_input_preflight_v1.feature_blockers.length	collected_raw_precursor	numeric	2545	85.46	"{""max"": 0.0, ""mean"": 0.0, ""min"": 0.0}"	computed_or_insufficient				2545
payload.ai_market_snapshot_v1.ai_input_preflight_v1.max_source_skew_ms	collected_raw_precursor	numeric	17025	2.76	"{""max"": 2916.658, ""mean"": 384.3415333333344, ""min"": 0.0}"	computed_or_insufficient	-0.02163	0.0235	-0.00737	17025
payload.ai_market_snapshot_v1.ai_input_preflight_v1.missing_sources.contains:broker_position	collected_raw_precursor	categorical	4684	73.25	"{""False"": 4680, ""True"": 4}"	computed_or_insufficient	0.01886	0.01694	0.00519	4684
payload.ai_market_snapshot_v1.ai_input_preflight_v1.missing_sources.contains:investor	collected_raw_precursor	categorical	4684	73.25	"{""False"": 3717, ""True"": 967}"	computed_or_insufficient	0.16788	0.14398	0.06599	4684
payload.ai_market_snapshot_v1.ai_input_preflight_v1.missing_sources.contains:program	collected_raw_precursor	categorical	4684	73.25	"{""False"": 3011, ""True"": 1673}"	computed_or_insufficient	0.1112	0.08358	0.07789	4684
payload.ai_market_snapshot_v1.ai_input_preflight_v1.missing_sources.length	collected_raw_precursor	numeric	4684	73.25	"{""max"": 2.0, ""mean"": 0.5644748078565329, ""min"": 0.0}"	computed_or_insufficient	0.24435	-0.19827	-0.12878	4684
payload.ai_market_snapshot_v1.ai_input_preflight_v1.position_authority_reconciled	collected_raw_precursor	categorical	17025	2.76	"{""False"": 159, ""True"": 16866}"	computed_or_insufficient	0.01551	0.01332	0.00959	17025
payload.ai_market_snapshot_v1.ai_input_preflight_v1.position_reconciled	collected_raw_precursor	categorical	17025	2.76	"{""False"": 159, ""True"": 16866}"	computed_or_insufficient	0.01551	0.01332	0.00959	17025
payload.ai_market_snapshot_v1.ai_input_preflight_v1.position_reconciliation_mode	collected_raw_precursor	categorical	17025	2.76	"{""not_required"": 17025}"	computed_or_insufficient				17025
payload.ai_market_snapshot_v1.ai_input_preflight_v1.primary_blocker	collected_raw_precursor	none	0	100.0	{}	no_observed_value				0
payload.ai_market_snapshot_v1.ai_input_preflight_v1.primary_blocker_category	collected_raw_precursor	none	0	100.0	{}	no_observed_value				0
payload.ai_market_snapshot_v1.ai_input_preflight_v1.quality_warnings.length	collected_raw_precursor	numeric	2545	85.46	"{""max"": 0.0, ""mean"": 0.0, ""min"": 0.0}"	computed_or_insufficient				2545
payload.ai_market_snapshot_v1.ai_input_preflight_v1.schema	collected_raw_precursor	categorical	17025	2.76	"{""ai_input_preflight_v1"": 17025}"	computed_or_insufficient				17025
payload.ai_market_snapshot_v1.ai_input_preflight_v1.simulation_position_reconciled	collected_raw_precursor	categorical	17025	2.76	"{""False"": 17025}"	computed_or_insufficient				17025
payload.ai_market_snapshot_v1.ai_input_preflight_v1.source_allowed	collected_raw_precursor	categorical	17025	2.76	"{""True"": 17025}"	computed_or_insufficient				17025
payload.ai_market_snapshot_v1.ai_input_preflight_v1.source_blocker_evaluation_order.length	collected_raw_precursor	numeric	2545	85.46	"{""max"": 0.0, ""mean"": 0.0, ""min"": 0.0}"	computed_or_insufficient				2545
payload.ai_market_snapshot_v1.ai_input_preflight_v1.source_blockers.length	collected_raw_precursor	numeric	2545	85.46	"{""max"": 0.0, ""mean"": 0.0, ""min"": 0.0}"	computed_or_insufficient				2545
payload.ai_market_snapshot_v1.ai_input_preflight_v1.status	collected_raw_precursor	categorical	17025	2.76	"{""fresh_consistent"": 14387, ""partial"": 2638}"	computed_or_insufficient	0.04398	0.04657	0.00992	17025
payload.ai_market_snapshot_v1.ai_input_preflight_v1.venue_consistent	collected_raw_precursor	categorical	17025	2.76	"{""True"": 17025}"	computed_or_insufficient				17025
payload.ai_market_snapshot_v1.broker_route	collected_raw_precursor	categorical	17025	2.76	"{""NXT"": 4051, ""SOR"": 12974}"	computed_or_insufficient	0.0595	0.06192	0.00883	17025
payload.ai_market_snapshot_v1.broker_route_match_state	collected_raw_precursor	categorical	17025	2.76	"{""matched"": 17025}"	computed_or_insufficient				17025
payload.ai_market_snapshot_v1.captured_at	collected_raw_precursor	categorical	17025	2.76	{}	identity_or_clock				17025
payload.ai_market_snapshot_v1.decision_stage	collected_raw_precursor	categorical	17025	2.76	"{""entry_context"": 17025}"	computed_or_insufficient				17025
payload.ai_market_snapshot_v1.effective_venue	collected_raw_precursor	categorical	17025	2.76	"{""KRX"": 12974, ""KRX_NXT_INTEGRATED"": 3083, ""PREMARKET_KRX_LIKE"": 968}"	computed_or_insufficient	0.06775	0.06905	0.01221	17025
payload.ai_market_snapshot_v1.effective_venue_input	collected_raw_precursor	categorical	17025	2.76	"{""KRX"": 12880, ""KRX_NXT_INTEGRATED"": 3177, ""PREMARKET_KRX_LIKE"": 968}"	computed_or_insufficient	0.06644	0.06783	0.01234	17025
payload.ai_market_snapshot_v1.executable_quote_reanchor.applied	collected_raw_precursor	categorical	17025	2.76	"{""False"": 17023, ""True"": 2}"	computed_or_insufficient	0.00194	0.00225	0.00128	17025
payload.ai_market_snapshot_v1.executable_quote_reanchor.authority	collected_raw_precursor	categorical	17025	2.76	"{""quote_and_current_price_only"": 17025}"	computed_or_insufficient				17025
payload.ai_market_snapshot_v1.executable_quote_reanchor.freshness_state	collected_raw_precursor	categorical	17025	2.76	"{""fresh_ws"": 616, ""not_provided"": 16377, ""rest_enriched"": 3, ""stale"": 29}"	computed_or_insufficient	0.0116	0.00935	0.01064	17025
payload.ai_market_snapshot_v1.executable_quote_reanchor.observed_epoch	collected_raw_precursor	numeric	648	96.3	"{""max"": 1789641234.842, ""mean"": 1789496146.3219295, ""min"": 1789344469.1594}"	identity_or_clock				648
payload.ai_market_snapshot_v1.executable_quote_reanchor.request_code	collected_raw_precursor	categorical	3	99.98	"{""115440"": 1, ""126730"": 1, ""290550"": 1}"	computed_or_insufficient				3
payload.ai_market_snapshot_v1.executable_quote_reanchor.source	collected_raw_precursor	categorical	17025	2.76	"{""ka10004_rest_orderbook"": 3, ""ws"": 17022}"	computed_or_insufficient	0.00212	0.00176	0.00156	17025
payload.ai_market_snapshot_v1.executable_quote_reanchor.tape_or_event_venue_authority	collected_raw_precursor	categorical	17025	2.76	"{""False"": 17025}"	computed_or_insufficient				17025
payload.ai_market_snapshot_v1.integrated_sor_execution_view_only	collected_raw_precursor	categorical	17025	2.76	"{""False"": 13346, ""True"": 3679}"	computed_or_insufficient	0.02045	0.01542	0.02168	17025
payload.ai_market_snapshot_v1.integrated_sor_route_proof	collected_raw_precursor	categorical	17025	2.76	"{""entry_sor_integrated_execution_view"": 3679, ""missing:integrated_candle_route,integrated_realtime_routes"": 9295, ""missing:krx_regular_cohort,sor_broker_route"": 3083, ""missing:krx_regular_cohort,sor_broker_route,integrated_candle_route"": 968}"	computed_or_insufficient	0.0785	0.07747	0.02341	17025
payload.ai_market_snapshot_v1.integrated_sor_route_proven	collected_raw_precursor	categorical	17025	2.76	"{""False"": 13346, ""True"": 3679}"	computed_or_insufficient	0.02045	0.01542	0.02168	17025
payload.ai_market_snapshot_v1.market_data_health.as_of_epoch	collected_raw_precursor	numeric	5016	71.35	"{""max"": 1790159949.063699, ""mean"": 1789850990.8454418, ""min"": 1789609056.1896}"	identity_or_clock				5016
payload.ai_market_snapshot_v1.market_data_health.decision_authority	collected_raw_precursor	categorical	5016	71.35	"{""False"": 5016}"	computed_or_insufficient				5016
payload.ai_market_snapshot_v1.market_data_health.executable_quote_receive_age_ms	collected_raw_precursor	numeric	5016	71.35	"{""max"": 2994.309902191162, ""mean"": 464.67642928690907, ""min"": 5.613088607788086}"	computed_or_insufficient	-0.0926	0.09178	0.00113	5016
payload.ai_market_snapshot_v1.market_data_health.missing_values_imputed	collected_raw_precursor	categorical	5016	71.35	"{""False"": 5016}"	computed_or_insufficient				5016
payload.ai_market_snapshot_v1.market_data_health.quiet_tape_after_ms	collected_raw_precursor	numeric	5016	71.35	"{""max"": 10000.0, ""mean"": 10000.0, ""min"": 10000.0}"	computed_or_insufficient				5016
payload.ai_market_snapshot_v1.market_data_health.quote_max_age_ms	collected_raw_precursor	numeric	5016	71.35	"{""max"": 3000.0, ""mean"": 3000.0, ""min"": 3000.0}"	computed_or_insufficient				5016
payload.ai_market_snapshot_v1.market_data_health.rest_quote	collected_raw_precursor	none	0	100.0	{}	no_observed_value				0
payload.ai_market_snapshot_v1.market_data_health.routes.KRX|krx_only.effective_venue	collected_raw_precursor	categorical	2375	86.44	"{""KRX"": 2375}"	computed_or_insufficient				2375
payload.ai_market_snapshot_v1.market_data_health.routes.KRX|krx_only.item	collected_raw_precursor	categorical	2375	86.44	{}	high_cardinality				2375
payload.ai_market_snapshot_v1.market_data_health.routes.KRX|krx_only.market_data_scope	collected_raw_precursor	categorical	2303	86.85	"{""KRX"": 2303}"	computed_or_insufficient				2303
payload.ai_market_snapshot_v1.market_data_health.routes.KRX|krx_only.market_no_print_proven	collected_raw_precursor	categorical	2375	86.44	"{""False"": 2375}"	computed_or_insufficient				2375
payload.ai_market_snapshot_v1.market_data_health.routes.KRX|krx_only.market_route	collected_raw_precursor	categorical	2375	86.44	"{""krx_only"": 2375}"	computed_or_insufficient				2375
payload.ai_market_snapshot_v1.market_data_health.routes.KRX|krx_only.observation_continuity_proven	collected_raw_precursor	categorical	2375	86.44	"{""False"": 41, ""True"": 2334}"	computed_or_insufficient	0.03017	0.03217	0.00573	2375
payload.ai_market_snapshot_v1.market_data_health.routes.KRX|krx_only.provider_trade_date_basis	collected_raw_precursor	categorical	1228	92.99	"{""local_receive_calendar_date_not_provider_date"": 1228}"	computed_or_insufficient				1228
payload.ai_market_snapshot_v1.market_data_health.routes.KRX|krx_only.provider_trade_time_precision_ms	collected_raw_precursor	numeric	1228	92.99	"{""max"": 1000.0, ""mean"": 1000.0, ""min"": 1000.0}"	computed_or_insufficient				1228
payload.ai_market_snapshot_v1.market_data_health.routes.KRX|krx_only.quiet_episode_count	collected_raw_precursor	numeric	2334	86.67	"{""max"": 2.0, ""mean"": 0.011996572407883462, ""min"": 0.0}"	computed_or_insufficient	-0.00368	0.01052	-0.01939	2334
payload.ai_market_snapshot_v1.market_data_health.routes.KRX|krx_only.quote_receive_age_ms	collected_raw_precursor	numeric	2375	86.44	"{""max"": 2994.309902191162, ""mean"": 414.9837084220513, ""min"": 8.5287}"	computed_or_insufficient	-0.1203	0.11489	0.01518	2375
payload.ai_market_snapshot_v1.market_data_health.routes.KRX|krx_only.quote_state	collected_raw_precursor	categorical	2375	86.44	"{""fresh"": 2375}"	computed_or_insufficient				2375
payload.ai_market_snapshot_v1.market_data_health.routes.KRX|krx_only.trade_activity_state	collected_raw_precursor	categorical	2375	86.44	"{""OBSERVATION_UNPROVEN"": 41, ""RECENT_TRADE"": 2334}"	computed_or_insufficient	0.03017	0.03217	0.00573	2375
payload.ai_market_snapshot_v1.market_data_health.routes.KRX|krx_only.trade_event_age_ms	collected_raw_precursor	numeric	2375	86.44	"{""max"": 46052.2206, ""mean"": 1667.9836759617565, ""min"": 80.1201}"	computed_or_insufficient	-0.02223	0.02168	0.00154	2375
payload.ai_market_snapshot_v1.market_data_health.routes.KRX|krx_only.trade_receive_age_ms	collected_raw_precursor	numeric	2375	86.44	"{""max"": 3304.8367500305176, ""mean"": 731.1689822780788, ""min"": 5.613088607788086}"	computed_or_insufficient	-0.10678	0.09683	0.02807	2375
payload.ai_market_snapshot_v1.market_data_health.routes.KRX|krx_only.transport_epoch	collected_raw_precursor	numeric	2375	86.44	"{""max"": 2.0, ""mean"": 1.0210526315789474, ""min"": 1.0}"	identity_or_clock				2375
payload.ai_market_snapshot_v1.market_data_health.routes.KRX|krx_only.underlying_event_venue_proven	collected_raw_precursor	categorical	2303	86.85	"{""True"": 2303}"	computed_or_insufficient				2303
payload.ai_market_snapshot_v1.market_data_health.routes._AL|krx_nxt_integrated.effective_venue	collected_raw_precursor	categorical	2765	84.21	"{""UNKNOWN"": 2765}"	computed_or_insufficient				2765
payload.ai_market_snapshot_v1.market_data_health.routes._AL|krx_nxt_integrated.item	collected_raw_precursor	categorical	2765	84.21	{}	high_cardinality				2765
payload.ai_market_snapshot_v1.market_data_health.routes._AL|krx_nxt_integrated.market_data_scope	collected_raw_precursor	categorical	2726	84.43	"{""KRX_NXT_INTEGRATED"": 2725, ""UNKNOWN"": 1}"	computed_or_insufficient	0.02277	0.02149	0.00327	2726
payload.ai_market_snapshot_v1.market_data_health.routes._AL|krx_nxt_integrated.market_no_print_proven	collected_raw_precursor	categorical	2765	84.21	"{""False"": 2765}"	computed_or_insufficient				2765
payload.ai_market_snapshot_v1.market_data_health.routes._AL|krx_nxt_integrated.market_route	collected_raw_precursor	categorical	2765	84.21	"{""krx_nxt_integrated"": 2765}"	computed_or_insufficient				2765
payload.ai_market_snapshot_v1.market_data_health.routes._AL|krx_nxt_integrated.observation_continuity_proven	collected_raw_precursor	categorical	2765	84.21	"{""False"": 144, ""True"": 2621}"	computed_or_insufficient	0.04117	0.03101	0.02978	2765
payload.ai_market_snapshot_v1.market_data_health.routes._AL|krx_nxt_integrated.provider_trade_date_basis	collected_raw_precursor	categorical	1841	89.49	"{""local_receive_calendar_date_not_provider_date"": 1841}"	computed_or_insufficient				1841
payload.ai_market_snapshot_v1.market_data_health.routes._AL|krx_nxt_integrated.provider_trade_time_precision_ms	collected_raw_precursor	numeric	1841	89.49	"{""max"": 1000.0, ""mean"": 1000.0, ""min"": 1000.0}"	computed_or_insufficient				1841
payload.ai_market_snapshot_v1.market_data_health.routes._AL|krx_nxt_integrated.quiet_episode_count	collected_raw_precursor	numeric	2621	85.03	"{""max"": 2.0, ""mean"": 0.022892025944296072, ""min"": 0.0}"	computed_or_insufficient	-0.01968	0.01823	0.00383	2621
payload.ai_market_snapshot_v1.market_data_health.routes._AL|krx_nxt_integrated.quote_receive_age_ms	collected_raw_precursor	numeric	2765	84.21	"{""max"": 197911.19027137756, ""mean"": 619.6372590836107, ""min"": 7.1757}"	computed_or_insufficient	0.00854	-0.00754	-0.00282	2765
payload.ai_market_snapshot_v1.market_data_health.routes._AL|krx_nxt_integrated.quote_state	collected_raw_precursor	categorical	2765	84.21	"{""fresh"": 2764, ""stale"": 1}"	computed_or_insufficient	0.02234	0.02111	0.00322	2765
payload.ai_market_snapshot_v1.market_data_health.routes._AL|krx_nxt_integrated.trade_activity_state	collected_raw_precursor	categorical	2765	84.21	"{""OBSERVATION_UNPROVEN"": 144, ""RECENT_TRADE"": 2621}"	computed_or_insufficient	0.04117	0.03101	0.02978	2765
payload.ai_market_snapshot_v1.market_data_health.routes._AL|krx_nxt_integrated.trade_event_age_ms	collected_raw_precursor	numeric	2764	84.21	"{""max"": 74523.0987, ""mean"": 1835.5131973899381, ""min"": 92.8950309753418}"	computed_or_insufficient	-0.03088	0.0385	-0.0237	2764
payload.ai_market_snapshot_v1.market_data_health.routes._AL|krx_nxt_integrated.trade_receive_age_ms	collected_raw_precursor	numeric	2764	84.21	"{""max"": 2996.1719512939453, ""mean"": 1009.2257778062913, ""min"": 11.1358}"	computed_or_insufficient	-0.03781	0.04798	-0.0316	2764
payload.ai_market_snapshot_v1.market_data_health.routes._AL|krx_nxt_integrated.transport_epoch	collected_raw_precursor	numeric	2765	84.21	"{""max"": 2.0, ""mean"": 1.0383363471971068, ""min"": 1.0}"	identity_or_clock				2765
payload.ai_market_snapshot_v1.market_data_health.routes._AL|krx_nxt_integrated.underlying_event_venue_proven	collected_raw_precursor	categorical	2726	84.43	"{""False"": 2726}"	computed_or_insufficient				2726
payload.ai_market_snapshot_v1.market_data_health.schema	collected_raw_precursor	categorical	5016	71.35	"{""kiwoom_market_data_health_v1"": 5016}"	computed_or_insufficient				5016
payload.ai_market_snapshot_v1.market_data_health.transport_receive_age_ms	collected_raw_precursor	numeric	5016	71.35	"{""max"": 2984.4532, ""mean"": 433.27754075005305, ""min"": 5.613088607788086}"	computed_or_insufficient	-0.0965	0.09288	0.00925	5016
payload.ai_market_snapshot_v1.market_data_route	collected_raw_precursor	categorical	17025	2.76	"{""krx_nxt_integrated"": 7730, ""krx_only"": 9295}"	computed_or_insufficient	0.06779	0.0657	0.01037	17025
payload.ai_market_snapshot_v1.max_source_skew_ms	collected_raw_precursor	numeric	17025	2.76	"{""max"": 2916.658, ""mean"": 384.3415333333344, ""min"": 0.0}"	computed_or_insufficient	-0.02163	0.0235	-0.00737	17025
payload.ai_market_snapshot_v1.nxt_integrated_execution_view_only	collected_raw_precursor	categorical	17025	2.76	"{""False"": 17025}"	computed_or_insufficient				17025
payload.ai_market_snapshot_v1.nxt_integrated_execution_view_proof	collected_raw_precursor	categorical	17025	2.76	"{""removed:_AL_does_not_prove_NXT"": 17025}"	computed_or_insufficient				17025
payload.ai_market_snapshot_v1.nxt_integrated_execution_view_proven	collected_raw_precursor	categorical	17025	2.76	"{""False"": 17025}"	computed_or_insufficient				17025
payload.ai_market_snapshot_v1.observation_contract.decision_authority	collected_raw_precursor	categorical	17025	2.76	"{""provider_call_fail_closed_only"": 17025}"	computed_or_insufficient				17025
payload.ai_market_snapshot_v1.observation_contract.forbidden_uses.contains:broker_guard_bypass	collected_raw_precursor	categorical	17025	2.76	"{""False"": 0, ""True"": 17025}"	computed_or_insufficient	0.0	0.0	0.0	17025
payload.ai_market_snapshot_v1.observation_contract.forbidden_uses.contains:cross_venue_tuning	collected_raw_precursor	categorical	17025	2.76	"{""False"": 0, ""True"": 17025}"	computed_or_insufficient	0.0	0.0	0.0	17025
payload.ai_market_snapshot_v1.observation_contract.forbidden_uses.contains:provider_or_model_change	collected_raw_precursor	categorical	17025	2.76	"{""False"": 0, ""True"": 17025}"	computed_or_insufficient	0.0	0.0	0.0	17025
payload.ai_market_snapshot_v1.observation_contract.forbidden_uses.contains:standalone_buy_hold_or_exit_authority	collected_raw_precursor	categorical	17025	2.76	"{""False"": 0, ""True"": 17025}"	computed_or_insufficient	0.0	0.0	0.0	17025
payload.ai_market_snapshot_v1.observation_contract.forbidden_uses.contains:threshold_price_or_quantity_change	collected_raw_precursor	categorical	17025	2.76	"{""False"": 0, ""True"": 17025}"	computed_or_insufficient	0.0	0.0	0.0	17025
payload.ai_market_snapshot_v1.observation_contract.forbidden_uses.contains:underlying_event_venue_inference	collected_raw_precursor	categorical	17025	2.76	"{""False"": 0, ""True"": 17025}"	computed_or_insufficient	0.0	0.0	0.0	17025
payload.ai_market_snapshot_v1.observation_contract.forbidden_uses.length	collected_raw_precursor	numeric	17025	2.76	"{""max"": 6.0, ""mean"": 6.0, ""min"": 6.0}"	computed_or_insufficient				17025
payload.ai_market_snapshot_v1.observation_contract.metric_role	collected_raw_precursor	categorical	17025	2.76	"{""ai_input_source_quality"": 17025}"	computed_or_insufficient				17025
payload.ai_market_snapshot_v1.observation_contract.primary_decision_metric	collected_raw_precursor	categorical	17025	2.76	"{""ai_input_preflight_status"": 17025}"	computed_or_insufficient				17025
payload.ai_market_snapshot_v1.observation_contract.sample_floor	collected_raw_precursor	categorical	17025	2.76	"{""one_exact_provenance_row_per_venue_session_decision_point"": 17025}"	computed_or_insufficient				17025
payload.ai_market_snapshot_v1.observation_contract.source_quality_gate	collected_raw_precursor	categorical	17025	2.76	"{""fresh_conflict_free_exact_venue_or_bounded_sor_execution_view_provenance"": 17025}"	computed_or_insufficient				17025
payload.ai_market_snapshot_v1.observation_contract.window_policy	collected_raw_precursor	categorical	17025	2.76	"{""exact_decision_snapshot"": 17025}"	computed_or_insufficient				17025
payload.ai_market_snapshot_v1.position_reconciliation_mode	collected_raw_precursor	categorical	17025	2.76	"{""not_required"": 17025}"	computed_or_insufficient				17025
payload.ai_market_snapshot_v1.quality	collected_raw_precursor	categorical	17025	2.76	"{""fresh_consistent"": 14387, ""partial"": 2638}"	computed_or_insufficient	0.04398	0.04657	0.00992	17025
payload.ai_market_snapshot_v1.realtime_type_provenance.0B.actual_execution_venue	collected_raw_precursor	categorical	17025	2.76	"{""UNKNOWN"": 17025}"	computed_or_insufficient				17025
payload.ai_market_snapshot_v1.realtime_type_provenance.0B.age_ms	collected_raw_precursor	numeric	17025	2.76	"{""max"": 2998.317, ""mean"": 692.9911368575613, ""min"": 4.31}"	computed_or_insufficient	-0.06994	0.06699	0.01404	17025
payload.ai_market_snapshot_v1.realtime_type_provenance.0B.effective_venue	collected_raw_precursor	categorical	10670	39.06	"{"""": 1375, ""KRX"": 9295}"	computed_or_insufficient	0.23963	0.21737	0.08975	10670
payload.ai_market_snapshot_v1.realtime_type_provenance.0B.item	collected_raw_precursor	categorical	17025	2.76	{}	high_cardinality				17025
payload.ai_market_snapshot_v1.realtime_type_provenance.0B.market_route	collected_raw_precursor	categorical	17025	2.76	"{""krx_nxt_integrated"": 7730, ""krx_only"": 9295}"	computed_or_insufficient	0.06779	0.0657	0.01037	17025
payload.ai_market_snapshot_v1.realtime_type_provenance.0B.market_suffix	collected_raw_precursor	categorical	8900	49.17	"{"""": 1170, ""_AL"": 7730}"	computed_or_insufficient	0.15912	0.13087	0.10062	8900
payload.ai_market_snapshot_v1.realtime_type_provenance.0B.observed_at	collected_raw_precursor	categorical	17025	2.76	{}	identity_or_clock				17025
payload.ai_market_snapshot_v1.realtime_type_provenance.0B.observed_epoch	collected_raw_precursor	numeric	17025	2.76	"{""max"": 1790159947.854702, ""mean"": 1789580682.7905848, ""min"": 1789341991.5957}"	identity_or_clock				17025
payload.ai_market_snapshot_v1.realtime_type_provenance.0B.quality	collected_raw_precursor	categorical	17025	2.76	"{""fresh"": 17025}"	computed_or_insufficient				17025
payload.ai_market_snapshot_v1.realtime_type_provenance.0B.realtime_type	collected_raw_precursor	categorical	17025	2.76	"{""0B"": 17025}"	computed_or_insufficient				17025
payload.ai_market_snapshot_v1.realtime_type_provenance.0D.actual_execution_venue	collected_raw_precursor	categorical	17025	2.76	"{""UNKNOWN"": 17025}"	computed_or_insufficient				17025
payload.ai_market_snapshot_v1.realtime_type_provenance.0D.age_ms	collected_raw_precursor	numeric	17025	2.76	"{""max"": 2994.31, ""mean"": 352.92513844346524, ""min"": 4.465}"	computed_or_insufficient	-0.07566	0.06979	0.02645	17025
payload.ai_market_snapshot_v1.realtime_type_provenance.0D.effective_venue	collected_raw_precursor	categorical	10670	39.06	"{"""": 1375, ""KRX"": 9295}"	computed_or_insufficient	0.23963	0.21737	0.08975	10670
payload.ai_market_snapshot_v1.realtime_type_provenance.0D.item	collected_raw_precursor	categorical	17025	2.76	{}	high_cardinality				17025
payload.ai_market_snapshot_v1.realtime_type_provenance.0D.market_route	collected_raw_precursor	categorical	17025	2.76	"{""krx_nxt_integrated"": 7730, ""krx_only"": 9295}"	computed_or_insufficient	0.06779	0.0657	0.01037	17025
payload.ai_market_snapshot_v1.realtime_type_provenance.0D.market_suffix	collected_raw_precursor	categorical	8900	49.17	"{"""": 1170, ""_AL"": 7730}"	computed_or_insufficient	0.15912	0.13087	0.10062	8900
payload.ai_market_snapshot_v1.realtime_type_provenance.0D.observed_at	collected_raw_precursor	categorical	17025	2.76	{}	identity_or_clock				17025
payload.ai_market_snapshot_v1.realtime_type_provenance.0D.observed_epoch	collected_raw_precursor	numeric	17025	2.76	"{""max"": 1790159948.054, ""mean"": 1789580683.130646, ""min"": 1789341991.696}"	identity_or_clock				17025
payload.ai_market_snapshot_v1.realtime_type_provenance.0D.quality	collected_raw_precursor	categorical	17025	2.76	"{""fresh"": 17025}"	computed_or_insufficient				17025
payload.ai_market_snapshot_v1.realtime_type_provenance.0D.realtime_type	collected_raw_precursor	categorical	17025	2.76	"{""0D"": 17025}"	computed_or_insufficient				17025
payload.ai_market_snapshot_v1.required_sources.contains:bbo	collected_raw_precursor	categorical	17025	2.76	"{""False"": 0, ""True"": 17025}"	computed_or_insufficient	0.0	0.0	0.0	17025
payload.ai_market_snapshot_v1.required_sources.contains:candle	collected_raw_precursor	categorical	17025	2.76	"{""False"": 0, ""True"": 17025}"	computed_or_insufficient	0.0	0.0	0.0	17025
payload.ai_market_snapshot_v1.required_sources.contains:current_price	collected_raw_precursor	categorical	17025	2.76	"{""False"": 0, ""True"": 17025}"	computed_or_insufficient	0.0	0.0	0.0	17025
payload.ai_market_snapshot_v1.required_sources.contains:tape	collected_raw_precursor	categorical	17025	2.76	"{""False"": 0, ""True"": 17025}"	computed_or_insufficient	0.0	0.0	0.0	17025
payload.ai_market_snapshot_v1.required_sources.length	collected_raw_precursor	numeric	17025	2.76	"{""max"": 4.0, ""mean"": 4.0, ""min"": 4.0}"	computed_or_insufficient				17025
payload.ai_market_snapshot_v1.route_partition.excluded_optional_sources.contains:program_route_mismatch	collected_raw_precursor	categorical	2568	85.33	"{""False"": 2544, ""True"": 24}"	computed_or_insufficient	0.08002	0.06611	0.02261	2568
payload.ai_market_snapshot_v1.route_partition.excluded_optional_sources.length	collected_raw_precursor	numeric	2568	85.33	"{""max"": 1.0, ""mean"": 0.009345794392523364, ""min"": 0.0}"	computed_or_insufficient	0.08002	-0.06611	-0.02261	2568
payload.ai_market_snapshot_v1.route_partition.reason	collected_raw_precursor	categorical	17025	2.76	"{""candle_route_exact_0b_0d_partition"": 17025}"	computed_or_insufficient				17025
payload.ai_market_snapshot_v1.route_partition.selected_key	collected_raw_precursor	categorical	17025	2.76	"{""KRX|krx_only"": 9295, ""_AL|krx_nxt_integrated"": 7730}"	computed_or_insufficient	0.06779	0.0657	0.01037	17025
payload.ai_market_snapshot_v1.route_partition.used	collected_raw_precursor	categorical	17025	2.76	"{""True"": 17025}"	computed_or_insufficient				17025
payload.ai_market_snapshot_v1.runtime_preflight_artifact.artifact	collected_raw_precursor	categorical	17025	2.76	{}	high_cardinality				17025
payload.ai_market_snapshot_v1.runtime_preflight_artifact.artifact_mtime	collected_raw_precursor	numeric	2545	85.46	"{""max"": 1784811634.5190814, ""mean"": 1784811634.5190642, ""min"": 1784811634.5190814}"	computed_or_insufficient				2545
payload.ai_market_snapshot_v1.runtime_preflight_artifact.artifact_sha256	collected_raw_precursor	categorical	2545	85.46	"{""27e607109fc1dbf4120b9d86c161b2e0773cc38ca58b6a712662bf06d91b8343"": 2545}"	identity_or_clock				2545
payload.ai_market_snapshot_v1.runtime_preflight_artifact.mode	collected_raw_precursor	categorical	17025	2.76	"{""baseline_v1"": 2545, ""exact_v2"": 14480}"	computed_or_insufficient	0.25526	0.22394	0.13777	17025
payload.ai_market_snapshot_v1.runtime_preflight_artifact.not_ready_rows.length	collected_raw_precursor	numeric	2545	85.46	"{""max"": 0.0, ""mean"": 0.0, ""min"": 0.0}"	computed_or_insufficient				2545
payload.ai_market_snapshot_v1.runtime_preflight_artifact.process_started_at	collected_raw_precursor	numeric	2545	85.46	"{""max"": 1790159151.2560947, ""mean"": 1790068658.7531564, ""min"": 1789961990.811573}"	identity_or_clock				2545
payload.ai_market_snapshot_v1.runtime_preflight_artifact.promotion_mode	collected_raw_precursor	categorical	14480	17.3	"{""operator_directed_full_promotion"": 14480}"	identity_or_clock				14480
payload.ai_market_snapshot_v1.runtime_preflight_artifact.promotion_sha256	collected_raw_precursor	categorical	14480	17.3	"{""f5e8df9127ce9ddd3a7c61a4f10e6fd3227080cd67bef95a328c87d69685abd8"": 14480}"	identity_or_clock				14480
payload.ai_market_snapshot_v1.runtime_preflight_artifact.ready	collected_raw_precursor	categorical	17025	2.76	"{""True"": 17025}"	computed_or_insufficient				17025
payload.ai_market_snapshot_v1.runtime_preflight_artifact.status	collected_raw_precursor	categorical	17025	2.76	"{""ready_baseline_v1"": 2545, ""ready_operator_directed_exact_v2"": 14480}"	computed_or_insufficient	0.25526	0.22394	0.13777	17025
payload.ai_market_snapshot_v1.runtime_preflight_artifact.target_date	collected_raw_precursor	categorical	17025	2.76	"{""2026-07-23"": 2545, ""2026-09-14"": 2960, ""2026-09-15"": 3484, ""2026-09-16"": 4694, ""2026-09-17"": 3342}"	computed_or_insufficient	0.26129	0.23007	0.13871	17025
payload.ai_market_snapshot_v1.runtime_preflight_artifact.validation_gate_bypassed	collected_raw_precursor	categorical	14480	17.3	"{""True"": 14480}"	computed_or_insufficient				14480
payload.ai_market_snapshot_v1.runtime_preflight_mode	collected_raw_precursor	categorical	17025	2.76	"{""baseline_v1"": 2545, ""exact_v2"": 14480}"	computed_or_insufficient	0.25526	0.22394	0.13777	17025
payload.ai_market_snapshot_v1.schema	collected_raw_precursor	categorical	17025	2.76	"{""ai_market_snapshot_v1"": 17025}"	computed_or_insufficient				17025
payload.ai_market_snapshot_v1.session_bucket	collected_raw_precursor	categorical	17025	2.76	"{""krx_nxt_aftermarket"": 3083, ""krx_regular"": 12974, ""premarket_krx_like"": 968}"	computed_or_insufficient	0.06775	0.06905	0.01221	17025
payload.ai_market_snapshot_v1.simulation_position_reconciled	collected_raw_precursor	categorical	17025	2.76	"{""False"": 17025}"	computed_or_insufficient				17025
payload.ai_market_snapshot_v1.snapshot_id	collected_raw_precursor	categorical	17025	2.76	{}	identity_or_clock				17025
payload.ai_market_snapshot_v1.sources.bbo.age_ms	collected_raw_precursor	numeric	17025	2.76	"{""max"": 2994.31, ""mean"": 349.2907080763581, ""min"": 4.465}"	computed_or_insufficient	-0.07092	0.06586	0.02294	17025
payload.ai_market_snapshot_v1.sources.bbo.depth_observed_at	collected_raw_precursor	categorical	352	97.99	{}	identity_or_clock				352
payload.ai_market_snapshot_v1.sources.bbo.freshness_limit_ms	collected_raw_precursor	numeric	17025	2.76	"{""max"": 3000.0, ""mean"": 3000.0, ""min"": 3000.0}"	computed_or_insufficient				17025
payload.ai_market_snapshot_v1.sources.bbo.market_route	collected_raw_precursor	categorical	17025	2.76	"{""krx_nxt_integrated"": 7730, ""krx_only"": 9295}"	computed_or_insufficient	0.06779	0.0657	0.01037	17025
payload.ai_market_snapshot_v1.sources.bbo.market_suffix	collected_raw_precursor	categorical	7730	55.85	"{""_AL"": 7730}"	computed_or_insufficient				7730
payload.ai_market_snapshot_v1.sources.bbo.missing_reason	collected_raw_precursor	none	0	100.0	{}	no_observed_value				0
payload.ai_market_snapshot_v1.sources.bbo.observed_at	collected_raw_precursor	categorical	17025	2.76	{}	identity_or_clock				17025
payload.ai_market_snapshot_v1.sources.bbo.quality	collected_raw_precursor	categorical	17025	2.76	"{""fresh"": 17025}"	computed_or_insufficient				17025
payload.ai_market_snapshot_v1.sources.bbo.quote_source_receipt.best_ask	collected_raw_precursor	numeric	352	97.99	"{""max"": 1916000.0, ""mean"": 79445.42613636363, ""min"": 1049.0}"	computed_or_insufficient	-0.02793	0.04482	-0.03312	352
payload.ai_market_snapshot_v1.sources.bbo.quote_source_receipt.best_bid	collected_raw_precursor	numeric	352	97.99	"{""max"": 1915000.0, ""mean"": 79359.95170454546, ""min"": 1048.0}"	computed_or_insufficient	-0.0279	0.04481	-0.03314	352
payload.ai_market_snapshot_v1.sources.bbo.quote_source_receipt.depth_receipt.item	collected_raw_precursor	categorical	352	97.99	{}	high_cardinality				352
payload.ai_market_snapshot_v1.sources.bbo.quote_source_receipt.depth_receipt.market_route	collected_raw_precursor	categorical	352	97.99	"{""krx_nxt_integrated"": 168, ""krx_only"": 184}"	computed_or_insufficient	0.08528	0.05692	0.0344	352
payload.ai_market_snapshot_v1.sources.bbo.quote_source_receipt.depth_receipt.observed_epoch	collected_raw_precursor	numeric	352	97.99	"{""max"": 1790154190.022, ""mean"": 1790086576.4074342, ""min"": 1789977323.948}"	identity_or_clock				352
payload.ai_market_snapshot_v1.sources.bbo.quote_source_receipt.depth_receipt.transport_epoch	collected_raw_precursor	numeric	352	97.99	"{""max"": 2.0, ""mean"": 1.0482954545454546, ""min"": 1.0}"	identity_or_clock				352
payload.ai_market_snapshot_v1.sources.bbo.quote_source_receipt.item	collected_raw_precursor	categorical	352	97.99	{}	high_cardinality				352
payload.ai_market_snapshot_v1.sources.bbo.quote_source_receipt.market_route	collected_raw_precursor	categorical	352	97.99	"{""krx_nxt_integrated"": 168, ""krx_only"": 184}"	computed_or_insufficient	0.08528	0.05692	0.0344	352
payload.ai_market_snapshot_v1.sources.bbo.quote_source_receipt.observed_epoch	collected_raw_precursor	numeric	352	97.99	"{""max"": 1790154190.1105998, ""mean"": 1790086576.5816538, ""min"": 1789977325.4769893}"	identity_or_clock				352
payload.ai_market_snapshot_v1.sources.bbo.quote_source_receipt.route_sequence	collected_raw_precursor	numeric	352	97.99	"{""max"": 56293.0, ""mean"": 2857.536931818182, ""min"": 3.0}"	computed_or_insufficient	0.08517	-0.04968	-0.04651	352
payload.ai_market_snapshot_v1.sources.bbo.quote_source_receipt.source_type	collected_raw_precursor	categorical	352	97.99	"{""0B"": 352}"	computed_or_insufficient				352
payload.ai_market_snapshot_v1.sources.bbo.quote_source_receipt.transport_epoch	collected_raw_precursor	numeric	352	97.99	"{""max"": 2.0, ""mean"": 1.0482954545454546, ""min"": 1.0}"	identity_or_clock				352
payload.ai_market_snapshot_v1.sources.bbo.source	collected_raw_precursor	categorical	17025	2.76	"{""ka10004_rest_orderbook"": 2, ""ws_0B_inline_quote"": 352, ""ws_0D"": 16671}"	computed_or_insufficient	0.10821	0.08926	0.08237	17025
payload.ai_market_snapshot_v1.sources.bbo.value.best_ask	collected_raw_precursor	numeric	17025	2.76	"{""max"": 1916000.0, ""mean"": 38815.96511013216, ""min"": 976.0}"	computed_or_insufficient	-0.06303	0.06115	0.00934	17025
payload.ai_market_snapshot_v1.sources.bbo.value.best_bid	collected_raw_precursor	numeric	17025	2.76	"{""max"": 1915000.0, ""mean"": 38631.51982378855, ""min"": 952.0}"	computed_or_insufficient	-0.06323	0.06133	0.00943	17025
payload.ai_market_snapshot_v1.sources.broker_position.age_ms	collected_raw_precursor	numeric	17025	2.76	"{""max"": 392426.674, ""mean"": 24942.015465903198, ""min"": 75.248}"	computed_or_insufficient	-0.02189	0.0202	0.00762	17025
payload.ai_market_snapshot_v1.sources.broker_position.freshness_limit_ms	collected_raw_precursor	numeric	17025	2.76	"{""max"": 60000.0, ""mean"": 60000.0, ""min"": 60000.0}"	computed_or_insufficient				17025
payload.ai_market_snapshot_v1.sources.broker_position.market_route	collected_raw_precursor	categorical	17025	2.76	"{""NXT"": 4051, ""SOR"": 12974}"	computed_or_insufficient	0.0595	0.06192	0.00883	17025
payload.ai_market_snapshot_v1.sources.broker_position.market_suffix	collected_raw_precursor	none	0	100.0	{}	no_observed_value				0
payload.ai_market_snapshot_v1.sources.broker_position.missing_reason	collected_raw_precursor	categorical	4	99.98	"{""broker_position_snapshot_missing"": 4}"	computed_or_insufficient				4
payload.ai_market_snapshot_v1.sources.broker_position.observed_at	collected_raw_precursor	categorical	17025	2.76	{}	identity_or_clock				17025
payload.ai_market_snapshot_v1.sources.broker_position.quality	collected_raw_precursor	categorical	17025	2.76	"{""fresh"": 16866, ""missing"": 4, ""stale"": 155}"	computed_or_insufficient	0.01727	0.01497	0.01016	17025
payload.ai_market_snapshot_v1.sources.broker_position.source	collected_raw_precursor	categorical	17025	2.76	"{""account_sync_shared_snapshot"": 17025}"	computed_or_insufficient				17025
payload.ai_market_snapshot_v1.sources.broker_position.value	collected_raw_precursor	numeric	17021	2.79	"{""max"": 0.0, ""mean"": 0.0, ""min"": 0.0}"	computed_or_insufficient				17021
payload.ai_market_snapshot_v1.sources.broker_position.verification	collected_raw_precursor	categorical	17021	2.79	"{""verified_absent"": 17021}"	computed_or_insufficient				17021
payload.ai_market_snapshot_v1.sources.candle.age_ms	collected_raw_precursor	numeric	17025	2.76	"{""max"": 73268.448, ""mean"": 32421.026219441657, ""min"": 857.501}"	computed_or_insufficient	-0.00987	0.01179	-0.00784	17025
payload.ai_market_snapshot_v1.sources.candle.freshness_limit_ms	collected_raw_precursor	numeric	17025	2.76	"{""max"": 90000.0, ""mean"": 90000.0, ""min"": 90000.0}"	computed_or_insufficient				17025
payload.ai_market_snapshot_v1.sources.candle.market_route	collected_raw_precursor	categorical	17025	2.76	"{""krx_nxt_integrated"": 7730, ""krx_only"": 9295}"	computed_or_insufficient	0.06779	0.0657	0.01037	17025
payload.ai_market_snapshot_v1.sources.candle.market_suffix	collected_raw_precursor	categorical	7730	55.85	"{""_AL"": 7730}"	computed_or_insufficient				7730
payload.ai_market_snapshot_v1.sources.candle.missing_reason	collected_raw_precursor	none	0	100.0	{}	no_observed_value				0
payload.ai_market_snapshot_v1.sources.candle.observed_at	collected_raw_precursor	categorical	17025	2.76	{}	identity_or_clock				17025
payload.ai_market_snapshot_v1.sources.candle.quality	collected_raw_precursor	categorical	17025	2.76	"{""fresh"": 17025}"	computed_or_insufficient				17025
payload.ai_market_snapshot_v1.sources.candle.source	collected_raw_precursor	categorical	17025	2.76	"{""session_candle_source"": 17025}"	computed_or_insufficient				17025
payload.ai_market_snapshot_v1.sources.candle.value.schema	collected_raw_precursor	categorical	17025	2.76	"{""entry_candle_context_v1"": 17025}"	computed_or_insufficient				17025
payload.ai_market_snapshot_v1.sources.candle.value.status	collected_raw_precursor	categorical	17025	2.76	"{""fresh_consistent"": 17025}"	computed_or_insufficient				17025
payload.ai_market_snapshot_v1.sources.current_price.age_ms	collected_raw_precursor	numeric	17025	2.76	"{""max"": 2998.317, ""mean"": 692.929556123347, ""min"": 4.31}"	computed_or_insufficient	-0.06999	0.06703	0.01405	17025
payload.ai_market_snapshot_v1.sources.current_price.freshness_limit_ms	collected_raw_precursor	numeric	17025	2.76	"{""max"": 3000.0, ""mean"": 3000.0, ""min"": 3000.0}"	computed_or_insufficient				17025
payload.ai_market_snapshot_v1.sources.current_price.market_route	collected_raw_precursor	categorical	17025	2.76	"{""krx_nxt_integrated"": 7730, ""krx_only"": 9295}"	computed_or_insufficient	0.06779	0.0657	0.01037	17025
payload.ai_market_snapshot_v1.sources.current_price.market_suffix	collected_raw_precursor	categorical	7730	55.85	"{""_AL"": 7730}"	computed_or_insufficient				7730
payload.ai_market_snapshot_v1.sources.current_price.missing_reason	collected_raw_precursor	none	0	100.0	{}	no_observed_value				0
payload.ai_market_snapshot_v1.sources.current_price.observed_at	collected_raw_precursor	categorical	17025	2.76	{}	identity_or_clock				17025
payload.ai_market_snapshot_v1.sources.current_price.quality	collected_raw_precursor	categorical	17025	2.76	"{""fresh"": 17025}"	computed_or_insufficient				17025
payload.ai_market_snapshot_v1.sources.current_price.source	collected_raw_precursor	categorical	17025	2.76	"{""ka10004_rest_orderbook"": 2, ""ws_0B"": 17023}"	computed_or_insufficient	0.00194	0.00225	0.00128	17025
payload.ai_market_snapshot_v1.sources.current_price.value	collected_raw_precursor	numeric	17025	2.76	"{""max"": 1915500.0, ""mean"": 38660.316475770924, ""min"": 949.0}"	computed_or_insufficient	-0.06327	0.06137	0.00946	17025
payload.ai_market_snapshot_v1.sources.investor.age_ms	collected_raw_precursor	numeric	16058	8.29	"{""max"": 34512.566, ""mean"": 469.59984668078, ""min"": 0.0}"	computed_or_insufficient	-0.10376	0.08428	0.08353	16058
payload.ai_market_snapshot_v1.sources.investor.freshness_limit_ms	collected_raw_precursor	numeric	17025	2.76	"{""max"": 60000.0, ""mean"": 60000.0, ""min"": 60000.0}"	computed_or_insufficient				17025
payload.ai_market_snapshot_v1.sources.investor.market_route	collected_raw_precursor	categorical	17025	2.76	"{""krx_nxt_integrated"": 7729, ""krx_only"": 9295, ""nxt_only"": 1}"	computed_or_insufficient	0.06815	0.06605	0.01041	17025
payload.ai_market_snapshot_v1.sources.investor.market_suffix	collected_raw_precursor	categorical	7730	55.85	"{""_AL"": 7729, ""_NX"": 1}"	computed_or_insufficient	0.01026	0.00995	0.0014	7730
payload.ai_market_snapshot_v1.sources.investor.missing_reason	collected_raw_precursor	categorical	967	94.48	"{""investor_source_missing"": 967}"	computed_or_insufficient				967
payload.ai_market_snapshot_v1.sources.investor.observed_at	collected_raw_precursor	categorical	16058	8.29	{}	identity_or_clock				16058
payload.ai_market_snapshot_v1.sources.investor.quality	collected_raw_precursor	categorical	17025	2.76	"{""fresh"": 16058, ""missing"": 967}"	computed_or_insufficient	0.00275	5e-05	0.01143	17025
payload.ai_market_snapshot_v1.sources.investor.source	collected_raw_precursor	categorical	17025	2.76	"{""ka10059_process_cache_or_live"": 16058, ""runtime_context"": 967}"	computed_or_insufficient	0.00275	5e-05	0.01143	17025
payload.ai_market_snapshot_v1.sources.investor.value	collected_raw_precursor	none	0	100.0	{}	no_observed_value				0
payload.ai_market_snapshot_v1.sources.investor.value.fin_net	collected_raw_precursor	numeric	16058	8.29	"{""max"": 947520.0, ""mean"": 640.2771827126666, ""min"": -1040219.0}"	computed_or_insufficient	-0.01974	0.01834	0.00629	16058
payload.ai_market_snapshot_v1.sources.investor.value.foreign_net	collected_raw_precursor	numeric	16058	8.29	"{""max"": 4511627.0, ""mean"": 26261.96493959397, ""min"": -3595382.0}"	computed_or_insufficient	0.00722	-0.00681	-0.00191	16058
payload.ai_market_snapshot_v1.sources.investor.value.inst_net	collected_raw_precursor	numeric	16058	8.29	"{""max"": 1856000.0, ""mean"": 20479.799601444764, ""min"": -1583357.0}"	computed_or_insufficient	-0.00678	0.00558	0.00516	16058
payload.ai_market_snapshot_v1.sources.investor.value.pension_net	collected_raw_precursor	numeric	16058	8.29	"{""max"": 606984.0, ""mean"": 3547.4661850790885, ""min"": -424031.0}"	computed_or_insufficient	-0.01353	0.01237	0.00512	16058
payload.ai_market_snapshot_v1.sources.investor.value.private_net	collected_raw_precursor	numeric	16058	8.29	"{""max"": 237395.0, ""mean"": 1369.3293062647901, ""min"": -448599.0}"	computed_or_insufficient	-0.01419	0.01248	0.00742	16058
payload.ai_market_snapshot_v1.sources.investor.value.request_code	collected_raw_precursor	categorical	16058	8.29	{}	high_cardinality				16058
payload.ai_market_snapshot_v1.sources.investor.value.retail_net	collected_raw_precursor	numeric	16058	8.29	"{""max"": 5165062.0, ""mean"": -21660.915867480384, ""min"": -7580648.0}"	computed_or_insufficient	-0.00717	0.00654	0.00278	16058
payload.ai_market_snapshot_v1.sources.investor.value.smart_money_net	collected_raw_precursor	numeric	16058	8.29	"{""max"": 5852081.0, ""mean"": 46741.764541038734, ""min"": -5178739.0}"	computed_or_insufficient	0.00431	-0.00433	-3e-05	16058
payload.ai_market_snapshot_v1.sources.investor.value.source_data_date	collected_raw_precursor	categorical	16058	8.29	"{""2026-09-14"": 2958, ""2026-09-15"": 3484, ""2026-09-16"": 4345, ""2026-09-17"": 2842, ""2026-09-21"": 460, ""2026-09-22"": 1002, ""2026-09-23"": 967}"	computed_or_insufficient	0.27585	0.24224	0.15207	16058
payload.ai_market_snapshot_v1.sources.investor.value.trust_net	collected_raw_precursor	numeric	16058	8.29	"{""max"": 1787000.0, ""mean"": 15491.255760368664, ""min"": -494000.0}"	computed_or_insufficient	-8e-05	-0.0001	0.00075	16058
payload.ai_market_snapshot_v1.sources.open_orders.age_ms	collected_raw_precursor	numeric	17025	2.76	"{""max"": 392426.674, ""mean"": 24942.015465903198, ""min"": 75.248}"	computed_or_insufficient	-0.02189	0.0202	0.00762	17025
payload.ai_market_snapshot_v1.sources.open_orders.freshness_limit_ms	collected_raw_precursor	numeric	17025	2.76	"{""max"": 60000.0, ""mean"": 60000.0, ""min"": 60000.0}"	computed_or_insufficient				17025
payload.ai_market_snapshot_v1.sources.open_orders.market_route	collected_raw_precursor	categorical	17025	2.76	"{""NXT"": 4051, ""SOR"": 12974}"	computed_or_insufficient	0.0595	0.06192	0.00883	17025
payload.ai_market_snapshot_v1.sources.open_orders.market_suffix	collected_raw_precursor	none	0	100.0	{}	no_observed_value				0
payload.ai_market_snapshot_v1.sources.open_orders.missing_reason	collected_raw_precursor	none	0	100.0	{}	no_observed_value				0
payload.ai_market_snapshot_v1.sources.open_orders.observed_at	collected_raw_precursor	categorical	17025	2.76	{}	identity_or_clock				17025
payload.ai_market_snapshot_v1.sources.open_orders.quality	collected_raw_precursor	categorical	17025	2.76	"{""fresh"": 16870, ""stale"": 155}"	computed_or_insufficient	0.01652	0.01424	0.01	17025
payload.ai_market_snapshot_v1.sources.open_orders.source	collected_raw_precursor	categorical	17025	2.76	"{""account_sync_shared_snapshot"": 17025}"	computed_or_insufficient				17025
payload.ai_market_snapshot_v1.sources.open_orders.value.open_buy_qty	collected_raw_precursor	numeric	17025	2.76	"{""max"": 0.0, ""mean"": 0.0, ""min"": 0.0}"	computed_or_insufficient				17025
payload.ai_market_snapshot_v1.sources.open_orders.value.open_sell_qty	collected_raw_precursor	numeric	17025	2.76	"{""max"": 0.0, ""mean"": 0.0, ""min"": 0.0}"	computed_or_insufficient				17025
payload.ai_market_snapshot_v1.sources.open_orders.verification	collected_raw_precursor	categorical	17025	2.76	"{""verified_zero"": 17025}"	computed_or_insufficient				17025
payload.ai_market_snapshot_v1.sources.program.age_ms	collected_raw_precursor	numeric	15967	8.81	"{""max"": 2363371.073, ""mean"": 13740.439738210103, ""min"": 11.544}"	computed_or_insufficient	-0.03514	0.03666	-0.00557	15967
payload.ai_market_snapshot_v1.sources.program.freshness_limit_ms	collected_raw_precursor	numeric	17025	2.76	"{""max"": 60000.0, ""mean"": 60000.0, ""min"": 60000.0}"	computed_or_insufficient				17025
payload.ai_market_snapshot_v1.sources.program.market_route	collected_raw_precursor	categorical	17025	2.76	"{""krx_nxt_integrated"": 7730, ""krx_only"": 9295}"	computed_or_insufficient	0.06779	0.0657	0.01037	17025
payload.ai_market_snapshot_v1.sources.program.market_suffix	collected_raw_precursor	categorical	7730	55.85	"{""_AL"": 7730}"	computed_or_insufficient				7730
payload.ai_market_snapshot_v1.sources.program.missing_reason	collected_raw_precursor	categorical	1673	90.44	"{""program_0w_awaiting_first_observation"": 1058, ""program_source_stale"": 615}"	computed_or_insufficient	0.00184	0.0049	0.03028	1673
payload.ai_market_snapshot_v1.sources.program.observed_at	collected_raw_precursor	categorical	15967	8.81	{}	identity_or_clock				15967
payload.ai_market_snapshot_v1.sources.program.quality	collected_raw_precursor	categorical	17025	2.76	"{""fresh"": 15352, ""missing"": 1673}"	computed_or_insufficient	0.05607	0.05714	0.00322	17025
payload.ai_market_snapshot_v1.sources.program.source	collected_raw_precursor	categorical	17025	2.76	"{""ws_0w"": 17025}"	computed_or_insufficient				17025
payload.ai_market_snapshot_v1.sources.program.value	collected_raw_precursor	none	0	100.0	{}	no_observed_value				0
payload.ai_market_snapshot_v1.sources.program.value.buy_amt	collected_raw_precursor	numeric	15352	12.32	"{""max"": 2306783.0, ""mean"": 19102.112363210006, ""min"": 4.0}"	computed_or_insufficient	-0.04979	0.05144	-0.00564	15352
payload.ai_market_snapshot_v1.sources.program.value.buy_qty	collected_raw_precursor	numeric	15352	12.32	"{""max"": 10695353.0, ""mean"": 934430.6310578426, ""min"": 447.0}"	computed_or_insufficient	-0.01338	0.02033	-0.02872	15352
payload.ai_market_snapshot_v1.sources.program.value.delta_amt	collected_raw_precursor	numeric	15352	12.32	"{""max"": 2368.0, ""mean"": -0.4004689942678478, ""min"": -1280.0}"	computed_or_insufficient	-0.02872	0.02333	0.02327	15352
payload.ai_market_snapshot_v1.sources.program.value.delta_qty	collected_raw_precursor	numeric	15352	12.32	"{""max"": 411923.0, ""mean"": -122.20948410630537, ""min"": -272718.0}"	computed_or_insufficient	-0.0178	0.01578	0.00888	15352
payload.ai_market_snapshot_v1.sources.program.value.net_amt	collected_raw_precursor	numeric	15352	12.32	"{""max"": 1240272.0, ""mean"": 1714.8647733194373, ""min"": -893161.0}"	computed_or_insufficient	-0.02007	0.01933	0.00362	15352
payload.ai_market_snapshot_v1.sources.program.value.net_qty	collected_raw_precursor	numeric	15352	12.32	"{""max"": 4415566.0, ""mean"": 56293.12480458572, ""min"": -2440416.0}"	computed_or_insufficient	-0.02594	0.02548	0.00255	15352
payload.ai_market_snapshot_v1.sources.program.value.sell_amt	collected_raw_precursor	numeric	15352	12.32	"{""max"": 2651632.0, ""mean"": 17387.24758989057, ""min"": 5.0}"	computed_or_insufficient	-0.04371	0.04588	-0.008	15352
payload.ai_market_snapshot_v1.sources.program.value.sell_qty	collected_raw_precursor	numeric	15352	12.32	"{""max"": 10791481.0, ""mean"": 878137.5062532569, ""min"": 59.0}"	computed_or_insufficient	-0.00598	0.01436	-0.03487	15352
payload.ai_market_snapshot_v1.sources.tape.age_ms	collected_raw_precursor	numeric	17025	2.76	"{""max"": 2998.317, ""mean"": 692.9911368575613, ""min"": 4.31}"	computed_or_insufficient	-0.06994	0.06699	0.01404	17025
payload.ai_market_snapshot_v1.sources.tape.freshness_limit_ms	collected_raw_precursor	numeric	17025	2.76	"{""max"": 3000.0, ""mean"": 3000.0, ""min"": 3000.0}"	computed_or_insufficient				17025
payload.ai_market_snapshot_v1.sources.tape.market_route	collected_raw_precursor	categorical	17025	2.76	"{""krx_nxt_integrated"": 7730, ""krx_only"": 9295}"	computed_or_insufficient	0.06779	0.0657	0.01037	17025
payload.ai_market_snapshot_v1.sources.tape.market_suffix	collected_raw_precursor	categorical	7730	55.85	"{""_AL"": 7730}"	computed_or_insufficient				7730
payload.ai_market_snapshot_v1.sources.tape.missing_reason	collected_raw_precursor	none	0	100.0	{}	no_observed_value				0
payload.ai_market_snapshot_v1.sources.tape.observed_at	collected_raw_precursor	categorical	17025	2.76	{}	identity_or_clock				17025
payload.ai_market_snapshot_v1.sources.tape.quality	collected_raw_precursor	categorical	17025	2.76	"{""fresh"": 17025}"	computed_or_insufficient				17025
payload.ai_market_snapshot_v1.sources.tape.source	collected_raw_precursor	categorical	17025	2.76	"{""ws_0B"": 17025}"	computed_or_insufficient				17025
payload.ai_market_snapshot_v1.sources.tape.value.item	collected_raw_precursor	categorical	17025	2.76	{}	high_cardinality				17025
payload.ai_market_snapshot_v1.sources.tape.value.realtime_type	collected_raw_precursor	categorical	17025	2.76	"{""0B"": 17025}"	computed_or_insufficient				17025
payload.ai_market_snapshot_v1.stock_code	collected_raw_precursor	categorical	17025	2.76	{}	identity_or_clock				17025
payload.ai_market_snapshot_v1.trade_activity.canonical_binding_proven	collected_raw_precursor	categorical	5016	71.35	"{""False"": 180, ""True"": 4836}"	computed_or_insufficient	0.01442	0.00702	0.02144	5016
payload.ai_market_snapshot_v1.trade_activity.continuity_evidence.quiet_tape_observation.closed_episodes	collected_raw_precursor	numeric	1177	93.28	"{""max"": 1.0, ""mean"": 0.016992353440951572, ""min"": 0.0}"	computed_or_insufficient	-0.04174	0.04427	-0.01054	1177
payload.ai_market_snapshot_v1.trade_activity.continuity_evidence.quiet_tape_observation.last_quote	collected_raw_precursor	numeric	1177	93.28	"{""max"": 1790159948.054, ""mean"": 1790128677.4273155, ""min"": 1790068028.392}"	computed_or_insufficient	-0.00297	0.03002	-0.04908	1177
payload.ai_market_snapshot_v1.trade_activity.continuity_evidence.quiet_tape_observation.last_trade	collected_raw_precursor	numeric	1177	93.28	"{""max"": 1790159947.854702, ""mean"": 1711040399.3024201, ""min"": 0.0}"	computed_or_insufficient	0.00189	-0.01671	0.02692	1177
payload.ai_market_snapshot_v1.trade_activity.continuity_evidence.receipts.0B.item	collected_raw_precursor	categorical	1177	93.28	{}	high_cardinality				1177
payload.ai_market_snapshot_v1.trade_activity.continuity_evidence.receipts.0B.market_route	collected_raw_precursor	categorical	1177	93.28	"{""krx_nxt_integrated"": 634, ""krx_only"": 543}"	computed_or_insufficient	0.0389	0.05322	0.03135	1177
payload.ai_market_snapshot_v1.trade_activity.continuity_evidence.receipts.0B.observed_epoch	collected_raw_precursor	numeric	1177	93.28	"{""max"": 1790159947.854702, ""mean"": 1790128677.018335, ""min"": 1790068028.292783}"	identity_or_clock				1177
payload.ai_market_snapshot_v1.trade_activity.continuity_evidence.receipts.0B.route_sequence	collected_raw_precursor	numeric	1177	93.28	"{""max"": 75738.0, ""mean"": 1508.1716227697536, ""min"": 2.0}"	computed_or_insufficient	0.10643	-0.06847	-0.053	1177
payload.ai_market_snapshot_v1.trade_activity.continuity_evidence.receipts.0B.transport_epoch	collected_raw_precursor	numeric	1177	93.28	"{""max"": 1.0, ""mean"": 1.0, ""min"": 1.0}"	identity_or_clock				1177
payload.ai_market_snapshot_v1.trade_activity.continuity_evidence.receipts.0D.item	collected_raw_precursor	categorical	1177	93.28	{}	high_cardinality				1177
payload.ai_market_snapshot_v1.trade_activity.continuity_evidence.receipts.0D.market_route	collected_raw_precursor	categorical	1177	93.28	"{""krx_nxt_integrated"": 634, ""krx_only"": 543}"	computed_or_insufficient	0.0389	0.05322	0.03135	1177
payload.ai_market_snapshot_v1.trade_activity.continuity_evidence.receipts.0D.observed_epoch	collected_raw_precursor	numeric	1177	93.28	"{""max"": 1790159948.054, ""mean"": 1790128677.4273155, ""min"": 1790068028.392}"	identity_or_clock				1177
payload.ai_market_snapshot_v1.trade_activity.continuity_evidence.receipts.0D.route_sequence	collected_raw_precursor	numeric	1177	93.28	"{""max"": 45188.0, ""mean"": 1425.9405267629568, ""min"": 3.0}"	computed_or_insufficient	0.12212	-0.07449	-0.06813	1177
payload.ai_market_snapshot_v1.trade_activity.continuity_evidence.receipts.0D.transport_epoch	collected_raw_precursor	numeric	1177	93.28	"{""max"": 1.0, ""mean"": 1.0, ""min"": 1.0}"	identity_or_clock				1177
payload.ai_market_snapshot_v1.trade_activity.continuity_evidence.route_key	collected_raw_precursor	categorical	1177	93.28	"{""KRX|krx_only"": 543, ""_AL|krx_nxt_integrated"": 634}"	computed_or_insufficient	0.0389	0.05322	0.03135	1177
payload.ai_market_snapshot_v1.trade_activity.continuity_evidence.transport_epoch	collected_raw_precursor	numeric	1177	93.28	"{""max"": 1.0, ""mean"": 1.0, ""min"": 1.0}"	identity_or_clock				1177
payload.ai_market_snapshot_v1.trade_activity.effective_venue	collected_raw_precursor	categorical	5016	71.35	"{""KRX"": 2253, ""UNKNOWN"": 2763}"	computed_or_insufficient	0.05787	0.06256	0.01449	5016
payload.ai_market_snapshot_v1.trade_activity.item	collected_raw_precursor	categorical	5016	71.35	{}	high_cardinality				5016
payload.ai_market_snapshot_v1.trade_activity.market_data_scope	collected_raw_precursor	categorical	4905	71.99	"{""KRX"": 2181, ""KRX_NXT_INTEGRATED"": 2724}"	computed_or_insufficient	0.05421	0.05954	0.01629	4905
payload.ai_market_snapshot_v1.trade_activity.market_no_print_proven	collected_raw_precursor	categorical	5016	71.35	"{""False"": 5016}"	computed_or_insufficient				5016
payload.ai_market_snapshot_v1.trade_activity.market_route	collected_raw_precursor	categorical	5016	71.35	"{""krx_nxt_integrated"": 2763, ""krx_only"": 2253}"	computed_or_insufficient	0.05787	0.06256	0.01449	5016
payload.ai_market_snapshot_v1.trade_activity.observation_continuity_proven	collected_raw_precursor	categorical	5016	71.35	"{""False"": 180, ""True"": 4836}"	computed_or_insufficient	0.01442	0.00702	0.02144	5016
payload.ai_market_snapshot_v1.trade_activity.provider_trade_date_basis	collected_raw_precursor	categorical	3010	82.81	"{""local_receive_calendar_date_not_provider_date"": 3010}"	computed_or_insufficient				3010
payload.ai_market_snapshot_v1.trade_activity.provider_trade_time_precision_ms	collected_raw_precursor	numeric	3010	82.81	"{""max"": 1000.0, ""mean"": 1000.0, ""min"": 1000.0}"	computed_or_insufficient				3010
payload.ai_market_snapshot_v1.trade_activity.quiet_episode_count	collected_raw_precursor	numeric	4836	72.38	"{""max"": 2.0, ""mean"": 0.017576509511993382, ""min"": 0.0}"	computed_or_insufficient	-0.0147	0.01651	-0.00544	4836
payload.ai_market_snapshot_v1.trade_activity.quote_receive_age_ms	collected_raw_precursor	numeric	5016	71.35	"{""max"": 2994.309902191162, ""mean"": 485.744749688396, ""min"": 7.1757}"	computed_or_insufficient	-0.09792	0.09544	0.00591	5016
payload.ai_market_snapshot_v1.trade_activity.quote_state	collected_raw_precursor	categorical	5016	71.35	"{""fresh"": 5016}"	computed_or_insufficient				5016
payload.ai_market_snapshot_v1.trade_activity.trade_activity_state	collected_raw_precursor	categorical	5016	71.35	"{""OBSERVATION_UNPROVEN"": 180, ""RECENT_TRADE"": 4836}"	computed_or_insufficient	0.01442	0.00702	0.02144	5016
payload.ai_market_snapshot_v1.trade_activity.trade_event_age_ms	collected_raw_precursor	numeric	5016	71.35	"{""max"": 74523.0987, ""mean"": 1749.3489021350047, ""min"": 80.1201}"	computed_or_insufficient	-0.02523	0.02947	-0.01274	5016
payload.ai_market_snapshot_v1.trade_activity.trade_receive_age_ms	collected_raw_precursor	numeric	5016	71.35	"{""max"": 2996.856212615967, ""mean"": 881.8563529957518, ""min"": 5.613088607788086}"	computed_or_insufficient	-0.07434	0.07614	-0.00629	5016
payload.ai_market_snapshot_v1.trade_activity.transport_epoch	collected_raw_precursor	numeric	5016	71.35	"{""max"": 2.0, ""mean"": 1.030103668261563, ""min"": 1.0}"	identity_or_clock				5016
payload.ai_market_snapshot_v1.trade_activity.underlying_event_venue_proven	collected_raw_precursor	categorical	4905	71.99	"{""False"": 2724, ""True"": 2181}"	computed_or_insufficient	0.05421	0.05954	0.01629	4905
payload.ai_market_snapshot_v1.underlying_event_venue	collected_raw_precursor	categorical	9295	46.91	"{""KRX"": 9295}"	computed_or_insufficient				9295
payload.ai_market_snapshot_v1.underlying_event_venue_source	collected_raw_precursor	categorical	17025	2.76	"{""exact_per_realtime_type"": 9295, ""not_provided"": 7730}"	computed_or_insufficient	0.06779	0.0657	0.01037	17025
payload.ai_market_snapshot_v1.venue_attribution_allowed	collected_raw_precursor	categorical	17025	2.76	"{""False"": 7730, ""True"": 9295}"	computed_or_insufficient	0.06779	0.0657	0.01037	17025
payload.ai_market_snapshot_v1.venue_attribution_reason	collected_raw_precursor	categorical	17025	2.76	"{""exact_per_realtime_type"": 9295, ""integrated_sor_execution_view_not_event_venue"": 3679, ""not_provided"": 4051}"	computed_or_insufficient	0.0715	0.07119	0.02183	17025
payload.ai_market_snapshot_v1.venue_resolution	collected_raw_precursor	categorical	17025	2.76	"{""explicit"": 12880, ""integrated_scope"": 3083, ""legacy_route_value_normalized_by_session"": 94, ""session"": 968}"	computed_or_insufficient	0.06775	0.06905	0.01243	17025
payload.broker_route	collected_raw_precursor	categorical	2996	82.89	"{""NXT"": 725, ""SOR"": 2271}"	computed_or_insufficient	0.159	0.1644	0.01877	2996
payload.current.buy_ratio	collected_raw_precursor	numeric	17509	0.0	"{""max"": 86.23, ""mean"": 9.660914958021621, ""min"": -49.99}"	computed_or_insufficient	-0.00267	-0.0088	0.04885	17509
payload.current.execution_strength	collected_raw_precursor	numeric	17509	0.0	"{""max"": 500.0, ""mean"": 111.45342566679928, ""min"": 30.48}"	computed_or_insufficient	-0.00085	-0.02027	0.0898	17509
payload.current.fluctuation_pct	collected_raw_precursor	numeric	17509	0.0	"{""max"": 29.5, ""mean"": 9.528912559255247, ""min"": -7.92}"	computed_or_insufficient	0.02926	-0.03117	0.0074	17509
payload.current.price	collected_raw_precursor	numeric	17509	0.0	"{""max"": 1915500.0, ""mean"": 38765.751385002, ""min"": 949.0}"	computed_or_insufficient	-0.05911	0.05736	0.00893	17509
payload.effective_venue	collected_raw_precursor	categorical	17509	0.0	"{""KRX"": 13458, ""KRX_NXT_INTEGRATED"": 3083, ""PREMARKET_KRX_LIKE"": 968}"	computed_or_insufficient	0.0783	0.07949	0.01095	17509
payload.entry_candle_context.alignment	collected_raw_precursor	categorical	14480	17.3	"{""adverse"": 7293, ""neutral"": 4824, ""positive"": 2363}"	computed_or_insufficient	0.39476	0.38262	0.11656	14480
payload.entry_candle_context.bar_schema.forming_field	collected_raw_precursor	categorical	17025	2.76	"{""forming"": 17025}"	computed_or_insufficient				17025
payload.entry_candle_context.bar_schema.interval	collected_raw_precursor	categorical	17025	2.76	"{""1m"": 17025}"	computed_or_insufficient				17025
payload.entry_candle_context.bar_schema.missing_value_contract	collected_raw_precursor	categorical	17025	2.76	"{""null_with_missing_reason"": 17025}"	computed_or_insufficient				17025
payload.entry_candle_context.bar_schema.order	collected_raw_precursor	categorical	17025	2.76	"{""oldest_to_latest"": 17025}"	computed_or_insufficient				17025
payload.entry_candle_context.bar_schema.partial_volume_field	collected_raw_precursor	categorical	17025	2.76	"{""partial_volume"": 17025}"	computed_or_insufficient				17025
payload.entry_candle_context.bar_schema.price_unit	collected_raw_precursor	categorical	17025	2.76	"{""KRW"": 17025}"	computed_or_insufficient				17025
payload.entry_candle_context.bar_schema.timezone	collected_raw_precursor	categorical	17025	2.76	"{""Asia/Seoul"": 17025}"	computed_or_insufficient				17025
payload.entry_candle_context.bar_schema.volume_unit	collected_raw_precursor	categorical	17025	2.76	"{""shares"": 17025}"	computed_or_insufficient				17025
payload.entry_candle_context.bars.length	collected_raw_precursor	numeric	17025	2.76	"{""max"": 20.0, ""mean"": 19.398355359765052, ""min"": 1.0}"	computed_or_insufficient	0.00625	-0.00859	0.0097	17025
payload.entry_candle_context.completed_bar_count	collected_raw_precursor	numeric	17025	2.76	"{""max"": 369.0, ""mean"": 156.99947136563875, ""min"": 0.0}"	computed_or_insufficient	-0.03254	0.03429	-0.00661	17025
payload.entry_candle_context.current_session_bar_count	collected_raw_precursor	numeric	17025	2.76	"{""max"": 370.0, ""mean"": 157.97262848751836, ""min"": 1.0}"	computed_or_insufficient	-0.03255	0.03429	-0.00659	17025
payload.entry_candle_context.forming_bar_present	collected_raw_precursor	categorical	17025	2.76	"{""False"": 457, ""True"": 16568}"	computed_or_insufficient	0.00609	0.00297	0.01331	17025
payload.entry_candle_context.input_bundle_version	collected_raw_precursor	categorical	14480	17.3	"{""scalping_multi_timeframe_context_v1"": 14480}"	identity_or_clock				14480
payload.entry_candle_context.input_role	collected_raw_precursor	categorical	2545	85.46	"{""main_machine_base_candles_no_context_promotion"": 2545}"	computed_or_insufficient				2545
payload.entry_candle_context.latest_bar_age_sec	collected_raw_precursor	numeric	17025	2.76	"{""max"": 73.2684, ""mean"": 32.421026058135695, ""min"": 0.8575}"	computed_or_insufficient	-0.00987	0.01179	-0.00784	17025
payload.entry_candle_context.multi_timeframe_ai_input_enabled	collected_raw_precursor	categorical	17025	2.76	"{""False"": 2545, ""True"": 14480}"	computed_or_insufficient	0.25526	0.22394	0.13777	17025
payload.entry_candle_context.multi_timeframe_context.ai_input_enabled	collected_raw_precursor	categorical	14480	17.3	"{""True"": 14480}"	computed_or_insufficient				14480
payload.entry_candle_context.multi_timeframe_context.captured_at	collected_raw_precursor	categorical	14480	17.3	{}	identity_or_clock				14480
payload.entry_candle_context.multi_timeframe_context.incomplete_multi_timeframe_bars.15m.length	collected_raw_precursor	numeric	12616	27.95	"{""max"": 1.0, ""mean"": 1.0, ""min"": 1.0}"	computed_or_insufficient				12616
payload.entry_candle_context.multi_timeframe_context.incomplete_multi_timeframe_bars.3m.length	collected_raw_precursor	numeric	8903	49.15	"{""max"": 1.0, ""mean"": 1.0, ""min"": 1.0}"	computed_or_insufficient				8903
payload.entry_candle_context.multi_timeframe_context.incomplete_multi_timeframe_bars.5m.length	collected_raw_precursor	numeric	10832	38.13	"{""max"": 1.0, ""mean"": 1.0, ""min"": 1.0}"	computed_or_insufficient				10832
payload.entry_candle_context.multi_timeframe_context.input_bundle_version	collected_raw_precursor	categorical	14480	17.3	"{""scalping_multi_timeframe_context_v1"": 14480}"	identity_or_clock				14480
payload.entry_candle_context.multi_timeframe_context.input_contract.actual_order_submitted	collected_raw_precursor	categorical	14480	17.3	"{""False"": 14480}"	computed_or_insufficient				14480
payload.entry_candle_context.multi_timeframe_context.input_contract.allowed_runtime_apply	collected_raw_precursor	categorical	14480	17.3	"{""False"": 14480}"	computed_or_insufficient				14480
payload.entry_candle_context.multi_timeframe_context.input_contract.broker_order_forbidden	collected_raw_precursor	categorical	14480	17.3	"{""True"": 14480}"	computed_or_insufficient				14480
payload.entry_candle_context.multi_timeframe_context.input_contract.decision_authority	collected_raw_precursor	categorical	14480	17.3	"{""stage_context_input_only_no_standalone_action"": 14480}"	computed_or_insufficient				14480
payload.entry_candle_context.multi_timeframe_context.input_contract.forbidden_uses.contains:broker_or_safety_guard_bypass	collected_raw_precursor	categorical	14480	17.3	"{""False"": 0, ""True"": 14480}"	computed_or_insufficient	0.0	0.0	0.0	14480
payload.entry_candle_context.multi_timeframe_context.input_contract.forbidden_uses.contains:order_price_or_quantity_decision	collected_raw_precursor	categorical	14480	17.3	"{""False"": 0, ""True"": 14480}"	computed_or_insufficient	0.0	0.0	0.0	14480
payload.entry_candle_context.multi_timeframe_context.input_contract.forbidden_uses.contains:provider_route_change	collected_raw_precursor	categorical	14480	17.3	"{""False"": 0, ""True"": 14480}"	computed_or_insufficient	0.0	0.0	0.0	14480
payload.entry_candle_context.multi_timeframe_context.input_contract.forbidden_uses.contains:runtime_threshold_apply	collected_raw_precursor	categorical	14480	17.3	"{""False"": 0, ""True"": 14480}"	computed_or_insufficient	0.0	0.0	0.0	14480
payload.entry_candle_context.multi_timeframe_context.input_contract.forbidden_uses.contains:standalone_buy_hold_exit_authority	collected_raw_precursor	categorical	14480	17.3	"{""False"": 0, ""True"": 14480}"	computed_or_insufficient	0.0	0.0	0.0	14480
payload.entry_candle_context.multi_timeframe_context.input_contract.forbidden_uses.length	collected_raw_precursor	numeric	14480	17.3	"{""max"": 5.0, ""mean"": 5.0, ""min"": 5.0}"	computed_or_insufficient				14480
payload.entry_candle_context.multi_timeframe_context.input_contract.live_payload_inclusion	collected_raw_precursor	categorical	14480	17.3	"{""promotion_gated_binary_full_market"": 14480}"	computed_or_insufficient				14480
payload.entry_candle_context.multi_timeframe_context.input_contract.live_promotion_gate	collected_raw_precursor	categorical	14480	17.3	"{""KORSTOCKSCAN_MULTI_TIMEFRAME_AI_CONTEXT_ENABLED_full_market_only"": 14480}"	identity_or_clock				14480
payload.entry_candle_context.multi_timeframe_context.input_contract.metric_role	collected_raw_precursor	categorical	14480	17.3	"{""ai_input_feature_bundle"": 14480}"	computed_or_insufficient				14480
payload.entry_candle_context.multi_timeframe_context.input_contract.primary_decision_metric	collected_raw_precursor	categorical	14480	17.3	"{""required_source_field_availability"": 14480}"	computed_or_insufficient				14480
payload.entry_candle_context.multi_timeframe_context.input_contract.runtime_effect	collected_raw_precursor	categorical	14480	17.3	"{""False"": 14480}"	computed_or_insufficient				14480
payload.entry_candle_context.multi_timeframe_context.input_contract.sample_floor	collected_raw_precursor	categorical	14480	17.3	"{""field_specific_completed_bar_and_source_availability"": 14480}"	computed_or_insufficient				14480
payload.entry_candle_context.multi_timeframe_context.input_contract.source_quality_gate	collected_raw_precursor	categorical	14480	17.3	"{""fresh_same_basis_conflict_free"": 14480}"	computed_or_insufficient				14480
payload.entry_candle_context.multi_timeframe_context.input_contract.standalone_runtime_effect	collected_raw_precursor	categorical	14480	17.3	"{""False"": 14480}"	computed_or_insufficient				14480
payload.entry_candle_context.multi_timeframe_context.input_contract.window_policy	collected_raw_precursor	categorical	14480	17.3	"{""exact_timestamp_venue_session_completed_bar"": 14480}"	computed_or_insufficient				14480
payload.entry_candle_context.multi_timeframe_context.live_payload_inclusion_effect	collected_raw_precursor	categorical	14480	17.3	"{""active_full_market"": 14480}"	computed_or_insufficient				14480
payload.entry_candle_context.multi_timeframe_context.market_context.reason	collected_raw_precursor	categorical	14480	17.3	"{""market_index_code_missing"": 14480}"	computed_or_insufficient				14480
payload.entry_candle_context.multi_timeframe_context.market_context.source	collected_raw_precursor	categorical	14480	17.3	"{""kiwoom_ka20005"": 14480}"	computed_or_insufficient				14480
payload.entry_candle_context.multi_timeframe_context.market_context.source_quality.status	collected_raw_precursor	categorical	14480	17.3	"{""source_unavailable"": 14480}"	computed_or_insufficient				14480
payload.entry_candle_context.multi_timeframe_context.multi_timeframe_bars.15m.length	collected_raw_precursor	numeric	12860	26.55	"{""max"": 20.0, ""mean"": 10.436003110419907, ""min"": 1.0}"	computed_or_insufficient	-0.04204	0.04283	-0.00321	12860
payload.entry_candle_context.multi_timeframe_context.multi_timeframe_bars.3m.length	collected_raw_precursor	numeric	13523	22.77	"{""max"": 20.0, ""mean"": 17.669525992753087, ""min"": 1.0}"	computed_or_insufficient	-0.01555	0.01207	0.01994	13523
payload.entry_candle_context.multi_timeframe_context.multi_timeframe_bars.5m.length	collected_raw_precursor	numeric	13452	23.17	"{""max"": 20.0, ""mean"": 16.29891465953018, ""min"": 1.0}"	computed_or_insufficient	-0.0259	0.02326	0.01543	13452
payload.entry_candle_context.multi_timeframe_context.opening_range_15m.close	collected_raw_precursor	numeric	12860	26.55	"{""max"": 690000.0, ""mean"": 34924.591835147745, ""min"": 1077.0}"	computed_or_insufficient	-0.05751	0.05709	0.0038	12860
payload.entry_candle_context.multi_timeframe_context.opening_range_15m.high	collected_raw_precursor	numeric	12860	26.55	"{""max"": 699000.0, ""mean"": 35563.62161741835, ""min"": 1089.0}"	computed_or_insufficient	-0.05727	0.05686	0.00377	12860
payload.entry_candle_context.multi_timeframe_context.opening_range_15m.low	collected_raw_precursor	numeric	12860	26.55	"{""max"": 673000.0, ""mean"": 34097.81609642302, ""min"": 1030.0}"	computed_or_insufficient	-0.05855	0.05811	0.00391	12860
payload.entry_candle_context.multi_timeframe_context.opening_range_15m.minutes	collected_raw_precursor	numeric	12860	26.55	"{""max"": 15.0, ""mean"": 15.0, ""min"": 15.0}"	computed_or_insufficient				12860
payload.entry_candle_context.multi_timeframe_context.opening_range_15m.missing_minutes.contains:08:01	collected_raw_precursor	categorical	677	96.13	"{""False"": 603, ""True"": 74}"	computed_or_insufficient	0.02079	0.02079		677
payload.entry_candle_context.multi_timeframe_context.opening_range_15m.missing_minutes.contains:08:02	collected_raw_precursor	categorical	677	96.13	"{""False"": 666, ""True"": 11}"	computed_or_insufficient	0.02815	0.02815		677
payload.entry_candle_context.multi_timeframe_context.opening_range_15m.missing_minutes.contains:08:03	collected_raw_precursor	categorical	677	96.13	"{""False"": 651, ""True"": 26}"	computed_or_insufficient	0.01447	0.01447		677
payload.entry_candle_context.multi_timeframe_context.opening_range_15m.missing_minutes.contains:08:04	collected_raw_precursor	categorical	677	96.13	"{""False"": 647, ""True"": 30}"	computed_or_insufficient	0.00749	0.00749		677
payload.entry_candle_context.multi_timeframe_context.opening_range_15m.missing_minutes.contains:08:05	collected_raw_precursor	categorical	677	96.13	"{""False"": 619, ""True"": 58}"	computed_or_insufficient	0.03656	0.03656		677
payload.entry_candle_context.multi_timeframe_context.opening_range_15m.missing_minutes.contains:08:06	collected_raw_precursor	categorical	677	96.13	"{""False"": 587, ""True"": 90}"	computed_or_insufficient	0.08671	0.08671		677
payload.entry_candle_context.multi_timeframe_context.opening_range_15m.missing_minutes.contains:08:07	collected_raw_precursor	categorical	677	96.13	"{""False"": 560, ""True"": 117}"	computed_or_insufficient	0.13071	0.13071		677
payload.entry_candle_context.multi_timeframe_context.opening_range_15m.missing_minutes.contains:08:08	collected_raw_precursor	categorical	677	96.13	"{""False"": 533, ""True"": 144}"	computed_or_insufficient	0.13175	0.13175		677
payload.entry_candle_context.multi_timeframe_context.opening_range_15m.missing_minutes.contains:08:09	collected_raw_precursor	categorical	677	96.13	"{""False"": 519, ""True"": 158}"	computed_or_insufficient	0.10478	0.10478		677
payload.entry_candle_context.multi_timeframe_context.opening_range_15m.missing_minutes.contains:08:10	collected_raw_precursor	categorical	677	96.13	"{""False"": 487, ""True"": 190}"	computed_or_insufficient	0.10692	0.10692		677
payload.entry_candle_context.multi_timeframe_context.opening_range_15m.missing_minutes.contains:08:11	collected_raw_precursor	categorical	677	96.13	"{""False"": 473, ""True"": 204}"	computed_or_insufficient	0.09729	0.09729		677
payload.entry_candle_context.multi_timeframe_context.opening_range_15m.missing_minutes.contains:08:12	collected_raw_precursor	categorical	677	96.13	"{""False"": 446, ""True"": 231}"	computed_or_insufficient	0.06445	0.06445		677
payload.entry_candle_context.multi_timeframe_context.opening_range_15m.missing_minutes.contains:08:13	collected_raw_precursor	categorical	677	96.13	"{""False"": 416, ""True"": 261}"	computed_or_insufficient	0.05961	0.05961		677
payload.entry_candle_context.multi_timeframe_context.opening_range_15m.missing_minutes.contains:08:14	collected_raw_precursor	categorical	677	96.13	"{""False"": 388, ""True"": 289}"	computed_or_insufficient	0.06368	0.06368		677
payload.entry_candle_context.multi_timeframe_context.opening_range_15m.missing_minutes.contains:09:00	collected_raw_precursor	categorical	677	96.13	"{""False"": 675, ""True"": 2}"	computed_or_insufficient	0.01711	0.01711		677
payload.entry_candle_context.multi_timeframe_context.opening_range_15m.missing_minutes.contains:09:01	collected_raw_precursor	categorical	677	96.13	"{""False"": 666, ""True"": 11}"	computed_or_insufficient	0.02084	0.02084		677
payload.entry_candle_context.multi_timeframe_context.opening_range_15m.missing_minutes.contains:09:02	collected_raw_precursor	categorical	677	96.13	"{""False"": 675, ""True"": 2}"	computed_or_insufficient	0.01711	0.01711		677
payload.entry_candle_context.multi_timeframe_context.opening_range_15m.missing_minutes.contains:09:03	collected_raw_precursor	categorical	677	96.13	"{""False"": 644, ""True"": 33}"	computed_or_insufficient	0.00644	0.00644		677
payload.entry_candle_context.multi_timeframe_context.opening_range_15m.missing_minutes.contains:09:04	collected_raw_precursor	categorical	677	96.13	"{""False"": 630, ""True"": 47}"	computed_or_insufficient	0.03103	0.03103		677
payload.entry_candle_context.multi_timeframe_context.opening_range_15m.missing_minutes.contains:09:05	collected_raw_precursor	categorical	677	96.13	"{""False"": 593, ""True"": 84}"	computed_or_insufficient	0.03376	0.03376		677
payload.entry_candle_context.multi_timeframe_context.opening_range_15m.missing_minutes.contains:09:06	collected_raw_precursor	categorical	677	96.13	"{""False"": 602, ""True"": 75}"	computed_or_insufficient	0.02708	0.02708		677
payload.entry_candle_context.multi_timeframe_context.opening_range_15m.missing_minutes.contains:09:07	collected_raw_precursor	categorical	677	96.13	"{""False"": 575, ""True"": 102}"	computed_or_insufficient	0.02344	0.02344		677
payload.entry_candle_context.multi_timeframe_context.opening_range_15m.missing_minutes.contains:09:08	collected_raw_precursor	categorical	677	96.13	"{""False"": 554, ""True"": 123}"	computed_or_insufficient	0.04866	0.04866		677
payload.entry_candle_context.multi_timeframe_context.opening_range_15m.missing_minutes.contains:09:09	collected_raw_precursor	categorical	677	96.13	"{""False"": 507, ""True"": 170}"	computed_or_insufficient	0.03222	0.03222		677
payload.entry_candle_context.multi_timeframe_context.opening_range_15m.missing_minutes.contains:09:10	collected_raw_precursor	categorical	677	96.13	"{""False"": 495, ""True"": 182}"	computed_or_insufficient	0.05388	0.05388		677
payload.entry_candle_context.multi_timeframe_context.opening_range_15m.missing_minutes.contains:09:11	collected_raw_precursor	categorical	677	96.13	"{""False"": 470, ""True"": 207}"	computed_or_insufficient	0.01657	0.01657		677
payload.entry_candle_context.multi_timeframe_context.opening_range_15m.missing_minutes.contains:09:12	collected_raw_precursor	categorical	677	96.13	"{""False"": 447, ""True"": 230}"	computed_or_insufficient	0.01646	0.01646		677
payload.entry_candle_context.multi_timeframe_context.opening_range_15m.missing_minutes.contains:09:13	collected_raw_precursor	categorical	677	96.13	"{""False"": 421, ""True"": 256}"	computed_or_insufficient	0.01672	0.01672		677
payload.entry_candle_context.multi_timeframe_context.opening_range_15m.missing_minutes.contains:09:14	collected_raw_precursor	categorical	677	96.13	"{""False"": 392, ""True"": 285}"	computed_or_insufficient	0.04874	0.04874		677
payload.entry_candle_context.multi_timeframe_context.opening_range_15m.missing_minutes.contains:16:00	collected_raw_precursor	categorical	677	96.13	"{""False"": 671, ""True"": 6}"	computed_or_insufficient	0.06276	0.06276		677
payload.entry_candle_context.multi_timeframe_context.opening_range_15m.missing_minutes.contains:16:01	collected_raw_precursor	categorical	677	96.13	"{""False"": 663, ""True"": 14}"	computed_or_insufficient	0.06743	0.06743		677
payload.entry_candle_context.multi_timeframe_context.opening_range_15m.missing_minutes.contains:16:02	collected_raw_precursor	categorical	677	96.13	"{""False"": 659, ""True"": 18}"	computed_or_insufficient	0.09044	0.09044		677
payload.entry_candle_context.multi_timeframe_context.opening_range_15m.missing_minutes.contains:16:03	collected_raw_precursor	categorical	677	96.13	"{""False"": 653, ""True"": 24}"	computed_or_insufficient	0.12724	0.12724		677
payload.entry_candle_context.multi_timeframe_context.opening_range_15m.missing_minutes.contains:16:04	collected_raw_precursor	categorical	677	96.13	"{""False"": 648, ""True"": 29}"	computed_or_insufficient	0.12002	0.12002		677
payload.entry_candle_context.multi_timeframe_context.opening_range_15m.missing_minutes.contains:16:05	collected_raw_precursor	categorical	677	96.13	"{""False"": 641, ""True"": 36}"	computed_or_insufficient	0.08829	0.08829		677
payload.entry_candle_context.multi_timeframe_context.opening_range_15m.missing_minutes.contains:16:06	collected_raw_precursor	categorical	677	96.13	"{""False"": 634, ""True"": 43}"	computed_or_insufficient	0.1009	0.1009		677
payload.entry_candle_context.multi_timeframe_context.opening_range_15m.missing_minutes.contains:16:07	collected_raw_precursor	categorical	677	96.13	"{""False"": 626, ""True"": 51}"	computed_or_insufficient	0.11905	0.11905		677
payload.entry_candle_context.multi_timeframe_context.opening_range_15m.missing_minutes.contains:16:08	collected_raw_precursor	categorical	677	96.13	"{""False"": 608, ""True"": 69}"	computed_or_insufficient	0.12124	0.12124		677
payload.entry_candle_context.multi_timeframe_context.opening_range_15m.missing_minutes.contains:16:09	collected_raw_precursor	categorical	677	96.13	"{""False"": 612, ""True"": 65}"	computed_or_insufficient	0.14974	0.14974		677
payload.entry_candle_context.multi_timeframe_context.opening_range_15m.missing_minutes.contains:16:10	collected_raw_precursor	categorical	677	96.13	"{""False"": 606, ""True"": 71}"	computed_or_insufficient	0.13285	0.13285		677
payload.entry_candle_context.multi_timeframe_context.opening_range_15m.missing_minutes.contains:16:11	collected_raw_precursor	categorical	677	96.13	"{""False"": 595, ""True"": 82}"	computed_or_insufficient	0.15465	0.15465		677
payload.entry_candle_context.multi_timeframe_context.opening_range_15m.missing_minutes.contains:16:12	collected_raw_precursor	categorical	677	96.13	"{""False"": 590, ""True"": 87}"	computed_or_insufficient	0.16234	0.16234		677
payload.entry_candle_context.multi_timeframe_context.opening_range_15m.missing_minutes.contains:16:13	collected_raw_precursor	categorical	677	96.13	"{""False"": 582, ""True"": 95}"	computed_or_insufficient	0.14928	0.14928		677
payload.entry_candle_context.multi_timeframe_context.opening_range_15m.missing_minutes.contains:16:14	collected_raw_precursor	categorical	677	96.13	"{""False"": 574, ""True"": 103}"	computed_or_insufficient	0.1547	0.1547		677
payload.entry_candle_context.multi_timeframe_context.opening_range_15m.missing_minutes.length	collected_raw_precursor	numeric	677	96.13	"{""max"": 14.0, ""mean"": 6.624815361890694, ""min"": 1.0}"	computed_or_insufficient	-0.01338	0.01338		677
payload.entry_candle_context.multi_timeframe_context.opening_range_15m.observed_no_trade_minutes.contains:08:00	collected_raw_precursor	categorical	1564	91.07	"{""False"": 1555, ""True"": 9}"	computed_or_insufficient	0.00534	0.00655	0.0064	1564
payload.entry_candle_context.multi_timeframe_context.opening_range_15m.observed_no_trade_minutes.contains:08:01	collected_raw_precursor	categorical	1564	91.07	"{""False"": 1446, ""True"": 118}"	computed_or_insufficient	0.03939	0.04407	0.02404	1564
payload.entry_candle_context.multi_timeframe_context.opening_range_15m.observed_no_trade_minutes.contains:08:02	collected_raw_precursor	categorical	1564	91.07	"{""False"": 1562, ""True"": 2}"	computed_or_insufficient	0.02349	0.0231	0.00301	1564
payload.entry_candle_context.multi_timeframe_context.opening_range_15m.observed_no_trade_minutes.contains:08:03	collected_raw_precursor	categorical	1564	91.07	"{""False"": 1562, ""True"": 2}"	computed_or_insufficient	0.01551	0.01617	0.00301	1564
payload.entry_candle_context.multi_timeframe_context.opening_range_15m.observed_no_trade_minutes.contains:08:05	collected_raw_precursor	categorical	1564	91.07	"{""False"": 1557, ""True"": 7}"	computed_or_insufficient	0.00226	0.00124	0.00564	1564
payload.entry_candle_context.multi_timeframe_context.opening_range_15m.observed_no_trade_minutes.contains:08:06	collected_raw_precursor	categorical	1564	91.07	"{""False"": 1558, ""True"": 6}"	computed_or_insufficient	0.00435	0.00534	0.00522	1564
payload.entry_candle_context.multi_timeframe_context.opening_range_15m.observed_no_trade_minutes.contains:08:07	collected_raw_precursor	categorical	1564	91.07	"{""False"": 1556, ""True"": 8}"	computed_or_insufficient	0.01154	0.01273	0.00603	1564
payload.entry_candle_context.multi_timeframe_context.opening_range_15m.observed_no_trade_minutes.contains:08:08	collected_raw_precursor	categorical	1564	91.07	"{""False"": 1561, ""True"": 3}"	computed_or_insufficient	0.00308	0.00377	0.00369	1564
payload.entry_candle_context.multi_timeframe_context.opening_range_15m.observed_no_trade_minutes.contains:08:09	collected_raw_precursor	categorical	1564	91.07	"{""False"": 1562, ""True"": 2}"	computed_or_insufficient	0.02349	0.0231	0.00301	1564
payload.entry_candle_context.multi_timeframe_context.opening_range_15m.observed_no_trade_minutes.contains:08:10	collected_raw_precursor	categorical	1564	91.07	"{""False"": 1552, ""True"": 12}"	computed_or_insufficient	0.0098	0.00851	0.0074	1564
payload.entry_candle_context.multi_timeframe_context.opening_range_15m.observed_no_trade_minutes.contains:08:12	collected_raw_precursor	categorical	1564	91.07	"{""False"": 1563, ""True"": 1}"	computed_or_insufficient	0.0166	0.01633	0.00213	1564
payload.entry_candle_context.multi_timeframe_context.opening_range_15m.observed_no_trade_minutes.contains:08:13	collected_raw_precursor	categorical	1564	91.07	"{""False"": 1561, ""True"": 3}"	computed_or_insufficient	0.02878	0.0283	0.00369	1564
payload.entry_candle_context.multi_timeframe_context.opening_range_15m.observed_no_trade_minutes.contains:08:14	collected_raw_precursor	categorical	1564	91.07	"{""False"": 1563, ""True"": 1}"	computed_or_insufficient	0.0166	0.01633	0.00213	1564
payload.entry_candle_context.multi_timeframe_context.opening_range_15m.observed_no_trade_minutes.contains:09:00	collected_raw_precursor	categorical	1564	91.07	"{""False"": 1387, ""True"": 177}"	computed_or_insufficient	0.03826	0.03517	0.01824	1564
payload.entry_candle_context.multi_timeframe_context.opening_range_15m.observed_no_trade_minutes.contains:09:01	collected_raw_precursor	categorical	1564	91.07	"{""False"": 1181, ""True"": 383}"	computed_or_insufficient	0.05296	0.05432	0.00545	1564
payload.entry_candle_context.multi_timeframe_context.opening_range_15m.observed_no_trade_minutes.contains:09:02	collected_raw_precursor	categorical	1564	91.07	"{""False"": 1352, ""True"": 212}"	computed_or_insufficient	0.09301	0.08753	0.03333	1564
payload.entry_candle_context.multi_timeframe_context.opening_range_15m.observed_no_trade_minutes.contains:09:03	collected_raw_precursor	categorical	1564	91.07	"{""False"": 1380, ""True"": 184}"	computed_or_insufficient	0.04504	0.04407	0.00698	1564
payload.entry_candle_context.multi_timeframe_context.opening_range_15m.observed_no_trade_minutes.contains:09:04	collected_raw_precursor	categorical	1564	91.07	"{""False"": 1396, ""True"": 168}"	computed_or_insufficient	0.00267	0.00187	0.00449	1564
payload.entry_candle_context.multi_timeframe_context.opening_range_15m.observed_no_trade_minutes.contains:09:05	collected_raw_precursor	categorical	1564	91.07	"{""False"": 1443, ""True"": 121}"	computed_or_insufficient	0.06489	0.06086	0.02437	1564
payload.entry_candle_context.multi_timeframe_context.opening_range_15m.observed_no_trade_minutes.contains:09:06	collected_raw_precursor	categorical	1564	91.07	"{""False"": 1493, ""True"": 71}"	computed_or_insufficient	0.01595	0.02617	0.05515	1564
payload.entry_candle_context.multi_timeframe_context.opening_range_15m.observed_no_trade_minutes.contains:09:07	collected_raw_precursor	categorical	1564	91.07	"{""False"": 1438, ""True"": 126}"	computed_or_insufficient	0.04637	0.02548	0.11565	1564
payload.entry_candle_context.multi_timeframe_context.opening_range_15m.observed_no_trade_minutes.contains:09:08	collected_raw_precursor	categorical	1564	91.07	"{""False"": 1469, ""True"": 95}"	computed_or_insufficient	0.01523	0.01728	0.01063	1564
payload.entry_candle_context.multi_timeframe_context.opening_range_15m.observed_no_trade_minutes.contains:09:09	collected_raw_precursor	categorical	1564	91.07	"{""False"": 1402, ""True"": 162}"	computed_or_insufficient	0.02842	0.03386	0.02861	1564
payload.entry_candle_context.multi_timeframe_context.opening_range_15m.observed_no_trade_minutes.contains:09:10	collected_raw_precursor	categorical	1564	91.07	"{""False"": 1446, ""True"": 118}"	computed_or_insufficient	0.00283	0.00156	0.02404	1564
payload.entry_candle_context.multi_timeframe_context.opening_range_15m.observed_no_trade_minutes.contains:09:11	collected_raw_precursor	categorical	1564	91.07	"{""False"": 1353, ""True"": 211}"	computed_or_insufficient	0.01445	0.01667	0.01156	1564
payload.entry_candle_context.multi_timeframe_context.opening_range_15m.observed_no_trade_minutes.contains:09:12	collected_raw_precursor	categorical	1564	91.07	"{""False"": 1376, ""True"": 188}"	computed_or_insufficient	0.04022	0.04188	0.00758	1564
payload.entry_candle_context.multi_timeframe_context.opening_range_15m.observed_no_trade_minutes.contains:09:13	collected_raw_precursor	categorical	1564	91.07	"{""False"": 1458, ""True"": 106}"	computed_or_insufficient	0.01152	0.01576	0.02269	1564
payload.entry_candle_context.multi_timeframe_context.opening_range_15m.observed_no_trade_minutes.contains:09:14	collected_raw_precursor	categorical	1564	91.07	"{""False"": 1531, ""True"": 33}"	computed_or_insufficient	0.02849	0.02642	0.01236	1564
payload.entry_candle_context.multi_timeframe_context.opening_range_15m.observed_no_trade_minutes.contains:16:00	collected_raw_precursor	categorical	1564	91.07	"{""False"": 1556, ""True"": 8}"	computed_or_insufficient	0.00799	0.00694	0.00603	1564
payload.entry_candle_context.multi_timeframe_context.opening_range_15m.observed_no_trade_minutes.contains:16:01	collected_raw_precursor	categorical	1564	91.07	"{""False"": 1421, ""True"": 143}"	computed_or_insufficient	0.07706	0.08248	0.0267	1564
payload.entry_candle_context.multi_timeframe_context.opening_range_15m.observed_no_trade_minutes.contains:16:02	collected_raw_precursor	categorical	1564	91.07	"{""False"": 1562, ""True"": 2}"	computed_or_insufficient	0.01551	0.01617	0.00301	1564
payload.entry_candle_context.multi_timeframe_context.opening_range_15m.observed_no_trade_minutes.contains:16:03	collected_raw_precursor	categorical	1564	91.07	"{""False"": 1461, ""True"": 103}"	computed_or_insufficient	0.03361	0.03794	0.02235	1564
payload.entry_candle_context.multi_timeframe_context.opening_range_15m.observed_no_trade_minutes.contains:16:04	collected_raw_precursor	categorical	1564	91.07	"{""False"": 1563, ""True"": 1}"	computed_or_insufficient	0.0166	0.01633	0.00213	1564
payload.entry_candle_context.multi_timeframe_context.opening_range_15m.observed_no_trade_minutes.contains:16:05	collected_raw_precursor	categorical	1564	91.07	"{""False"": 1563, ""True"": 1}"	computed_or_insufficient	0.03853	0.03919	0.00213	1564
payload.entry_candle_context.multi_timeframe_context.opening_range_15m.observed_no_trade_minutes.contains:16:07	collected_raw_precursor	categorical	1564	91.07	"{""False"": 1460, ""True"": 104}"	computed_or_insufficient	0.03737	0.04174	0.02246	1564
payload.entry_candle_context.multi_timeframe_context.opening_range_15m.observed_no_trade_minutes.contains:16:08	collected_raw_precursor	categorical	1564	91.07	"{""False"": 1549, ""True"": 15}"	computed_or_insufficient	0.0074	0.00593	0.00828	1564
payload.entry_candle_context.multi_timeframe_context.opening_range_15m.observed_no_trade_minutes.contains:16:09	collected_raw_precursor	categorical	1564	91.07	"{""False"": 1553, ""True"": 11}"	computed_or_insufficient	0.00521	0.00395	0.00708	1564
payload.entry_candle_context.multi_timeframe_context.opening_range_15m.observed_no_trade_minutes.contains:16:10	collected_raw_precursor	categorical	1564	91.07	"{""False"": 1459, ""True"": 105}"	computed_or_insufficient	0.0411	0.04552	0.02258	1564
payload.entry_candle_context.multi_timeframe_context.opening_range_15m.observed_no_trade_minutes.contains:16:12	collected_raw_precursor	categorical	1564	91.07	"{""False"": 1557, ""True"": 7}"	computed_or_insufficient	0.0395	0.04081	0.00564	1564
payload.entry_candle_context.multi_timeframe_context.opening_range_15m.observed_no_trade_minutes.contains:16:13	collected_raw_precursor	categorical	1564	91.07	"{""False"": 1458, ""True"": 106}"	computed_or_insufficient	0.0337	0.03809	0.02269	1564
payload.entry_candle_context.multi_timeframe_context.opening_range_15m.observed_no_trade_minutes.length	collected_raw_precursor	numeric	1564	91.07	"{""max"": 7.0, ""mean"": 2.0044757033248084, ""min"": 1.0}"	computed_or_insufficient	-0.01055	0.01497	-0.02371	1564
payload.entry_candle_context.multi_timeframe_context.opening_range_15m.open	collected_raw_precursor	numeric	12860	26.55	"{""max"": 673000.0, ""mean"": 34583.27433903577, ""min"": 1030.0}"	computed_or_insufficient	-0.05844	0.05799	0.00395	12860
payload.entry_candle_context.multi_timeframe_context.opening_range_15m.range_pct	collected_raw_precursor	numeric	12860	26.55	"{""max"": 31.4828, ""mean"": 6.095794253499128, ""min"": 0.3226}"	computed_or_insufficient	0.04767	-0.04557	-0.01272	12860
payload.entry_candle_context.multi_timeframe_context.opening_range_15m.reason	collected_raw_precursor	categorical	1620	90.75	"{""minute_source_quality_blocked"": 943, ""opening_range_missing_minutes"": 677}"	computed_or_insufficient	0.03911	0.04138	0.02979	1620
payload.entry_candle_context.multi_timeframe_context.opening_range_15m.source_bar_count	collected_raw_precursor	numeric	12860	26.55	"{""max"": 15.0, ""mean"": 14.756220839813375, ""min"": 8.0}"	computed_or_insufficient	-0.03737	0.0363	0.00684	12860
payload.entry_candle_context.multi_timeframe_context.opening_range_15m.status	collected_raw_precursor	categorical	14480	17.3	"{""pass"": 12860, ""source_quality_blocked"": 1620}"	computed_or_insufficient	0.02283	0.01866	0.02448	14480
payload.entry_candle_context.multi_timeframe_context.opening_range_5m.close	collected_raw_precursor	numeric	13451	23.18	"{""max"": 691000.0, ""mean"": 34901.52434763215, ""min"": 1064.0}"	computed_or_insufficient	-0.05489	0.05452	0.00347	13451
payload.entry_candle_context.multi_timeframe_context.opening_range_5m.high	collected_raw_precursor	numeric	13451	23.18	"{""max"": 693000.0, ""mean"": 35578.10437885659, ""min"": 1064.0}"	computed_or_insufficient	-0.05447	0.05412	0.00335	13451
payload.entry_candle_context.multi_timeframe_context.opening_range_5m.low	collected_raw_precursor	numeric	13451	23.18	"{""max"": 673000.0, ""mean"": 34433.650286224074, ""min"": 1030.0}"	computed_or_insufficient	-0.05553	0.05516	0.00346	13451
payload.entry_candle_context.multi_timeframe_context.opening_range_5m.minutes	collected_raw_precursor	numeric	13451	23.18	"{""max"": 5.0, ""mean"": 5.0, ""min"": 5.0}"	computed_or_insufficient				13451
payload.entry_candle_context.multi_timeframe_context.opening_range_5m.missing_minutes.contains:08:01	collected_raw_precursor	categorical	86	99.51	"{""False"": 79, ""True"": 7}"	computed_or_insufficient	0.20575	0.20575		86
payload.entry_candle_context.multi_timeframe_context.opening_range_5m.missing_minutes.contains:08:02	collected_raw_precursor	categorical	86	99.51	"{""False"": 82, ""True"": 4}"	computed_or_insufficient	0.1156	0.1156		86
payload.entry_candle_context.multi_timeframe_context.opening_range_5m.missing_minutes.contains:08:03	collected_raw_precursor	categorical	86	99.51	"{""False"": 75, ""True"": 11}"	computed_or_insufficient	0.02592	0.02592		86
payload.entry_candle_context.multi_timeframe_context.opening_range_5m.missing_minutes.contains:08:04	collected_raw_precursor	categorical	86	99.51	"{""False"": 56, ""True"": 30}"	computed_or_insufficient	0.17821	0.17821		86
payload.entry_candle_context.multi_timeframe_context.opening_range_5m.missing_minutes.contains:09:00	collected_raw_precursor	categorical	86	99.51	"{""False"": 85, ""True"": 1}"	computed_or_insufficient	0.10597	0.10597		86
payload.entry_candle_context.multi_timeframe_context.opening_range_5m.missing_minutes.contains:09:01	collected_raw_precursor	categorical	86	99.51	"{""False"": 85, ""True"": 1}"	computed_or_insufficient	0.10597	0.10597		86
payload.entry_candle_context.multi_timeframe_context.opening_range_5m.missing_minutes.contains:09:03	collected_raw_precursor	categorical	86	99.51	"{""False"": 78, ""True"": 8}"	computed_or_insufficient	0.08754	0.08754		86
payload.entry_candle_context.multi_timeframe_context.opening_range_5m.missing_minutes.contains:09:04	collected_raw_precursor	categorical	86	99.51	"{""False"": 58, ""True"": 28}"	computed_or_insufficient	0.01616	0.01616		86
payload.entry_candle_context.multi_timeframe_context.opening_range_5m.missing_minutes.contains:16:00	collected_raw_precursor	categorical	86	99.51	"{""False"": 85, ""True"": 1}"	computed_or_insufficient	0.11102	0.11102		86
payload.entry_candle_context.multi_timeframe_context.opening_range_5m.missing_minutes.contains:16:01	collected_raw_precursor	categorical	86	99.51	"{""False"": 77, ""True"": 9}"	computed_or_insufficient	0.04595	0.04595		86
payload.entry_candle_context.multi_timeframe_context.opening_range_5m.missing_minutes.contains:16:02	collected_raw_precursor	categorical	86	99.51	"{""False"": 71, ""True"": 15}"	computed_or_insufficient	0.10264	0.10264		86
payload.entry_candle_context.multi_timeframe_context.opening_range_5m.missing_minutes.contains:16:03	collected_raw_precursor	categorical	86	99.51	"{""False"": 65, ""True"": 21}"	computed_or_insufficient	0.20274	0.20274		86
payload.entry_candle_context.multi_timeframe_context.opening_range_5m.missing_minutes.contains:16:04	collected_raw_precursor	categorical	86	99.51	"{""False"": 58, ""True"": 28}"	computed_or_insufficient	0.16509	0.16509		86
payload.entry_candle_context.multi_timeframe_context.opening_range_5m.missing_minutes.length	collected_raw_precursor	numeric	86	99.51	"{""max"": 5.0, ""mean"": 1.9069767441860466, ""min"": 1.0}"	computed_or_insufficient	-0.11205	0.11205		86
payload.entry_candle_context.multi_timeframe_context.opening_range_5m.observed_no_trade_minutes.contains:08:00	collected_raw_precursor	categorical	1124	93.58	"{""False"": 1115, ""True"": 9}"	computed_or_insufficient	0.00766	0.00821	0.00465	1124
payload.entry_candle_context.multi_timeframe_context.opening_range_5m.observed_no_trade_minutes.contains:08:01	collected_raw_precursor	categorical	1124	93.58	"{""False"": 939, ""True"": 185}"	computed_or_insufficient	0.0817	0.08452	0.02296	1124
payload.entry_candle_context.multi_timeframe_context.opening_range_5m.observed_no_trade_minutes.contains:08:02	collected_raw_precursor	categorical	1124	93.58	"{""False"": 1115, ""True"": 9}"	computed_or_insufficient	0.01424	0.01375	0.00465	1124
payload.entry_candle_context.multi_timeframe_context.opening_range_5m.observed_no_trade_minutes.contains:08:03	collected_raw_precursor	categorical	1124	93.58	"{""False"": 1107, ""True"": 17}"	computed_or_insufficient	0.01589	0.01666	0.00641	1124
payload.entry_candle_context.multi_timeframe_context.opening_range_5m.observed_no_trade_minutes.contains:09:00	collected_raw_precursor	categorical	1124	93.58	"{""False"": 946, ""True"": 178}"	computed_or_insufficient	0.05657	0.04855	0.07203	1124
payload.entry_candle_context.multi_timeframe_context.opening_range_5m.observed_no_trade_minutes.contains:09:01	collected_raw_precursor	categorical	1124	93.58	"{""False"": 731, ""True"": 393}"	computed_or_insufficient	0.05621	0.06437	0.07055	1124
payload.entry_candle_context.multi_timeframe_context.opening_range_5m.observed_no_trade_minutes.contains:09:02	collected_raw_precursor	categorical	1124	93.58	"{""False"": 910, ""True"": 214}"	computed_or_insufficient	0.1045	0.10193	0.02509	1124
payload.entry_candle_context.multi_timeframe_context.opening_range_5m.observed_no_trade_minutes.contains:09:03	collected_raw_precursor	categorical	1124	93.58	"{""False"": 915, ""True"": 209}"	computed_or_insufficient	0.0479	0.05025	0.0196	1124
payload.entry_candle_context.multi_timeframe_context.opening_range_5m.observed_no_trade_minutes.contains:09:04	collected_raw_precursor	categorical	1124	93.58	"{""False"": 937, ""True"": 187}"	computed_or_insufficient	0.00036	0.00299	0.02319	1124
payload.entry_candle_context.multi_timeframe_context.opening_range_5m.observed_no_trade_minutes.contains:16:00	collected_raw_precursor	categorical	1124	93.58	"{""False"": 1111, ""True"": 13}"	computed_or_insufficient	0.02139	0.02208	0.0056	1124
payload.entry_candle_context.multi_timeframe_context.opening_range_5m.observed_no_trade_minutes.contains:16:01	collected_raw_precursor	categorical	1124	93.58	"{""False"": 976, ""True"": 148}"	computed_or_insufficient	0.10631	0.10888	0.02014	1124
payload.entry_candle_context.multi_timeframe_context.opening_range_5m.observed_no_trade_minutes.contains:16:02	collected_raw_precursor	categorical	1124	93.58	"{""False"": 1119, ""True"": 5}"	computed_or_insufficient	0.0448	0.04532	0.00346	1124
payload.entry_candle_context.multi_timeframe_context.opening_range_5m.observed_no_trade_minutes.contains:16:03	collected_raw_precursor	categorical	1124	93.58	"{""False"": 1018, ""True"": 106}"	computed_or_insufficient	0.05199	0.05402	0.01669	1124
payload.entry_candle_context.multi_timeframe_context.opening_range_5m.observed_no_trade_minutes.contains:16:04	collected_raw_precursor	categorical	1124	93.58	"{""False"": 1122, ""True"": 2}"	computed_or_insufficient	0.01904	0.01933	0.00218	1124
payload.entry_candle_context.multi_timeframe_context.opening_range_5m.observed_no_trade_minutes.length	collected_raw_precursor	numeric	1124	93.58	"{""max"": 4.0, ""mean"": 1.4902135231316727, ""min"": 1.0}"	computed_or_insufficient	-0.03221	0.02534	0.06131	1124
payload.entry_candle_context.multi_timeframe_context.opening_range_5m.open	collected_raw_precursor	numeric	13451	23.18	"{""max"": 673000.0, ""mean"": 34794.72775258345, ""min"": 1030.0}"	computed_or_insufficient	-0.05552	0.05515	0.00352	13451
payload.entry_candle_context.multi_timeframe_context.opening_range_5m.range_pct	collected_raw_precursor	numeric	13451	23.18	"{""max"": 22.7901, ""mean"": 4.349293888930192, ""min"": 0.0}"	computed_or_insufficient	0.04552	-0.04323	-0.01397	13451
payload.entry_candle_context.multi_timeframe_context.opening_range_5m.reason	collected_raw_precursor	categorical	1029	94.12	"{""minute_source_quality_blocked"": 943, ""opening_range_missing_minutes"": 86}"	computed_or_insufficient	0.10352	0.10493	0.01333	1029
payload.entry_candle_context.multi_timeframe_context.opening_range_5m.source_bar_count	collected_raw_precursor	numeric	13451	23.18	"{""max"": 5.0, ""mean"": 4.87547394245781, ""min"": 1.0}"	computed_or_insufficient	-0.03385	0.03221	0.01006	13451
payload.entry_candle_context.multi_timeframe_context.opening_range_5m.status	collected_raw_precursor	categorical	14480	17.3	"{""pass"": 13451, ""source_quality_blocked"": 1029}"	computed_or_insufficient	0.0183	0.01547	0.01672	14480
payload.entry_candle_context.multi_timeframe_context.payload_hash	collected_raw_precursor	categorical	14480	17.3	{}	high_cardinality				14480
payload.entry_candle_context.multi_timeframe_context.previous_day_levels.close	collected_raw_precursor	numeric	14480	17.3	"{""max"": 668000.0, ""mean"": 31903.08729281768, ""min"": 783.0}"	computed_or_insufficient	-0.05702	0.05638	0.00508	14480
payload.entry_candle_context.multi_timeframe_context.previous_day_levels.date	collected_raw_precursor	categorical	14480	17.3	"{""2026-09-11"": 2960, ""2026-09-14"": 3484, ""2026-09-15"": 4694, ""2026-09-16"": 3342}"	computed_or_insufficient	0.06211	0.05863	0.02439	14480
payload.entry_candle_context.multi_timeframe_context.previous_day_levels.high	collected_raw_precursor	numeric	14480	17.3	"{""max"": 677000.0, ""mean"": 33233.35172651934, ""min"": 783.0}"	computed_or_insufficient	-0.0565	0.05594	0.00463	14480
payload.entry_candle_context.multi_timeframe_context.previous_day_levels.low	collected_raw_precursor	numeric	14480	17.3	"{""max"": 662000.0, ""mean"": 30613.667334254143, ""min"": 783.0}"	computed_or_insufficient	-0.05685	0.05616	0.00537	14480
payload.entry_candle_context.multi_timeframe_context.previous_day_levels.request_code	collected_raw_precursor	categorical	14480	17.3	{}	high_cardinality				14480
payload.entry_candle_context.multi_timeframe_context.previous_day_levels.source	collected_raw_precursor	categorical	14480	17.3	"{""kiwoom_ka10005"": 14480}"	computed_or_insufficient				14480
payload.entry_candle_context.multi_timeframe_context.previous_day_levels.source_quality	collected_raw_precursor	categorical	14480	17.3	"{""pass"": 14480}"	computed_or_insufficient				14480
payload.entry_candle_context.multi_timeframe_context.previous_day_levels.venue_basis	collected_raw_precursor	categorical	14480	17.3	"{""KRX"": 13628, ""NXT"": 852}"	computed_or_insufficient	0.00178	0.00483	0.01743	14480
payload.entry_candle_context.multi_timeframe_context.promotion_activation.activation_source	collected_raw_precursor	categorical	14480	17.3	"{""atomic_promotion_artifact"": 14480}"	identity_or_clock				14480
payload.entry_candle_context.multi_timeframe_context.promotion_activation.active	collected_raw_precursor	categorical	14480	17.3	"{""True"": 14480}"	identity_or_clock				14480
payload.entry_candle_context.multi_timeframe_context.promotion_activation.promoted_at	collected_raw_precursor	categorical	14480	17.3	"{""2026-07-29T08:56:22.020665+09:00"": 14480}"	identity_or_clock				14480
payload.entry_candle_context.multi_timeframe_context.promotion_activation.promotion_artifact	collected_raw_precursor	categorical	14480	17.3	"{""/home/ubuntu/KORStockScan/data/runtime/ai_multi_timeframe_context_promotion_2026-07-29.json"": 14480}"	identity_or_clock				14480
payload.entry_candle_context.multi_timeframe_context.promotion_activation.promotion_artifact_required	collected_raw_precursor	categorical	14480	17.3	"{""True"": 14480}"	identity_or_clock				14480
payload.entry_candle_context.multi_timeframe_context.promotion_activation.promotion_mode	collected_raw_precursor	categorical	14480	17.3	"{""operator_directed_full_promotion"": 14480}"	identity_or_clock				14480
payload.entry_candle_context.multi_timeframe_context.promotion_activation.promotion_rollover	collected_raw_precursor	categorical	14480	17.3	"{""True"": 14480}"	identity_or_clock				14480
payload.entry_candle_context.multi_timeframe_context.promotion_activation.promotion_sha256	collected_raw_precursor	categorical	14480	17.3	"{""f5e8df9127ce9ddd3a7c61a4f10e6fd3227080cd67bef95a328c87d69685abd8"": 14480}"	identity_or_clock				14480
payload.entry_candle_context.multi_timeframe_context.promotion_activation.promotion_target_date	collected_raw_precursor	categorical	14480	17.3	"{""2026-07-29"": 14480}"	identity_or_clock				14480
payload.entry_candle_context.multi_timeframe_context.promotion_activation.runtime_env_readback	collected_raw_precursor	categorical	14480	17.3	"{""complete_exact_v2"": 14480}"	identity_or_clock				14480
payload.entry_candle_context.multi_timeframe_context.promotion_activation.target_date	collected_raw_precursor	categorical	14480	17.3	"{""2026-09-14"": 2960, ""2026-09-15"": 3484, ""2026-09-16"": 4694, ""2026-09-17"": 3342}"	identity_or_clock				14480
payload.entry_candle_context.multi_timeframe_context.schema	collected_raw_precursor	categorical	14480	17.3	"{""scalping_multi_timeframe_context_v1"": 14480}"	computed_or_insufficient				14480
payload.entry_candle_context.multi_timeframe_context.sector_context.reason	collected_raw_precursor	categorical	14480	17.3	"{""sector_index_code_missing"": 14480}"	computed_or_insufficient				14480
payload.entry_candle_context.multi_timeframe_context.sector_context.source	collected_raw_precursor	categorical	14480	17.3	"{""kiwoom_ka20005"": 14480}"	computed_or_insufficient				14480
payload.entry_candle_context.multi_timeframe_context.sector_context.source_quality.status	collected_raw_precursor	categorical	14480	17.3	"{""source_unavailable"": 14480}"	computed_or_insufficient				14480
payload.entry_candle_context.multi_timeframe_context.sector_context.stock_return_15m_pct	collected_raw_precursor	numeric	12822	26.77	"{""max"": 31.3149, ""mean"": 1.489128989237254, ""min"": -16.1179}"	computed_or_insufficient	0.09657	-0.1023	0.02884	12822
payload.entry_candle_context.multi_timeframe_context.sector_context.stock_return_5m_pct	collected_raw_precursor	numeric	13428	23.31	"{""max"": 18.9474, ""mean"": 0.8092618558236591, ""min"": -11.7007}"	computed_or_insufficient	0.113	-0.11921	0.03187	13428
payload.entry_candle_context.multi_timeframe_context.session_bar_vwap.completed_volume	collected_raw_precursor	numeric	13537	22.69	"{""max"": 71333011.0, ""mean"": 4571532.508236685, ""min"": 1.0}"	computed_or_insufficient	-0.01922	0.02389	-0.02571	13537
payload.entry_candle_context.multi_timeframe_context.session_bar_vwap.forming_bar_excluded	collected_raw_precursor	categorical	13537	22.69	"{""True"": 13537}"	computed_or_insufficient				13537
payload.entry_candle_context.multi_timeframe_context.session_bar_vwap.formula	collected_raw_precursor	categorical	13537	22.69	"{""sum(((high+low+close)/3)*volume)/sum(volume)"": 13537}"	computed_or_insufficient				13537
payload.entry_candle_context.multi_timeframe_context.session_bar_vwap.reason	collected_raw_precursor	categorical	943	94.61	"{""minute_source_quality_blocked"": 943}"	computed_or_insufficient				943
payload.entry_candle_context.multi_timeframe_context.session_bar_vwap.source_bar_count	collected_raw_precursor	numeric	13537	22.69	"{""max"": 369.0, ""mean"": 156.82470266676515, ""min"": 1.0}"	computed_or_insufficient	-0.04292	0.04261	0.00281	13537
payload.entry_candle_context.multi_timeframe_context.session_bar_vwap.status	collected_raw_precursor	categorical	14480	17.3	"{""pass"": 13537, ""source_quality_blocked"": 943}"	computed_or_insufficient	0.02554	0.02297	0.01539	14480
payload.entry_candle_context.multi_timeframe_context.session_bar_vwap.value	collected_raw_precursor	numeric	13537	22.69	"{""max"": 692053.7625, ""mean"": 35929.63571374747, ""min"": 1136.0342}"	computed_or_insufficient	-0.05562	0.05529	0.00323	13537
payload.entry_candle_context.multi_timeframe_context.session_bar_vwap.zero_trade_minutes_synthetic_fill	collected_raw_precursor	categorical	13537	22.69	"{""False"": 13537}"	computed_or_insufficient				13537
payload.entry_candle_context.multi_timeframe_context.source_payload_hash	collected_raw_precursor	categorical	14480	17.3	{}	high_cardinality				14480
payload.entry_candle_context.multi_timeframe_context.source_quality.blockers.contains:missing_completed_minutes	collected_raw_precursor	categorical	943	94.61	"{""False"": 3, ""True"": 940}"	computed_or_insufficient	0.03812	0.03793	0.0026	943
payload.entry_candle_context.multi_timeframe_context.source_quality.blockers.contains:no_completed_bars	collected_raw_precursor	categorical	943	94.61	"{""False"": 940, ""True"": 3}"	computed_or_insufficient	0.03812	0.03793	0.0026	943
payload.entry_candle_context.multi_timeframe_context.source_quality.blockers.length	collected_raw_precursor	numeric	943	94.61	"{""max"": 1.0, ""mean"": 1.0, ""min"": 1.0}"	computed_or_insufficient				943
payload.entry_candle_context.multi_timeframe_context.source_quality.completed_bar_count	collected_raw_precursor	numeric	14480	17.3	"{""max"": 369.0, ""mean"": 155.08377071823205, ""min"": 0.0}"	computed_or_insufficient	-0.04292	0.04263	0.00275	14480
payload.entry_candle_context.multi_timeframe_context.source_quality.duplicate_conflict_count	collected_raw_precursor	numeric	14480	17.3	"{""max"": 0.0, ""mean"": 0.0, ""min"": 0.0}"	computed_or_insufficient				14480
payload.entry_candle_context.multi_timeframe_context.source_quality.duplicate_count	collected_raw_precursor	numeric	14480	17.3	"{""max"": 0.0, ""mean"": 0.0, ""min"": 0.0}"	computed_or_insufficient				14480
payload.entry_candle_context.multi_timeframe_context.source_quality.excluded_other_date_count	collected_raw_precursor	numeric	14480	17.3	"{""max"": 0.0, ""mean"": 0.0, ""min"": 0.0}"	computed_or_insufficient				14480
payload.entry_candle_context.multi_timeframe_context.source_quality.excluded_other_session_count	collected_raw_precursor	numeric	14480	17.3	"{""max"": 0.0, ""mean"": 0.0, ""min"": 0.0}"	computed_or_insufficient				14480
payload.entry_candle_context.multi_timeframe_context.source_quality.forming_bar_count	collected_raw_precursor	numeric	14480	17.3	"{""max"": 1.0, ""mean"": 0.9738259668508288, ""min"": 0.0}"	computed_or_insufficient	-0.00916	0.0068	0.01374	14480
payload.entry_candle_context.multi_timeframe_context.source_quality.invalid_row_count	collected_raw_precursor	numeric	14480	17.3	"{""max"": 0.0, ""mean"": 0.0, ""min"": 0.0}"	computed_or_insufficient				14480
payload.entry_candle_context.multi_timeframe_context.source_quality.market_route_conflict_count	collected_raw_precursor	numeric	14480	17.3	"{""max"": 0.0, ""mean"": 0.0, ""min"": 0.0}"	computed_or_insufficient				14480
payload.entry_candle_context.multi_timeframe_context.source_quality.max_consecutive_missing_minute_count	collected_raw_precursor	numeric	14480	17.3	"{""max"": 117.0, ""mean"": 1.5954419889502762, ""min"": 0.0}"	computed_or_insufficient	0.01424	-0.01211	-0.01262	14480
payload.entry_candle_context.multi_timeframe_context.source_quality.minute_gap_interpretation	collected_raw_precursor	categorical	14480	17.3	"{""ka10080_extended_gap_source_quality_blocked"": 940, ""ka10080_no_trade_interval_no_synthetic_fill"": 13540}"	computed_or_insufficient	0.02495	0.02238	0.01535	14480
payload.entry_candle_context.multi_timeframe_context.source_quality.missing_minute_count	collected_raw_precursor	numeric	14480	17.3	"{""max"": 267.0, ""mean"": 6.18646408839779, ""min"": 0.0}"	computed_or_insufficient	0.02628	-0.02385	-0.0146	14480
payload.entry_candle_context.multi_timeframe_context.source_quality.missing_minutes.contains:08:01	collected_raw_precursor	categorical	7563	56.81	"{""False"": 7380, ""True"": 183}"	computed_or_insufficient	0.01142	0.01383	0.01323	7563
payload.entry_candle_context.multi_timeframe_context.source_quality.missing_minutes.contains:08:02	collected_raw_precursor	categorical	7563	56.81	"{""False"": 7552, ""True"": 11}"	computed_or_insufficient	0.00213	0.00271	0.00321	7563
payload.entry_candle_context.multi_timeframe_context.source_quality.missing_minutes.contains:08:03	collected_raw_precursor	categorical	7563	56.81	"{""False"": 7546, ""True"": 17}"	computed_or_insufficient	0.00157	0.00229	0.00399	7563
payload.entry_candle_context.multi_timeframe_context.source_quality.missing_minutes.contains:08:05	collected_raw_precursor	categorical	7563	56.81	"{""False"": 7556, ""True"": 7}"	computed_or_insufficient	0.00332	0.00288	0.00256	7563
payload.entry_candle_context.multi_timeframe_context.source_quality.missing_minutes.contains:08:06	collected_raw_precursor	categorical	7563	56.81	"{""False"": 7513, ""True"": 50}"	computed_or_insufficient	0.01082	0.01209	0.00685	7563
payload.entry_candle_context.multi_timeframe_context.source_quality.missing_minutes.contains:08:07	collected_raw_precursor	categorical	7563	56.81	"{""False"": 7555, ""True"": 8}"	computed_or_insufficient	0.00259	0.00309	0.00273	7563
payload.entry_candle_context.multi_timeframe_context.source_quality.missing_minutes.contains:08:08	collected_raw_precursor	categorical	7563	56.81	"{""False"": 7511, ""True"": 52}"	computed_or_insufficient	0.01171	0.01301	0.00699	7563
payload.entry_candle_context.multi_timeframe_context.source_quality.missing_minutes.contains:08:09	collected_raw_precursor	categorical	7563	56.81	"{""False"": 7517, ""True"": 46}"	computed_or_insufficient	0.00894	0.01015	0.00657	7563
payload.entry_candle_context.multi_timeframe_context.source_quality.missing_minutes.contains:08:10	collected_raw_precursor	categorical	7563	56.81	"{""False"": 7542, ""True"": 21}"	computed_or_insufficient	0.00044	0.00034	0.00443	7563
payload.entry_candle_context.multi_timeframe_context.source_quality.missing_minutes.contains:08:12	collected_raw_precursor	categorical	7563	56.81	"{""False"": 7518, ""True"": 45}"	computed_or_insufficient	0.01026	0.01147	0.0065	7563
payload.entry_candle_context.multi_timeframe_context.source_quality.missing_minutes.contains:08:13	collected_raw_precursor	categorical	7563	56.81	"{""False"": 7516, ""True"": 47}"	computed_or_insufficient	0.00764	0.00886	0.00664	7563
payload.entry_candle_context.multi_timeframe_context.source_quality.missing_minutes.contains:08:14	collected_raw_precursor	categorical	7563	56.81	"{""False"": 7562, ""True"": 1}"	computed_or_insufficient	0.0082	0.00808	0.00097	7563
payload.entry_candle_context.multi_timeframe_context.source_quality.missing_minutes.contains:08:16	collected_raw_precursor	categorical	7563	56.81	"{""False"": 7519, ""True"": 44}"	computed_or_insufficient	0.01162	0.01282	0.00643	7563
payload.entry_candle_context.multi_timeframe_context.source_quality.missing_minutes.contains:08:17	collected_raw_precursor	categorical	7563	56.81	"{""False"": 7508, ""True"": 55}"	computed_or_insufficient	0.00477	0.00607	0.00719	7563
payload.entry_candle_context.multi_timeframe_context.source_quality.missing_minutes.contains:08:18	collected_raw_precursor	categorical	7563	56.81	"{""False"": 7519, ""True"": 44}"	computed_or_insufficient	0.01162	0.01282	0.00643	7563
payload.entry_candle_context.multi_timeframe_context.source_quality.missing_minutes.contains:08:19	collected_raw_precursor	categorical	7563	56.81	"{""False"": 7519, ""True"": 44}"	computed_or_insufficient	0.01162	0.01282	0.00643	7563
payload.entry_candle_context.multi_timeframe_context.source_quality.missing_minutes.contains:08:22	collected_raw_precursor	categorical	7563	56.81	"{""False"": 7519, ""True"": 44}"	computed_or_insufficient	0.01162	0.01282	0.00643	7563
payload.entry_candle_context.multi_timeframe_context.source_quality.missing_minutes.contains:08:24	collected_raw_precursor	categorical	7563	56.81	"{""False"": 7519, ""True"": 44}"	computed_or_insufficient	0.01162	0.01282	0.00643	7563
payload.entry_candle_context.multi_timeframe_context.source_quality.missing_minutes.contains:09:01	collected_raw_precursor	categorical	7563	56.81	"{""False"": 7279, ""True"": 284}"	computed_or_insufficient	0.04383	0.04259	0.00826	7563
payload.entry_candle_context.multi_timeframe_context.source_quality.missing_minutes.contains:09:02	collected_raw_precursor	categorical	7563	56.81	"{""False"": 7283, ""True"": 280}"	computed_or_insufficient	0.03324	0.0305	0.01647	7563
payload.entry_candle_context.multi_timeframe_context.source_quality.missing_minutes.contains:09:03	collected_raw_precursor	categorical	7563	56.81	"{""False"": 7244, ""True"": 319}"	computed_or_insufficient	0.03283	0.03128	0.00974	7563
payload.entry_candle_context.multi_timeframe_context.source_quality.missing_minutes.contains:09:04	collected_raw_precursor	categorical	7563	56.81	"{""False"": 7178, ""True"": 385}"	computed_or_insufficient	0.02654	0.02451	0.01224	7563
payload.entry_candle_context.multi_timeframe_context.source_quality.missing_minutes.contains:09:05	collected_raw_precursor	categorical	7563	56.81	"{""False"": 7365, ""True"": 198}"	computed_or_insufficient	0.04516	0.04296	0.01377	7563
payload.entry_candle_context.multi_timeframe_context.source_quality.missing_minutes.contains:09:06	collected_raw_precursor	categorical	7563	56.81	"{""False"": 7306, ""True"": 257}"	computed_or_insufficient	0.04428	0.04482	0.00174	7563
payload.entry_candle_context.multi_timeframe_context.source_quality.missing_minutes.contains:09:07	collected_raw_precursor	categorical	7563	56.81	"{""False"": 7249, ""True"": 314}"	computed_or_insufficient	0.02932	0.03342	0.02224	7563
payload.entry_candle_context.multi_timeframe_context.source_quality.missing_minutes.contains:09:08	collected_raw_precursor	categorical	7563	56.81	"{""False"": 7399, ""True"": 164}"	computed_or_insufficient	0.01213	0.01191	0.00162	7563
payload.entry_candle_context.multi_timeframe_context.source_quality.missing_minutes.contains:09:09	collected_raw_precursor	categorical	7563	56.81	"{""False"": 7219, ""True"": 344}"	computed_or_insufficient	0.00407	0.00084	0.01834	7563
payload.entry_candle_context.multi_timeframe_context.source_quality.missing_minutes.contains:09:10	collected_raw_precursor	categorical	7563	56.81	"{""False"": 7300, ""True"": 263}"	computed_or_insufficient	0.04688	0.0443	0.01595	7563
payload.entry_candle_context.multi_timeframe_context.source_quality.missing_minutes.contains:09:11	collected_raw_precursor	categorical	7563	56.81	"{""False"": 7083, ""True"": 480}"	computed_or_insufficient	0.0148	0.01331	0.00887	7563
payload.entry_candle_context.multi_timeframe_context.source_quality.missing_minutes.contains:09:12	collected_raw_precursor	categorical	7563	56.81	"{""False"": 7283, ""True"": 280}"	computed_or_insufficient	0.00527	0.00673	0.00808	7563
payload.entry_candle_context.multi_timeframe_context.source_quality.missing_minutes.contains:09:13	collected_raw_precursor	categorical	7563	56.81	"{""False"": 7258, ""True"": 305}"	computed_or_insufficient	0.00018	0.00323	0.01722	7563
payload.entry_candle_context.multi_timeframe_context.source_quality.missing_minutes.contains:09:14	collected_raw_precursor	categorical	7563	56.81	"{""False"": 7279, ""True"": 284}"	computed_or_insufficient	0.00117	0.00177	0.01659	7563
payload.entry_candle_context.multi_timeframe_context.source_quality.missing_minutes.contains:09:15	collected_raw_precursor	categorical	7563	56.81	"{""False"": 7242, ""True"": 321}"	computed_or_insufficient	0.04755	0.04466	0.01769	7563
payload.entry_candle_context.multi_timeframe_context.source_quality.missing_minutes.contains:09:16	collected_raw_precursor	categorical	7563	56.81	"{""False"": 7248, ""True"": 315}"	computed_or_insufficient	0.05074	0.0479	0.01751	7563
payload.entry_candle_context.multi_timeframe_context.source_quality.missing_minutes.contains:09:17	collected_raw_precursor	categorical	7563	56.81	"{""False"": 7279, ""True"": 284}"	computed_or_insufficient	0.01441	0.01302	0.00826	7563
payload.entry_candle_context.multi_timeframe_context.source_quality.missing_minutes.contains:09:18	collected_raw_precursor	categorical	7563	56.81	"{""False"": 7199, ""True"": 364}"	computed_or_insufficient	0.02453	0.02131	0.01889	7563
payload.entry_candle_context.multi_timeframe_context.source_quality.missing_minutes.contains:09:19	collected_raw_precursor	categorical	7563	56.81	"{""False"": 7363, ""True"": 200}"	computed_or_insufficient	0.03043	0.02814	0.01385	7563
payload.entry_candle_context.multi_timeframe_context.source_quality.missing_minutes.contains:09:20	collected_raw_precursor	categorical	7563	56.81	"{""False"": 7204, ""True"": 359}"	computed_or_insufficient	0.0159	0.0153	0.00384	7563
payload.entry_candle_context.multi_timeframe_context.source_quality.missing_minutes.contains:09:21	collected_raw_precursor	categorical	7563	56.81	"{""False"": 7352, ""True"": 211}"	computed_or_insufficient	0.00369	0.00289	0.00461	7563
payload.entry_candle_context.multi_timeframe_context.source_quality.missing_minutes.contains:09:22	collected_raw_precursor	categorical	7563	56.81	"{""False"": 7441, ""True"": 122}"	computed_or_insufficient	0.00033	0.00289	0.01441	7563
payload.entry_candle_context.multi_timeframe_context.source_quality.missing_minutes.contains:09:23	collected_raw_precursor	categorical	7563	56.81	"{""False"": 7195, ""True"": 368}"	computed_or_insufficient	0.01576	0.01378	0.01163	7563
payload.entry_candle_context.multi_timeframe_context.source_quality.missing_minutes.contains:09:24	collected_raw_precursor	categorical	7563	56.81	"{""False"": 6980, ""True"": 583}"	computed_or_insufficient	0.02165	0.02272	0.00543	7563
payload.entry_candle_context.multi_timeframe_context.source_quality.missing_minutes.contains:09:25	collected_raw_precursor	categorical	7563	56.81	"{""False"": 7071, ""True"": 492}"	computed_or_insufficient	0.04644	0.04617	0.00288	7563
payload.entry_candle_context.multi_timeframe_context.source_quality.missing_minutes.contains:09:26	collected_raw_precursor	categorical	7563	56.81	"{""False"": 7112, ""True"": 451}"	computed_or_insufficient	0.02258	0.01895	0.02115	7563
payload.entry_candle_context.multi_timeframe_context.source_quality.missing_minutes.contains:09:27	collected_raw_precursor	categorical	7563	56.81	"{""False"": 7306, ""True"": 257}"	computed_or_insufficient	0.0026	0.00018	0.01576	7563
payload.entry_candle_context.multi_timeframe_context.source_quality.missing_minutes.contains:09:28	collected_raw_precursor	categorical	7563	56.81	"{""False"": 7179, ""True"": 384}"	computed_or_insufficient	0.03888	0.03564	0.01943	7563
payload.entry_candle_context.multi_timeframe_context.source_quality.missing_minutes.contains:09:29	collected_raw_precursor	categorical	7563	56.81	"{""False"": 7278, ""True"": 285}"	computed_or_insufficient	0.0281	0.02677	0.0083	7563
payload.entry_candle_context.multi_timeframe_context.source_quality.missing_minutes.contains:09:30	collected_raw_precursor	categorical	7563	56.81	"{""False"": 7333, ""True"": 230}"	computed_or_insufficient	0.02512	0.02134	0.02204	7563
payload.entry_candle_context.multi_timeframe_context.source_quality.missing_minutes.contains:09:31	collected_raw_precursor	categorical	7563	56.81	"{""False"": 7034, ""True"": 529}"	computed_or_insufficient	0.01144	0.00851	0.01682	7563
payload.entry_candle_context.multi_timeframe_context.source_quality.missing_minutes.contains:09:32	collected_raw_precursor	categorical	7563	56.81	"{""False"": 7213, ""True"": 350}"	computed_or_insufficient	0.01324	0.01659	0.01851	7563
payload.entry_candle_context.multi_timeframe_context.source_quality.missing_minutes.contains:09:33	collected_raw_precursor	categorical	7563	56.81	"{""False"": 7164, ""True"": 399}"	computed_or_insufficient	0.05077	0.04752	0.01983	7563
payload.entry_candle_context.multi_timeframe_context.source_quality.missing_minutes.contains:09:34	collected_raw_precursor	categorical	7563	56.81	"{""False"": 7081, ""True"": 482}"	computed_or_insufficient	0.05218	0.04857	0.02192	7563
payload.entry_candle_context.multi_timeframe_context.source_quality.missing_minutes.contains:09:35	collected_raw_precursor	categorical	7563	56.81	"{""False"": 7390, ""True"": 173}"	computed_or_insufficient	0.01563	0.01343	0.01285	7563
payload.entry_candle_context.multi_timeframe_context.source_quality.missing_minutes.contains:09:36	collected_raw_precursor	categorical	7563	56.81	"{""False"": 7295, ""True"": 268}"	computed_or_insufficient	0.03388	0.03424	0.00105	7563
payload.entry_candle_context.multi_timeframe_context.source_quality.missing_minutes.contains:09:37	collected_raw_precursor	categorical	7563	56.81	"{""False"": 7260, ""True"": 303}"	computed_or_insufficient	0.04164	0.03882	0.01716	7563
payload.entry_candle_context.multi_timeframe_context.source_quality.missing_minutes.contains:09:38	collected_raw_precursor	categorical	7563	56.81	"{""False"": 7003, ""True"": 560}"	computed_or_insufficient	0.00308	0.00103	0.01165	7563
payload.entry_candle_context.multi_timeframe_context.source_quality.missing_minutes.contains:09:39	collected_raw_precursor	categorical	7563	56.81	"{""False"": 7321, ""True"": 242}"	computed_or_insufficient	0.03754	0.03503	0.01527	7563
payload.entry_candle_context.multi_timeframe_context.source_quality.missing_minutes.contains:09:40	collected_raw_precursor	categorical	7563	56.81	"{""False"": 7158, ""True"": 405}"	computed_or_insufficient	0.04175	0.03967	0.01294	7563
payload.entry_candle_context.multi_timeframe_context.source_quality.missing_minutes.contains:09:41	collected_raw_precursor	categorical	7563	56.81	"{""False"": 7338, ""True"": 225}"	computed_or_insufficient	0.00641	0.00383	0.01471	7563
payload.entry_candle_context.multi_timeframe_context.source_quality.missing_minutes.contains:09:42	collected_raw_precursor	categorical	7563	56.81	"{""False"": 7142, ""True"": 421}"	computed_or_insufficient	0.0305	0.02704	0.0204	7563
payload.entry_candle_context.multi_timeframe_context.source_quality.missing_minutes.contains:09:43	collected_raw_precursor	categorical	7563	56.81	"{""False"": 7211, ""True"": 352}"	computed_or_insufficient	0.05407	0.05106	0.01856	7563
payload.entry_candle_context.multi_timeframe_context.source_quality.missing_minutes.contains:09:44	collected_raw_precursor	categorical	7563	56.81	"{""False"": 7120, ""True"": 443}"	computed_or_insufficient	0.04695	0.04348	0.02095	7563
payload.entry_candle_context.multi_timeframe_context.source_quality.missing_minutes.contains:09:45	collected_raw_precursor	categorical	7563	56.81	"{""False"": 7280, ""True"": 283}"	computed_or_insufficient	0.03162	0.02885	0.01656	7563
payload.entry_candle_context.multi_timeframe_context.source_quality.missing_minutes.contains:09:46	collected_raw_precursor	categorical	7563	56.81	"{""False"": 7194, ""True"": 369}"	computed_or_insufficient	0.04344	0.0403	0.01903	7563
payload.entry_candle_context.multi_timeframe_context.source_quality.missing_minutes.contains:09:47	collected_raw_precursor	categorical	7563	56.81	"{""False"": 7123, ""True"": 440}"	computed_or_insufficient	0.04589	0.04243	0.02088	7563
payload.entry_candle_context.multi_timeframe_context.source_quality.missing_minutes.contains:09:48	collected_raw_precursor	categorical	7563	56.81	"{""False"": 7207, ""True"": 356}"	computed_or_insufficient	0.05556	0.05254	0.01867	7563
payload.entry_candle_context.multi_timeframe_context.source_quality.missing_minutes.contains:09:49	collected_raw_precursor	categorical	7563	56.81	"{""False"": 7114, ""True"": 449}"	computed_or_insufficient	0.05379	0.05151	0.0144	7563
payload.entry_candle_context.multi_timeframe_context.source_quality.missing_minutes.contains:09:50	collected_raw_precursor	categorical	7563	56.81	"{""False"": 7093, ""True"": 470}"	computed_or_insufficient	0.04464	0.0422	0.01506	7563
payload.entry_candle_context.multi_timeframe_context.source_quality.missing_minutes.contains:09:51	collected_raw_precursor	categorical	7563	56.81	"{""False"": 7176, ""True"": 387}"	computed_or_insufficient	0.03495	0.03167	0.01951	7563
payload.entry_candle_context.multi_timeframe_context.source_quality.missing_minutes.contains:09:52	collected_raw_precursor	categorical	7563	56.81	"{""False"": 7295, ""True"": 268}"	computed_or_insufficient	0.0006	0.00073	0.00753	7563
payload.entry_candle_context.multi_timeframe_context.source_quality.missing_minutes.contains:09:53	collected_raw_precursor	categorical	7563	56.81	"{""False"": 7294, ""True"": 269}"	computed_or_insufficient	0.01248	0.01541	0.01613	7563
payload.entry_candle_context.multi_timeframe_context.source_quality.missing_minutes.contains:09:54	collected_raw_precursor	categorical	7563	56.81	"{""False"": 7118, ""True"": 445}"	computed_or_insufficient	0.012	0.00834	0.021	7563
payload.entry_candle_context.multi_timeframe_context.source_quality.missing_minutes.contains:09:55	collected_raw_precursor	categorical	7563	56.81	"{""False"": 7189, ""True"": 374}"	computed_or_insufficient	0.00019	0.0032	0.01916	7563
payload.entry_candle_context.multi_timeframe_context.source_quality.missing_minutes.contains:09:56	collected_raw_precursor	categorical	7563	56.81	"{""False"": 7193, ""True"": 370}"	computed_or_insufficient	0.04512	0.04198	0.01905	7563
payload.entry_candle_context.multi_timeframe_context.source_quality.missing_minutes.contains:09:57	collected_raw_precursor	categorical	7563	56.81	"{""False"": 6808, ""True"": 755}"	computed_or_insufficient	0.0426	0.04255	0.00154	7563
payload.entry_candle_context.multi_timeframe_context.source_quality.missing_minutes.contains:09:58	collected_raw_precursor	categorical	7563	56.81	"{""False"": 6777, ""True"": 786}"	computed_or_insufficient	0.05601	0.05307	0.01822	7563
payload.entry_candle_context.multi_timeframe_context.source_quality.missing_minutes.contains:09:59	collected_raw_precursor	categorical	7563	56.81	"{""False"": 7145, ""True"": 418}"	computed_or_insufficient	0.03793	0.03453	0.02032	7563
payload.entry_candle_context.multi_timeframe_context.source_quality.missing_minutes.contains:10:00	collected_raw_precursor	categorical	7563	56.81	"{""False"": 7194, ""True"": 369}"	computed_or_insufficient	0.02007	0.01681	0.01903	7563
payload.entry_candle_context.multi_timeframe_context.source_quality.missing_minutes.contains:10:01	collected_raw_precursor	categorical	7563	56.81	"{""False"": 7215, ""True"": 348}"	computed_or_insufficient	0.01119	0.00797	0.01845	7563
payload.entry_candle_context.multi_timeframe_context.source_quality.missing_minutes.contains:10:02	collected_raw_precursor	categorical	7563	56.81	"{""False"": 7276, ""True"": 287}"	computed_or_insufficient	0.01874	0.01588	0.01668	7563
payload.entry_candle_context.multi_timeframe_context.source_quality.missing_minutes.contains:10:03	collected_raw_precursor	categorical	7563	56.81	"{""False"": 7317, ""True"": 246}"	computed_or_insufficient	0.05041	0.04953	0.00647	7563
payload.entry_candle_context.multi_timeframe_context.source_quality.missing_minutes.contains:10:04	collected_raw_precursor	categorical	7563	56.81	"{""False"": 7145, ""True"": 418}"	computed_or_insufficient	0.05139	0.04806	0.02032	7563
payload.entry_candle_context.multi_timeframe_context.source_quality.missing_minutes.contains:10:05	collected_raw_precursor	categorical	7563	56.81	"{""False"": 7335, ""True"": 228}"	computed_or_insufficient	0.00802	0.00544	0.01481	7563
payload.entry_candle_context.multi_timeframe_context.source_quality.missing_minutes.contains:10:06	collected_raw_precursor	categorical	7563	56.81	"{""False"": 7076, ""True"": 487}"	computed_or_insufficient	0.0379	0.03419	0.02204	7563
payload.entry_candle_context.multi_timeframe_context.source_quality.missing_minutes.contains:10:07	collected_raw_precursor	categorical	7563	56.81	"{""False"": 7286, ""True"": 277}"	computed_or_insufficient	0.01255	0.00971	0.01638	7563
payload.entry_candle_context.multi_timeframe_context.source_quality.missing_minutes.contains:10:08	collected_raw_precursor	categorical	7563	56.81	"{""False"": 7373, ""True"": 190}"	computed_or_insufficient	0.05019	0.04806	0.01349	7563
payload.entry_candle_context.multi_timeframe_context.source_quality.missing_minutes.contains:10:09	collected_raw_precursor	categorical	7563	56.81	"{""False"": 7317, ""True"": 246}"	computed_or_insufficient	0.01896	0.01228	0.03821	7563
payload.entry_candle_context.multi_timeframe_context.source_quality.missing_minutes.contains:10:10	collected_raw_precursor	categorical	7563	56.81	"{""False"": 7288, ""True"": 275}"	computed_or_insufficient	0.0101	0.00876	0.00785	7563
payload.entry_candle_context.multi_timeframe_context.source_quality.missing_minutes.contains:10:11	collected_raw_precursor	categorical	7563	56.81	"{""False"": 7402, ""True"": 161}"	computed_or_insufficient	0.02578	0.02372	0.01239	7563
payload.entry_candle_context.multi_timeframe_context.source_quality.missing_minutes.contains:10:12	collected_raw_precursor	categorical	7563	56.81	"{""False"": 7245, ""True"": 318}"	computed_or_insufficient	0.03938	0.03647	0.0176	7563
payload.entry_candle_context.multi_timeframe_context.source_quality.missing_minutes.contains:10:13	collected_raw_precursor	categorical	7563	56.81	"{""False"": 7232, ""True"": 331}"	computed_or_insufficient	0.05147	0.04855	0.01797	7563
payload.entry_candle_context.multi_timeframe_context.source_quality.missing_minutes.contains:10:14	collected_raw_precursor	categorical	7563	56.81	"{""False"": 7370, ""True"": 193}"	computed_or_insufficient	0.00195	0.00045	0.01359	7563
payload.entry_candle_context.multi_timeframe_context.source_quality.missing_minutes.contains:10:15	collected_raw_precursor	categorical	7563	56.81	"{""False"": 7246, ""True"": 317}"	computed_or_insufficient	0.0306	0.03045	0.00175	7563
payload.entry_candle_context.multi_timeframe_context.source_quality.missing_minutes.contains:10:16	collected_raw_precursor	categorical	7563	56.81	"{""False"": 7283, ""True"": 280}"	computed_or_insufficient	0.02139	0.01858	0.01647	7563
payload.entry_candle_context.multi_timeframe_context.source_quality.missing_minutes.contains:10:17	collected_raw_precursor	categorical	7563	56.81	"{""False"": 7274, ""True"": 289}"	computed_or_insufficient	0.01972	0.0228	0.01674	7563
payload.entry_candle_context.multi_timeframe_context.source_quality.missing_minutes.contains:10:18	collected_raw_precursor	categorical	7563	56.81	"{""False"": 7001, ""True"": 562}"	computed_or_insufficient	0.01659	0.01996	0.0185	7563
payload.entry_candle_context.multi_timeframe_context.source_quality.missing_minutes.contains:10:19	collected_raw_precursor	categorical	7563	56.81	"{""False"": 7067, ""True"": 496}"	computed_or_insufficient	0.02293	0.02251	0.00305	7563
payload.entry_candle_context.multi_timeframe_context.source_quality.missing_minutes.contains:10:20	collected_raw_precursor	categorical	7563	56.81	"{""False"": 7233, ""True"": 330}"	computed_or_insufficient	0.00864	0.00825	0.00243	7563
payload.entry_candle_context.multi_timeframe_context.source_quality.missing_minutes.contains:10:21	collected_raw_precursor	categorical	7563	56.81	"{""False"": 7345, ""True"": 218}"	computed_or_insufficient	0.01927	0.01681	0.01447	7563
payload.entry_candle_context.multi_timeframe_context.source_quality.missing_minutes.contains:10:22	collected_raw_precursor	categorical	7563	56.81	"{""False"": 7193, ""True"": 370}"	computed_or_insufficient	0.02178	0.01982	0.0117	7563
payload.entry_candle_context.multi_timeframe_context.source_quality.missing_minutes.contains:10:23	collected_raw_precursor	categorical	7563	56.81	"{""False"": 7005, ""True"": 558}"	computed_or_insufficient	0.03232	0.03044	0.01158	7563
payload.entry_candle_context.multi_timeframe_context.source_quality.missing_minutes.contains:10:24	collected_raw_precursor	categorical	7563	56.81	"{""False"": 7086, ""True"": 477}"	computed_or_insufficient	0.04359	0.03996	0.0218	7563
payload.entry_candle_context.multi_timeframe_context.source_quality.missing_minutes.contains:10:25	collected_raw_precursor	categorical	7563	56.81	"{""False"": 7239, ""True"": 324}"	computed_or_insufficient	0.03354	0.03056	0.01777	7563
payload.entry_candle_context.multi_timeframe_context.source_quality.missing_minutes.contains:10:26	collected_raw_precursor	categorical	7563	56.81	"{""False"": 7331, ""True"": 232}"	computed_or_insufficient	0.02798	0.02711	0.00575	7563
payload.entry_candle_context.multi_timeframe_context.source_quality.missing_minutes.contains:10:27	collected_raw_precursor	categorical	7563	56.81	"{""False"": 7275, ""True"": 288}"	computed_or_insufficient	0.00418	0.00716	0.01671	7563
payload.entry_candle_context.multi_timeframe_context.source_quality.missing_minutes.contains:10:28	collected_raw_precursor	categorical	7563	56.81	"{""False"": 7186, ""True"": 377}"	computed_or_insufficient	0.04261	0.04072	0.01196	7563
payload.entry_candle_context.multi_timeframe_context.source_quality.missing_minutes.contains:10:29	collected_raw_precursor	categorical	7563	56.81	"{""False"": 7288, ""True"": 275}"	computed_or_insufficient	0.00186	0.00326	0.00785	7563
payload.entry_candle_context.multi_timeframe_context.source_quality.missing_minutes.contains:10:30	collected_raw_precursor	categorical	7563	56.81	"{""False"": 7182, ""True"": 381}"	computed_or_insufficient	0.02623	0.02422	0.0121	7563
payload.entry_candle_context.multi_timeframe_context.source_quality.missing_minutes.contains:10:31	collected_raw_precursor	categorical	7563	56.81	"{""False"": 7315, ""True"": 248}"	computed_or_insufficient	0.02458	0.02196	0.01547	7563
payload.entry_candle_context.multi_timeframe_context.source_quality.missing_minutes.contains:10:32	collected_raw_precursor	categorical	7563	56.81	"{""False"": 7290, ""True"": 273}"	computed_or_insufficient	0.01662	0.01683	0.00074	7563
payload.entry_candle_context.multi_timeframe_context.source_quality.missing_minutes.contains:10:33	collected_raw_precursor	categorical	7563	56.81	"{""False"": 7234, ""True"": 329}"	computed_or_insufficient	0.01916	0.01608	0.01792	7563
payload.entry_candle_context.multi_timeframe_context.source_quality.missing_minutes.contains:10:34	collected_raw_precursor	categorical	7563	56.81	"{""False"": 7324, ""True"": 239}"	computed_or_insufficient	0.00258	0.0001	0.01518	7563
payload.entry_candle_context.multi_timeframe_context.source_quality.missing_minutes.contains:10:35	collected_raw_precursor	categorical	7563	56.81	"{""False"": 7312, ""True"": 251}"	computed_or_insufficient	0.01196	0.00927	0.01556	7563
payload.entry_candle_context.multi_timeframe_context.source_quality.missing_minutes.contains:10:36	collected_raw_precursor	categorical	7563	56.81	"{""False"": 7198, ""True"": 365}"	computed_or_insufficient	0.02494	0.02172	0.01892	7563
payload.entry_candle_context.multi_timeframe_context.source_quality.missing_minutes.contains:10:37	collected_raw_precursor	categorical	7563	56.81	"{""False"": 7256, ""True"": 307}"	computed_or_insufficient	0.02487	0.02336	0.00925	7563
payload.entry_candle_context.multi_timeframe_context.source_quality.missing_minutes.contains:10:38	collected_raw_precursor	categorical	7563	56.81	"{""False"": 7352, ""True"": 211}"	computed_or_insufficient	0.00878	0.0063	0.01423	7563
payload.entry_candle_context.multi_timeframe_context.source_quality.missing_minutes.contains:10:39	collected_raw_precursor	categorical	7563	56.81	"{""False"": 7276, ""True"": 287}"	computed_or_insufficient	0.03484	0.03354	0.00839	7563
payload.entry_candle_context.multi_timeframe_context.source_quality.missing_minutes.contains:10:40	collected_raw_precursor	categorical	7563	56.81	"{""False"": 7428, ""True"": 135}"	computed_or_insufficient	0.03704	0.03735	0.00065	7563
payload.entry_candle_context.multi_timeframe_context.source_quality.missing_minutes.contains:10:41	collected_raw_precursor	categorical	7563	56.81	"{""False"": 7412, ""True"": 151}"	computed_or_insufficient	0.00413	0.00628	0.01199	7563
payload.entry_candle_context.multi_timeframe_context.source_quality.missing_minutes.contains:10:42	collected_raw_precursor	categorical	7563	56.81	"{""False"": 7350, ""True"": 213}"	computed_or_insufficient	0.02002	0.01759	0.0143	7563
payload.entry_candle_context.multi_timeframe_context.source_quality.missing_minutes.contains:10:43	collected_raw_precursor	categorical	7563	56.81	"{""False"": 7452, ""True"": 111}"	computed_or_insufficient	0.02893	0.0296	0.00293	7563
payload.entry_candle_context.multi_timeframe_context.source_quality.missing_minutes.contains:10:44	collected_raw_precursor	categorical	7563	56.81	"{""False"": 7341, ""True"": 222}"	computed_or_insufficient	0.01803	0.0172	0.00522	7563
payload.entry_candle_context.multi_timeframe_context.source_quality.missing_minutes.contains:10:45	collected_raw_precursor	categorical	7563	56.81	"{""False"": 7295, ""True"": 268}"	computed_or_insufficient	0.04447	0.04185	0.0161	7563
payload.entry_candle_context.multi_timeframe_context.source_quality.missing_minutes.contains:10:46	collected_raw_precursor	categorical	7563	56.81	"{""False"": 7117, ""True"": 446}"	computed_or_insufficient	0.02664	0.02424	0.0143	7563
payload.entry_candle_context.multi_timeframe_context.source_quality.missing_minutes.contains:10:47	collected_raw_precursor	categorical	7563	56.81	"{""False"": 7403, ""True"": 160}"	computed_or_insufficient	0.03103	0.02901	0.01235	7563
payload.entry_candle_context.multi_timeframe_context.source_quality.missing_minutes.contains:10:48	collected_raw_precursor	categorical	7563	56.81	"{""False"": 7245, ""True"": 318}"	computed_or_insufficient	0.02545	0.02386	0.0097	7563
payload.entry_candle_context.multi_timeframe_context.source_quality.missing_minutes.contains:10:49	collected_raw_precursor	categorical	7563	56.81	"{""False"": 7450, ""True"": 113}"	computed_or_insufficient	0.00435	0.0062	0.01035	7563
payload.entry_candle_context.multi_timeframe_context.source_quality.missing_minutes.contains:10:50	collected_raw_precursor	categorical	7563	56.81	"{""False"": 7374, ""True"": 189}"	computed_or_insufficient	0.01926	0.01698	0.01345	7563
payload.entry_candle_context.multi_timeframe_context.source_quality.missing_minutes.contains:10:51	collected_raw_precursor	categorical	7563	56.81	"{""False"": 7446, ""True"": 117}"	computed_or_insufficient	0.03504	0.03564	0.00231	7563
payload.entry_candle_context.multi_timeframe_context.source_quality.missing_minutes.contains:10:52	collected_raw_precursor	categorical	7563	56.81	"{""False"": 7392, ""True"": 171}"	computed_or_insufficient	0.02761	0.02549	0.01278	7563
payload.entry_candle_context.multi_timeframe_context.source_quality.missing_minutes.contains:10:53	collected_raw_precursor	categorical	7563	56.81	"{""False"": 7250, ""True"": 313}"	computed_or_insufficient	0.01344	0.01042	0.01746	7563
payload.entry_candle_context.multi_timeframe_context.source_quality.missing_minutes.contains:10:54	collected_raw_precursor	categorical	7563	56.81	"{""False"": 7507, ""True"": 56}"	computed_or_insufficient	0.00616	0.00819	0.01123	7563
payload.entry_candle_context.multi_timeframe_context.source_quality.missing_minutes.contains:10:55	collected_raw_precursor	categorical	7563	56.81	"{""False"": 7390, ""True"": 173}"	computed_or_insufficient	0.03059	0.02847	0.01285	7563
payload.entry_candle_context.multi_timeframe_context.source_quality.missing_minutes.contains:10:56	collected_raw_precursor	categorical	7563	56.81	"{""False"": 7464, ""True"": 99}"	computed_or_insufficient	0.03787	0.03636	0.00967	7563
payload.entry_candle_context.multi_timeframe_context.source_quality.missing_minutes.contains:10:57	collected_raw_precursor	categorical	7563	56.81	"{""False"": 7303, ""True"": 260}"	computed_or_insufficient	0.02656	0.02488	0.01025	7563
payload.entry_candle_context.multi_timeframe_context.source_quality.missing_minutes.contains:10:58	collected_raw_precursor	categorical	7563	56.81	"{""False"": 7353, ""True"": 210}"	computed_or_insufficient	0.02014	0.01944	0.00455	7563
payload.entry_candle_context.multi_timeframe_context.source_quality.missing_minutes.contains:10:59	collected_raw_precursor	categorical	7563	56.81	"{""False"": 7426, ""True"": 137}"	computed_or_insufficient	0.00883	0.00685	0.01141	7563
payload.entry_candle_context.multi_timeframe_context.source_quality.missing_minutes.contains:11:00	collected_raw_precursor	categorical	7563	56.81	"{""False"": 7506, ""True"": 57}"	computed_or_insufficient	0.01043	0.00919	0.00732	7563
payload.entry_candle_context.multi_timeframe_context.source_quality.missing_minutes.contains:11:01	collected_raw_precursor	categorical	7563	56.81	"{""False"": 7503, ""True"": 60}"	computed_or_insufficient	0.0039	0.00259	0.00751	7563
payload.entry_candle_context.multi_timeframe_context.source_quality.missing_minutes.contains:11:02	collected_raw_precursor	categorical	7563	56.81	"{""False"": 7538, ""True"": 25}"	computed_or_insufficient	0.00698	0.01106	0.02278	7563
payload.entry_candle_context.multi_timeframe_context.source_quality.missing_minutes.contains:11:03	collected_raw_precursor	categorical	7563	56.81	"{""False"": 7456, ""True"": 107}"	computed_or_insufficient	0.01679	0.0151	0.01006	7563
payload.entry_candle_context.multi_timeframe_context.source_quality.missing_minutes.contains:11:04	collected_raw_precursor	categorical	7563	56.81	"{""False"": 7512, ""True"": 51}"	computed_or_insufficient	0.01639	0.01427	0.01245	7563
payload.entry_candle_context.multi_timeframe_context.source_quality.missing_minutes.contains:11:05	collected_raw_precursor	categorical	7563	56.81	"{""False"": 7359, ""True"": 204}"	computed_or_insufficient	0.01003	0.0076	0.01399	7563
payload.entry_candle_context.multi_timeframe_context.source_quality.missing_minutes.contains:11:06	collected_raw_precursor	categorical	7563	56.81	"{""False"": 7416, ""True"": 147}"	computed_or_insufficient	0.01097	0.00906	0.01114	7563
payload.entry_candle_context.multi_timeframe_context.source_quality.missing_minutes.contains:11:07	collected_raw_precursor	categorical	7563	56.81	"{""False"": 7510, ""True"": 53}"	computed_or_insufficient	0.00294	0.0017	0.00706	7563
payload.entry_candle_context.multi_timeframe_context.source_quality.missing_minutes.contains:11:08	collected_raw_precursor	categorical	7563	56.81	"{""False"": 7470, ""True"": 93}"	computed_or_insufficient	0.00414	0.00582	0.00937	7563
payload.entry_candle_context.multi_timeframe_context.source_quality.missing_minutes.contains:11:09	collected_raw_precursor	categorical	7563	56.81	"{""False"": 7460, ""True"": 103}"	computed_or_insufficient	0.03075	0.02916	0.00987	7563
payload.entry_candle_context.multi_timeframe_context.source_quality.missing_minutes.contains:11:10	collected_raw_precursor	categorical	7563	56.81	"{""False"": 7458, ""True"": 105}"	computed_or_insufficient	0.02729	0.02566	0.00997	7563
payload.entry_candle_context.multi_timeframe_context.source_quality.missing_minutes.contains:11:11	collected_raw_precursor	categorical	7563	56.81	"{""False"": 7279, ""True"": 284}"	computed_or_insufficient	0.04236	0.04112	0.00826	7563
payload.entry_candle_context.multi_timeframe_context.source_quality.missing_minutes.contains:11:12	collected_raw_precursor	categorical	7563	56.81	"{""False"": 7354, ""True"": 209}"	computed_or_insufficient	0.02473	0.02235	0.01416	7563
payload.entry_candle_context.multi_timeframe_context.source_quality.missing_minutes.contains:11:13	collected_raw_precursor	categorical	7563	56.81	"{""False"": 7383, ""True"": 180}"	computed_or_insufficient	0.03801	0.03588	0.01312	7563
payload.entry_candle_context.multi_timeframe_context.source_quality.missing_minutes.contains:11:14	collected_raw_precursor	categorical	7563	56.81	"{""False"": 7363, ""True"": 200}"	computed_or_insufficient	0.03392	0.03164	0.01385	7563
payload.entry_candle_context.multi_timeframe_context.source_quality.missing_minutes.contains:11:15	collected_raw_precursor	categorical	7563	56.81	"{""False"": 7296, ""True"": 267}"	computed_or_insufficient	0.02888	0.02618	0.01607	7563
payload.entry_candle_context.multi_timeframe_context.source_quality.missing_minutes.contains:11:16	collected_raw_precursor	categorical	7563	56.81	"{""False"": 7532, ""True"": 31}"	computed_or_insufficient	0.01075	0.00985	0.00539	7563
payload.entry_candle_context.multi_timeframe_context.source_quality.missing_minutes.contains:11:17	collected_raw_precursor	categorical	7563	56.81	"{""False"": 7492, ""True"": 71}"	computed_or_insufficient	0.02015	0.01881	0.00818	7563
payload.entry_candle_context.multi_timeframe_context.source_quality.missing_minutes.contains:11:18	collected_raw_precursor	categorical	7563	56.81	"{""False"": 7353, ""True"": 210}"	computed_or_insufficient	0.02525	0.02286	0.0142	7563
payload.entry_candle_context.multi_timeframe_context.source_quality.missing_minutes.contains:11:19	collected_raw_precursor	categorical	7563	56.81	"{""False"": 7345, ""True"": 218}"	computed_or_insufficient	0.02429	0.02185	0.01447	7563
payload.entry_candle_context.multi_timeframe_context.source_quality.missing_minutes.contains:11:20	collected_raw_precursor	categorical	7563	56.81	"{""False"": 7496, ""True"": 67}"	computed_or_insufficient	0.00477	0.00339	0.00794	7563
payload.entry_candle_context.multi_timeframe_context.source_quality.missing_minutes.contains:11:21	collected_raw_precursor	categorical	7563	56.81	"{""False"": 7327, ""True"": 236}"	computed_or_insufficient	0.0119	0.01463	0.01508	7563
payload.entry_candle_context.multi_timeframe_context.source_quality.missing_minutes.contains:11:22	collected_raw_precursor	categorical	7563	56.81	"{""False"": 7482, ""True"": 81}"	computed_or_insufficient	0.02804	0.02664	0.00874	7563
payload.entry_candle_context.multi_timeframe_context.source_quality.missing_minutes.contains:11:23	collected_raw_precursor	categorical	7563	56.81	"{""False"": 7515, ""True"": 48}"	computed_or_insufficient	0.0218	0.02072	0.00671	7563
payload.entry_candle_context.multi_timeframe_context.source_quality.missing_minutes.contains:11:24	collected_raw_precursor	categorical	7563	56.81	"{""False"": 7364, ""True"": 199}"	computed_or_insufficient	0.02817	0.02587	0.01381	7563
payload.entry_candle_context.multi_timeframe_context.source_quality.missing_minutes.contains:11:25	collected_raw_precursor	categorical	7563	56.81	"{""False"": 7461, ""True"": 102}"	computed_or_insufficient	0.0422	0.04068	0.00982	7563
payload.entry_candle_context.multi_timeframe_context.source_quality.missing_minutes.contains:11:26	collected_raw_precursor	categorical	7563	56.81	"{""False"": 7476, ""True"": 87}"	computed_or_insufficient	0.00172	0.00333	0.00906	7563
payload.entry_candle_context.multi_timeframe_context.source_quality.missing_minutes.contains:11:27	collected_raw_precursor	categorical	7563	56.81	"{""False"": 7481, ""True"": 82}"	computed_or_insufficient	0.01798	0.01652	0.0088	7563
payload.entry_candle_context.multi_timeframe_context.source_quality.missing_minutes.contains:11:28	collected_raw_precursor	categorical	7563	56.81	"{""False"": 7453, ""True"": 110}"	computed_or_insufficient	0.03294	0.03131	0.01021	7563
payload.entry_candle_context.multi_timeframe_context.source_quality.missing_minutes.contains:11:29	collected_raw_precursor	categorical	7563	56.81	"{""False"": 7443, ""True"": 120}"	computed_or_insufficient	0.00778	0.00593	0.01067	7563
payload.entry_candle_context.multi_timeframe_context.source_quality.missing_minutes.contains:11:30	collected_raw_precursor	categorical	7563	56.81	"{""False"": 7460, ""True"": 103}"	computed_or_insufficient	0.05005	0.04856	0.00987	7563
payload.entry_candle_context.multi_timeframe_context.source_quality.missing_minutes.contains:11:31	collected_raw_precursor	categorical	7563	56.81	"{""False"": 7492, ""True"": 71}"	computed_or_insufficient	0.00595	0.00743	0.00818	7563
payload.entry_candle_context.multi_timeframe_context.source_quality.missing_minutes.contains:11:32	collected_raw_precursor	categorical	7563	56.81	"{""False"": 7483, ""True"": 80}"	computed_or_insufficient	0.00269	0.00116	0.00869	7563
payload.entry_candle_context.multi_timeframe_context.source_quality.missing_minutes.contains:11:33	collected_raw_precursor	categorical	7563	56.81	"{""False"": 7256, ""True"": 307}"	computed_or_insufficient	0.0304	0.03362	0.01728	7563
payload.entry_candle_context.multi_timeframe_context.source_quality.missing_minutes.contains:11:34	collected_raw_precursor	categorical	7563	56.81	"{""False"": 7516, ""True"": 47}"	computed_or_insufficient	0.01015	0.00903	0.00664	7563
payload.entry_candle_context.multi_timeframe_context.source_quality.missing_minutes.contains:11:35	collected_raw_precursor	categorical	7563	56.81	"{""False"": 7365, ""True"": 198}"	computed_or_insufficient	0.00038	0.00282	0.01377	7563
payload.entry_candle_context.multi_timeframe_context.source_quality.missing_minutes.contains:11:36	collected_raw_precursor	categorical	7563	56.81	"{""False"": 7419, ""True"": 144}"	computed_or_insufficient	0.00731	0.00733	0.00011	7563
payload.entry_candle_context.multi_timeframe_context.source_quality.missing_minutes.contains:11:37	collected_raw_precursor	categorical	7563	56.81	"{""False"": 7309, ""True"": 254}"	computed_or_insufficient	0.03466	0.03606	0.00686	7563
payload.entry_candle_context.multi_timeframe_context.source_quality.missing_minutes.contains:11:38	collected_raw_precursor	categorical	7563	56.81	"{""False"": 7384, ""True"": 179}"	computed_or_insufficient	0.00989	0.00762	0.01308	7563
payload.entry_candle_context.multi_timeframe_context.source_quality.missing_minutes.contains:11:39	collected_raw_precursor	categorical	7563	56.81	"{""False"": 7387, ""True"": 176}"	computed_or_insufficient	0.02479	0.02262	0.01297	7563
payload.entry_candle_context.multi_timeframe_context.source_quality.missing_minutes.contains:11:40	collected_raw_precursor	categorical	7563	56.81	"{""False"": 7499, ""True"": 64}"	computed_or_insufficient	0.00126	0.00264	0.00776	7563
payload.entry_candle_context.multi_timeframe_context.source_quality.missing_minutes.contains:11:41	collected_raw_precursor	categorical	7563	56.81	"{""False"": 7514, ""True"": 49}"	computed_or_insufficient	0.00533	0.00415	0.00678	7563
payload.entry_candle_context.multi_timeframe_context.source_quality.missing_minutes.contains:11:42	collected_raw_precursor	categorical	7563	56.81	"{""False"": 7414, ""True"": 149}"	computed_or_insufficient	0.01259	0.01055	0.01191	7563
payload.entry_candle_context.multi_timeframe_context.source_quality.missing_minutes.contains:11:43	collected_raw_precursor	categorical	7563	56.81	"{""False"": 7459, ""True"": 104}"	computed_or_insufficient	0.0194	0.01774	0.00992	7563
payload.entry_candle_context.multi_timeframe_context.source_quality.missing_minutes.contains:11:44	collected_raw_precursor	categorical	7563	56.81	"{""False"": 7405, ""True"": 158}"	computed_or_insufficient	0.01817	0.01609	0.01227	7563
payload.entry_candle_context.multi_timeframe_context.source_quality.missing_minutes.contains:11:45	collected_raw_precursor	categorical	7563	56.81	"{""False"": 7471, ""True"": 92}"	computed_or_insufficient	0.02559	0.02664	0.00514	7563
payload.entry_candle_context.multi_timeframe_context.source_quality.missing_minutes.contains:11:46	collected_raw_precursor	categorical	7563	56.81	"{""False"": 7489, ""True"": 74}"	computed_or_insufficient	0.02546	0.02411	0.00835	7563
payload.entry_candle_context.multi_timeframe_context.source_quality.missing_minutes.contains:11:47	collected_raw_precursor	categorical	7563	56.81	"{""False"": 7402, ""True"": 161}"	computed_or_insufficient	0.01415	0.01203	0.01239	7563
payload.entry_candle_context.multi_timeframe_context.source_quality.missing_minutes.contains:11:48	collected_raw_precursor	categorical	7563	56.81	"{""False"": 7342, ""True"": 221}"	computed_or_insufficient	0.024	0.02505	0.00516	7563
payload.entry_candle_context.multi_timeframe_context.source_quality.missing_minutes.contains:11:49	collected_raw_precursor	categorical	7563	56.81	"{""False"": 7360, ""True"": 203}"	computed_or_insufficient	0.06311	0.06097	0.01395	7563
payload.entry_candle_context.multi_timeframe_context.source_quality.missing_minutes.contains:11:50	collected_raw_precursor	categorical	7563	56.81	"{""False"": 7301, ""True"": 262}"	computed_or_insufficient	0.0388	0.03618	0.01591	7563
payload.entry_candle_context.multi_timeframe_context.source_quality.missing_minutes.contains:11:51	collected_raw_precursor	categorical	7563	56.81	"{""False"": 7494, ""True"": 69}"	computed_or_insufficient	0.02139	0.02008	0.00806	7563
payload.entry_candle_context.multi_timeframe_context.source_quality.missing_minutes.contains:11:52	collected_raw_precursor	categorical	7563	56.81	"{""False"": 7364, ""True"": 199}"	computed_or_insufficient	0.03691	0.03465	0.01381	7563
payload.entry_candle_context.multi_timeframe_context.source_quality.missing_minutes.contains:11:53	collected_raw_precursor	categorical	7563	56.81	"{""False"": 7450, ""True"": 113}"	computed_or_insufficient	0.01871	0.01697	0.01035	7563
payload.entry_candle_context.multi_timeframe_context.source_quality.missing_minutes.contains:11:54	collected_raw_precursor	categorical	7563	56.81	"{""False"": 7323, ""True"": 240}"	computed_or_insufficient	0.03183	0.03091	0.00617	7563
payload.entry_candle_context.multi_timeframe_context.source_quality.missing_minutes.contains:11:55	collected_raw_precursor	categorical	7563	56.81	"{""False"": 7413, ""True"": 150}"	computed_or_insufficient	0.01122	0.00916	0.01195	7563
payload.entry_candle_context.multi_timeframe_context.source_quality.missing_minutes.contains:11:56	collected_raw_precursor	categorical	7563	56.81	"{""False"": 7347, ""True"": 216}"	computed_or_insufficient	0.0271	0.02811	0.00489	7563
payload.entry_candle_context.multi_timeframe_context.source_quality.missing_minutes.contains:11:57	collected_raw_precursor	categorical	7563	56.81	"{""False"": 7415, ""True"": 148}"	computed_or_insufficient	0.0059	0.00382	0.01187	7563
payload.entry_candle_context.multi_timeframe_context.source_quality.missing_minutes.contains:11:58	collected_raw_precursor	categorical	7563	56.81	"{""False"": 7440, ""True"": 123}"	computed_or_insufficient	0.01434	0.0125	0.0108	7563
payload.entry_candle_context.multi_timeframe_context.source_quality.missing_minutes.contains:11:59	collected_raw_precursor	categorical	7563	56.81	"{""False"": 7462, ""True"": 101}"	computed_or_insufficient	0.01966	0.01802	0.00977	7563
payload.entry_candle_context.multi_timeframe_context.source_quality.missing_minutes.contains:12:00	collected_raw_precursor	categorical	7563	56.81	"{""False"": 7350, ""True"": 213}"	computed_or_insufficient	0.01495	0.01249	0.0143	7563
payload.entry_candle_context.multi_timeframe_context.source_quality.missing_minutes.contains:12:01	collected_raw_precursor	categorical	7563	56.81	"{""False"": 7421, ""True"": 142}"	computed_or_insufficient	0.01215	0.01015	0.01162	7563
payload.entry_candle_context.multi_timeframe_context.source_quality.missing_minutes.contains:12:02	collected_raw_precursor	categorical	7563	56.81	"{""False"": 7488, ""True"": 75}"	computed_or_insufficient	0.03471	0.0334	0.00841	7563
payload.entry_candle_context.multi_timeframe_context.source_quality.missing_minutes.contains:12:03	collected_raw_precursor	categorical	7563	56.81	"{""False"": 7315, ""True"": 248}"	computed_or_insufficient	0.02725	0.02855	0.00657	7563
payload.entry_candle_context.multi_timeframe_context.source_quality.missing_minutes.contains:12:04	collected_raw_precursor	categorical	7563	56.81	"{""False"": 7487, ""True"": 76}"	computed_or_insufficient	0.01224	0.01381	0.00846	7563
payload.entry_candle_context.multi_timeframe_context.source_quality.missing_minutes.contains:12:05	collected_raw_precursor	categorical	7563	56.81	"{""False"": 7325, ""True"": 238}"	computed_or_insufficient	0.01967	0.01708	0.01514	7563
payload.entry_candle_context.multi_timeframe_context.source_quality.missing_minutes.contains:12:06	collected_raw_precursor	categorical	7563	56.81	"{""False"": 7415, ""True"": 148}"	computed_or_insufficient	0.01026	0.01241	0.01187	7563
payload.entry_candle_context.multi_timeframe_context.source_quality.missing_minutes.contains:12:07	collected_raw_precursor	categorical	7563	56.81	"{""False"": 7426, ""True"": 137}"	computed_or_insufficient	0.00795	0.01001	0.01141	7563
payload.entry_candle_context.multi_timeframe_context.source_quality.missing_minutes.contains:12:08	collected_raw_precursor	categorical	7563	56.81	"{""False"": 7464, ""True"": 99}"	computed_or_insufficient	0.01819	0.01657	0.00967	7563
payload.entry_candle_context.multi_timeframe_context.source_quality.missing_minutes.contains:12:09	collected_raw_precursor	categorical	7563	56.81	"{""False"": 7471, ""True"": 92}"	computed_or_insufficient	0.01523	0.01696	0.00932	7563
payload.entry_candle_context.multi_timeframe_context.source_quality.missing_minutes.contains:12:10	collected_raw_precursor	categorical	7563	56.81	"{""False"": 7430, ""True"": 133}"	computed_or_insufficient	0.00455	0.00657	0.01124	7563
payload.entry_candle_context.multi_timeframe_context.source_quality.missing_minutes.contains:12:11	collected_raw_precursor	categorical	7563	56.81	"{""False"": 7533, ""True"": 30}"	computed_or_insufficient	0.00053	0.00041	0.0053	7563
payload.entry_candle_context.multi_timeframe_context.source_quality.missing_minutes.contains:12:12	collected_raw_precursor	categorical	7563	56.81	"{""False"": 7403, ""True"": 160}"	computed_or_insufficient	0.01937	0.01728	0.01235	7563
payload.entry_candle_context.multi_timeframe_context.source_quality.missing_minutes.contains:12:13	collected_raw_precursor	categorical	7563	56.81	"{""False"": 7433, ""True"": 130}"	computed_or_insufficient	0.01108	0.01311	0.01111	7563
payload.entry_candle_context.multi_timeframe_context.source_quality.missing_minutes.contains:12:14	collected_raw_precursor	categorical	7563	56.81	"{""False"": 7502, ""True"": 61}"	computed_or_insufficient	0.04245	0.04132	0.00758	7563
payload.entry_candle_context.multi_timeframe_context.source_quality.missing_minutes.contains:12:15	collected_raw_precursor	categorical	7563	56.81	"{""False"": 7398, ""True"": 165}"	computed_or_insufficient	0.00891	0.00673	0.01255	7563
payload.entry_candle_context.multi_timeframe_context.source_quality.missing_minutes.contains:12:16	collected_raw_precursor	categorical	7563	56.81	"{""False"": 7410, ""True"": 153}"	computed_or_insufficient	0.00716	0.00506	0.01207	7563
payload.entry_candle_context.multi_timeframe_context.source_quality.missing_minutes.contains:12:17	collected_raw_precursor	categorical	7563	56.81	"{""False"": 7438, ""True"": 125}"	computed_or_insufficient	0.01571	0.01386	0.01089	7563
payload.entry_candle_context.multi_timeframe_context.source_quality.missing_minutes.contains:12:18	collected_raw_precursor	categorical	7563	56.81	"{""False"": 7521, ""True"": 42}"	computed_or_insufficient	0.0345	0.03356	0.00628	7563
payload.entry_candle_context.multi_timeframe_context.source_quality.missing_minutes.contains:12:19	collected_raw_precursor	categorical	7563	56.81	"{""False"": 7543, ""True"": 20}"	computed_or_insufficient	0.00406	0.00332	0.00433	7563
payload.entry_candle_context.multi_timeframe_context.source_quality.missing_minutes.contains:12:20	collected_raw_precursor	categorical	7563	56.81	"{""False"": 7422, ""True"": 141}"	computed_or_insufficient	0.01125	0.01336	0.01158	7563
payload.entry_candle_context.multi_timeframe_context.source_quality.missing_minutes.contains:12:21	collected_raw_precursor	categorical	7563	56.81	"{""False"": 7476, ""True"": 87}"	computed_or_insufficient	0.02794	0.0297	0.00906	7563
payload.entry_candle_context.multi_timeframe_context.source_quality.missing_minutes.contains:12:22	collected_raw_precursor	categorical	7563	56.81	"{""False"": 7523, ""True"": 40}"	computed_or_insufficient	0.00581	0.00693	0.00613	7563
payload.entry_candle_context.multi_timeframe_context.source_quality.missing_minutes.contains:12:23	collected_raw_precursor	categorical	7563	56.81	"{""False"": 7538, ""True"": 25}"	computed_or_insufficient	0.01672	0.01595	0.00484	7563
payload.entry_candle_context.multi_timeframe_context.source_quality.missing_minutes.contains:12:24	collected_raw_precursor	categorical	7563	56.81	"{""False"": 7440, ""True"": 123}"	computed_or_insufficient	0.03424	0.03251	0.0108	7563
payload.entry_candle_context.multi_timeframe_context.source_quality.missing_minutes.contains:12:25	collected_raw_precursor	categorical	7563	56.81	"{""False"": 7395, ""True"": 168}"	computed_or_insufficient	0.04111	0.03908	0.01266	7563
payload.entry_candle_context.multi_timeframe_context.source_quality.missing_minutes.contains:12:26	collected_raw_precursor	categorical	7563	56.81	"{""False"": 7528, ""True"": 35}"	computed_or_insufficient	0.02552	0.02668	0.00573	7563
payload.entry_candle_context.multi_timeframe_context.source_quality.missing_minutes.contains:12:27	collected_raw_precursor	categorical	7563	56.81	"{""False"": 7497, ""True"": 66}"	computed_or_insufficient	0.01582	0.01451	0.00788	7563
payload.entry_candle_context.multi_timeframe_context.source_quality.missing_minutes.contains:12:28	collected_raw_precursor	categorical	7563	56.81	"{""False"": 7472, ""True"": 91}"	computed_or_insufficient	0.00691	0.0053	0.00927	7563
payload.entry_candle_context.multi_timeframe_context.source_quality.missing_minutes.contains:12:29	collected_raw_precursor	categorical	7563	56.81	"{""False"": 7462, ""True"": 101}"	computed_or_insufficient	0.04646	0.04497	0.00977	7563
payload.entry_candle_context.multi_timeframe_context.source_quality.missing_minutes.contains:12:30	collected_raw_precursor	categorical	7563	56.81	"{""False"": 7489, ""True"": 74}"	computed_or_insufficient	0.01125	0.00983	0.00835	7563
payload.entry_candle_context.multi_timeframe_context.source_quality.missing_minutes.contains:12:31	collected_raw_precursor	categorical	7563	56.81	"{""False"": 7474, ""True"": 89}"	computed_or_insufficient	0.02598	0.0245	0.00917	7563
payload.entry_candle_context.multi_timeframe_context.source_quality.missing_minutes.contains:12:32	collected_raw_precursor	categorical	7563	56.81	"{""False"": 7509, ""True"": 54}"	computed_or_insufficient	0.00403	0.00279	0.00712	7563
payload.entry_candle_context.multi_timeframe_context.source_quality.missing_minutes.contains:12:33	collected_raw_precursor	categorical	7563	56.81	"{""False"": 7499, ""True"": 64}"	computed_or_insufficient	0.01042	0.01185	0.00776	7563
payload.entry_candle_context.multi_timeframe_context.source_quality.missing_minutes.contains:12:34	collected_raw_precursor	categorical	7563	56.81	"{""False"": 7467, ""True"": 96}"	computed_or_insufficient	0.03343	0.03443	0.00463	7563
payload.entry_candle_context.multi_timeframe_context.source_quality.missing_minutes.contains:12:35	collected_raw_precursor	categorical	7563	56.81	"{""False"": 7517, ""True"": 46}"	computed_or_insufficient	0.00545	0.00432	0.00657	7563
payload.entry_candle_context.multi_timeframe_context.source_quality.missing_minutes.contains:12:36	collected_raw_precursor	categorical	7563	56.81	"{""False"": 7528, ""True"": 35}"	computed_or_insufficient	0.01316	0.01425	0.00573	7563
payload.entry_candle_context.multi_timeframe_context.source_quality.missing_minutes.contains:12:37	collected_raw_precursor	categorical	7563	56.81	"{""False"": 7473, ""True"": 90}"	computed_or_insufficient	0.00608	0.00707	0.0054	7563
payload.entry_candle_context.multi_timeframe_context.source_quality.missing_minutes.contains:12:38	collected_raw_precursor	categorical	7563	56.81	"{""False"": 7477, ""True"": 86}"	computed_or_insufficient	0.01585	0.01698	0.00594	7563
payload.entry_candle_context.multi_timeframe_context.source_quality.missing_minutes.contains:12:39	collected_raw_precursor	categorical	7563	56.81	"{""False"": 7461, ""True"": 102}"	computed_or_insufficient	0.00872	0.01051	0.00982	7563
payload.entry_candle_context.multi_timeframe_context.source_quality.missing_minutes.contains:12:40	collected_raw_precursor	categorical	7563	56.81	"{""False"": 7385, ""True"": 178}"	computed_or_insufficient	0.02037	0.01816	0.01304	7563
payload.entry_candle_context.multi_timeframe_context.source_quality.missing_minutes.contains:12:41	collected_raw_precursor	categorical	7563	56.81	"{""False"": 7518, ""True"": 45}"	computed_or_insufficient	0.00299	0.00416	0.0065	7563
payload.entry_candle_context.multi_timeframe_context.source_quality.missing_minutes.contains:12:42	collected_raw_precursor	categorical	7563	56.81	"{""False"": 7491, ""True"": 72}"	computed_or_insufficient	0.01522	0.01384	0.00824	7563
payload.entry_candle_context.multi_timeframe_context.source_quality.missing_minutes.contains:12:43	collected_raw_precursor	categorical	7563	56.81	"{""False"": 7525, ""True"": 38}"	computed_or_insufficient	0.01259	0.01371	0.00597	7563
payload.entry_candle_context.multi_timeframe_context.source_quality.missing_minutes.contains:12:44	collected_raw_precursor	categorical	7563	56.81	"{""False"": 7545, ""True"": 18}"	computed_or_insufficient	0.01763	0.01699	0.0041	7563
payload.entry_candle_context.multi_timeframe_context.source_quality.missing_minutes.contains:12:45	collected_raw_precursor	categorical	7563	56.81	"{""False"": 7417, ""True"": 146}"	computed_or_insufficient	0.00966	0.0118	0.01179	7563
payload.entry_candle_context.multi_timeframe_context.source_quality.missing_minutes.contains:12:46	collected_raw_precursor	categorical	7563	56.81	"{""False"": 7428, ""True"": 135}"	computed_or_insufficient	0.02437	0.02461	0.00065	7563
payload.entry_candle_context.multi_timeframe_context.source_quality.missing_minutes.contains:12:47	collected_raw_precursor	categorical	7563	56.81	"{""False"": 7489, ""True"": 74}"	computed_or_insufficient	0.03114	0.02982	0.00835	7563
payload.entry_candle_context.multi_timeframe_context.source_quality.missing_minutes.contains:12:48	collected_raw_precursor	categorical	7563	56.81	"{""False"": 7397, ""True"": 166}"	computed_or_insufficient	0.02862	0.02653	0.01258	7563
payload.entry_candle_context.multi_timeframe_context.source_quality.missing_minutes.contains:12:49	collected_raw_precursor	categorical	7563	56.81	"{""False"": 7514, ""True"": 49}"	computed_or_insufficient	0.00533	0.00415	0.00678	7563
payload.entry_candle_context.multi_timeframe_context.source_quality.missing_minutes.contains:12:50	collected_raw_precursor	categorical	7563	56.81	"{""False"": 7520, ""True"": 43}"	computed_or_insufficient	0.00556	0.00672	0.00635	7563
payload.entry_candle_context.multi_timeframe_context.source_quality.missing_minutes.contains:12:51	collected_raw_precursor	categorical	7563	56.81	"{""False"": 7494, ""True"": 69}"	computed_or_insufficient	0.04198	0.04078	0.00806	7563
payload.entry_candle_context.multi_timeframe_context.source_quality.missing_minutes.contains:12:52	collected_raw_precursor	categorical	7563	56.81	"{""False"": 7518, ""True"": 45}"	computed_or_insufficient	0.01026	0.01147	0.0065	7563
payload.entry_candle_context.multi_timeframe_context.source_quality.missing_minutes.contains:12:53	collected_raw_precursor	categorical	7563	56.81	"{""False"": 7419, ""True"": 144}"	computed_or_insufficient	0.04385	0.04616	0.0117	7563
payload.entry_candle_context.multi_timeframe_context.source_quality.missing_minutes.contains:12:54	collected_raw_precursor	categorical	7563	56.81	"{""False"": 7535, ""True"": 28}"	computed_or_insufficient	0.01177	0.01274	0.00512	7563
payload.entry_candle_context.multi_timeframe_context.source_quality.missing_minutes.contains:12:55	collected_raw_precursor	categorical	7563	56.81	"{""False"": 7504, ""True"": 59}"	computed_or_insufficient	0.01876	0.01753	0.00745	7563
payload.entry_candle_context.multi_timeframe_context.source_quality.missing_minutes.contains:12:56	collected_raw_precursor	categorical	7563	56.81	"{""False"": 7533, ""True"": 30}"	computed_or_insufficient	0.00943	0.01748	0.04513	7563
payload.entry_candle_context.multi_timeframe_context.source_quality.missing_minutes.contains:12:57	collected_raw_precursor	categorical	7563	56.81	"{""False"": 7555, ""True"": 8}"	computed_or_insufficient	0.00601	0.00556	0.00273	7563
payload.entry_candle_context.multi_timeframe_context.source_quality.missing_minutes.contains:12:58	collected_raw_precursor	categorical	7563	56.81	"{""False"": 7557, ""True"": 6}"	computed_or_insufficient	0.0097	0.01017	0.00237	7563
payload.entry_candle_context.multi_timeframe_context.source_quality.missing_minutes.contains:12:59	collected_raw_precursor	categorical	7563	56.81	"{""False"": 7531, ""True"": 32}"	computed_or_insufficient	0.01634	0.01546	0.00548	7563
payload.entry_candle_context.multi_timeframe_context.source_quality.missing_minutes.contains:13:00	collected_raw_precursor	categorical	7563	56.81	"{""False"": 7558, ""True"": 5}"	computed_or_insufficient	0.01429	0.01475	0.00216	7563
payload.entry_candle_context.multi_timeframe_context.source_quality.missing_minutes.contains:13:01	collected_raw_precursor	categorical	7563	56.81	"{""False"": 7557, ""True"": 6}"	computed_or_insufficient	0.01963	0.02015	0.00237	7563
payload.entry_candle_context.multi_timeframe_context.source_quality.missing_minutes.contains:13:02	collected_raw_precursor	categorical	7563	56.81	"{""False"": 7554, ""True"": 9}"	computed_or_insufficient	0.01593	0.01653	0.0029	7563
payload.entry_candle_context.multi_timeframe_context.source_quality.missing_minutes.contains:13:03	collected_raw_precursor	categorical	7563	56.81	"{""False"": 7555, ""True"": 8}"	computed_or_insufficient	0.00601	0.00556	0.00273	7563
payload.entry_candle_context.multi_timeframe_context.source_quality.missing_minutes.contains:13:04	collected_raw_precursor	categorical	7563	56.81	"{""False"": 7527, ""True"": 36}"	computed_or_insufficient	0.00348	0.00453	0.00581	7563
payload.entry_candle_context.multi_timeframe_context.source_quality.missing_minutes.contains:13:05	collected_raw_precursor	categorical	7563	56.81	"{""False"": 7479, ""True"": 84}"	computed_or_insufficient	0.03825	0.03687	0.0089	7563
payload.entry_candle_context.multi_timeframe_context.source_quality.missing_minutes.contains:13:06	collected_raw_precursor	categorical	7563	56.81	"{""False"": 7525, ""True"": 38}"	computed_or_insufficient	0.02445	0.02564	0.00597	7563
payload.entry_candle_context.multi_timeframe_context.source_quality.missing_minutes.contains:13:07	collected_raw_precursor	categorical	7563	56.81	"{""False"": 7524, ""True"": 39}"	computed_or_insufficient	0.0033	0.00439	0.00605	7563
payload.entry_candle_context.multi_timeframe_context.source_quality.missing_minutes.contains:13:08	collected_raw_precursor	categorical	7563	56.81	"{""False"": 7517, ""True"": 46}"	computed_or_insufficient	0.02703	0.02601	0.00657	7563
payload.entry_candle_context.multi_timeframe_context.source_quality.missing_minutes.contains:13:09	collected_raw_precursor	categorical	7563	56.81	"{""False"": 7497, ""True"": 66}"	computed_or_insufficient	0.02184	0.02055	0.00788	7563
payload.entry_candle_context.multi_timeframe_context.source_quality.missing_minutes.contains:13:10	collected_raw_precursor	categorical	7563	56.81	"{""False"": 7551, ""True"": 12}"	computed_or_insufficient	0.01439	0.01387	0.00335	7563
payload.entry_candle_context.multi_timeframe_context.source_quality.missing_minutes.contains:13:11	collected_raw_precursor	categorical	7563	56.81	"{""False"": 7556, ""True"": 7}"	computed_or_insufficient	0.00332	0.00288	0.00256	7563
payload.entry_candle_context.multi_timeframe_context.source_quality.missing_minutes.contains:13:12	collected_raw_precursor	categorical	7563	56.81	"{""False"": 7540, ""True"": 23}"	computed_or_insufficient	0.00631	0.00716	0.00464	7563
payload.entry_candle_context.multi_timeframe_context.source_quality.missing_minutes.contains:13:13	collected_raw_precursor	categorical	7563	56.81	"{""False"": 7561, ""True"": 2}"	computed_or_insufficient	0.0056	0.00587	0.00137	7563
payload.entry_candle_context.multi_timeframe_context.source_quality.missing_minutes.contains:13:14	collected_raw_precursor	categorical	7563	56.81	"{""False"": 7468, ""True"": 95}"	computed_or_insufficient	0.01518	0.01358	0.00947	7563
payload.entry_candle_context.multi_timeframe_context.source_quality.missing_minutes.contains:13:15	collected_raw_precursor	categorical	7563	56.81	"{""False"": 7540, ""True"": 23}"	computed_or_insufficient	0.00893	0.00815	0.00464	7563
payload.entry_candle_context.multi_timeframe_context.source_quality.missing_minutes.contains:13:16	collected_raw_precursor	categorical	7563	56.81	"{""False"": 7549, ""True"": 14}"	computed_or_insufficient	0.0047	0.00408	0.00362	7563
payload.entry_candle_context.multi_timeframe_context.source_quality.missing_minutes.contains:13:17	collected_raw_precursor	categorical	7563	56.81	"{""False"": 7526, ""True"": 37}"	computed_or_insufficient	0.00208	0.00089	0.01683	7563
payload.entry_candle_context.multi_timeframe_context.source_quality.missing_minutes.contains:13:18	collected_raw_precursor	categorical	7563	56.81	"{""False"": 7558, ""True"": 5}"	computed_or_insufficient	0.01835	0.01806	0.00216	7563
payload.entry_candle_context.multi_timeframe_context.source_quality.missing_minutes.contains:13:19	collected_raw_precursor	categorical	7563	56.81	"{""False"": 7527, ""True"": 36}"	computed_or_insufficient	0.00348	0.00453	0.00581	7563
payload.entry_candle_context.multi_timeframe_context.source_quality.missing_minutes.contains:13:20	collected_raw_precursor	categorical	7563	56.81	"{""False"": 7505, ""True"": 58}"	computed_or_insufficient	0.0014	0.00272	0.00739	7563
payload.entry_candle_context.multi_timeframe_context.source_quality.missing_minutes.contains:13:21	collected_raw_precursor	categorical	7563	56.81	"{""False"": 7485, ""True"": 78}"	computed_or_insufficient	0.0147	0.01325	0.00858	7563
payload.entry_candle_context.multi_timeframe_context.source_quality.missing_minutes.contains:13:22	collected_raw_precursor	categorical	7563	56.81	"{""False"": 7543, ""True"": 20}"	computed_or_insufficient	0.00138	0.00216	0.00433	7563
payload.entry_candle_context.multi_timeframe_context.source_quality.missing_minutes.contains:13:23	collected_raw_precursor	categorical	7563	56.81	"{""False"": 7549, ""True"": 14}"	computed_or_insufficient	0.0112	0.01062	0.00362	7563
payload.entry_candle_context.multi_timeframe_context.source_quality.missing_minutes.contains:13:24	collected_raw_precursor	categorical	7563	56.81	"{""False"": 7558, ""True"": 5}"	computed_or_insufficient	0.00341	0.00381	0.00216	7563
payload.entry_candle_context.multi_timeframe_context.source_quality.missing_minutes.contains:13:25	collected_raw_precursor	categorical	7563	56.81	"{""False"": 7558, ""True"": 5}"	computed_or_insufficient	0.01429	0.01475	0.00216	7563
payload.entry_candle_context.multi_timeframe_context.source_quality.missing_minutes.contains:13:26	collected_raw_precursor	categorical	7563	56.81	"{""False"": 7534, ""True"": 29}"	computed_or_insufficient	0.01004	0.01102	0.00521	7563
payload.entry_candle_context.multi_timeframe_context.source_quality.missing_minutes.contains:13:27	collected_raw_precursor	categorical	7563	56.81	"{""False"": 7560, ""True"": 3}"	computed_or_insufficient	0.01388	0.00013	0.07793	7563
payload.entry_candle_context.multi_timeframe_context.source_quality.missing_minutes.contains:13:28	collected_raw_precursor	categorical	7563	56.81	"{""False"": 7558, ""True"": 5}"	computed_or_insufficient	0.01429	0.01475	0.00216	7563
payload.entry_candle_context.multi_timeframe_context.source_quality.missing_minutes.contains:13:29	collected_raw_precursor	categorical	7563	56.81	"{""False"": 7554, ""True"": 9}"	computed_or_insufficient	0.00782	0.00838	0.0029	7563
payload.entry_candle_context.multi_timeframe_context.source_quality.missing_minutes.contains:13:31	collected_raw_precursor	categorical	7563	56.81	"{""False"": 7526, ""True"": 37}"	computed_or_insufficient	0.01411	0.01523	0.00589	7563
payload.entry_candle_context.multi_timeframe_context.source_quality.missing_minutes.contains:13:32	collected_raw_precursor	categorical	7563	56.81	"{""False"": 7471, ""True"": 92}"	computed_or_insufficient	0.04074	0.04261	0.00932	7563
payload.entry_candle_context.multi_timeframe_context.source_quality.missing_minutes.contains:13:33	collected_raw_precursor	categorical	7563	56.81	"{""False"": 7555, ""True"": 8}"	computed_or_insufficient	0.02322	0.02285	0.00273	7563
payload.entry_candle_context.multi_timeframe_context.source_quality.missing_minutes.contains:13:34	collected_raw_precursor	categorical	7563	56.81	"{""False"": 7562, ""True"": 1}"	computed_or_insufficient	0.01612	0.01637	0.00097	7563
payload.entry_candle_context.multi_timeframe_context.source_quality.missing_minutes.contains:13:35	collected_raw_precursor	categorical	7563	56.81	"{""False"": 7508, ""True"": 55}"	computed_or_insufficient	0.02156	0.0204	0.00719	7563
payload.entry_candle_context.multi_timeframe_context.source_quality.missing_minutes.contains:13:36	collected_raw_precursor	categorical	7563	56.81	"{""False"": 7551, ""True"": 12}"	computed_or_insufficient	0.00669	0.00732	0.00335	7563
payload.entry_candle_context.multi_timeframe_context.source_quality.missing_minutes.contains:13:37	collected_raw_precursor	categorical	7563	56.81	"{""False"": 7521, ""True"": 42}"	computed_or_insufficient	0.02321	0.02222	0.00628	7563
payload.entry_candle_context.multi_timeframe_context.source_quality.missing_minutes.contains:13:38	collected_raw_precursor	categorical	7563	56.81	"{""False"": 7544, ""True"": 19}"	computed_or_insufficient	0.00787	0.00716	0.00422	7563
payload.entry_candle_context.multi_timeframe_context.source_quality.missing_minutes.contains:13:39	collected_raw_precursor	categorical	7563	56.81	"{""False"": 7555, ""True"": 8}"	computed_or_insufficient	0.01461	0.0142	0.00273	7563
payload.entry_candle_context.multi_timeframe_context.source_quality.missing_minutes.contains:13:40	collected_raw_precursor	categorical	7563	56.81	"{""False"": 7541, ""True"": 22}"	computed_or_insufficient	0.00738	0.00661	0.00454	7563
payload.entry_candle_context.multi_timeframe_context.source_quality.missing_minutes.contains:13:41	collected_raw_precursor	categorical	7563	56.81	"{""False"": 7512, ""True"": 51}"	computed_or_insufficient	0.01094	0.00977	0.00692	7563
payload.entry_candle_context.multi_timeframe_context.source_quality.missing_minutes.contains:13:42	collected_raw_precursor	categorical	7563	56.81	"{""False"": 7522, ""True"": 41}"	computed_or_insufficient	0.00316	0.00208	0.0062	7563
payload.entry_candle_context.multi_timeframe_context.source_quality.missing_minutes.contains:13:43	collected_raw_precursor	categorical	7563	56.81	"{""False"": 7534, ""True"": 29}"	computed_or_insufficient	0.00354	0.00263	0.00521	7563
payload.entry_candle_context.multi_timeframe_context.source_quality.missing_minutes.contains:13:44	collected_raw_precursor	categorical	7563	56.81	"{""False"": 7550, ""True"": 13}"	computed_or_insufficient	0.00935	0.00878	0.00349	7563
payload.entry_candle_context.multi_timeframe_context.source_quality.missing_minutes.contains:13:45	collected_raw_precursor	categorical	7563	56.81	"{""False"": 7557, ""True"": 6}"	computed_or_insufficient	0.01017	0.0098	0.00237	7563
payload.entry_candle_context.multi_timeframe_context.source_quality.missing_minutes.contains:13:47	collected_raw_precursor	categorical	7563	56.81	"{""False"": 7544, ""True"": 19}"	computed_or_insufficient	0.01904	0.0184	0.00422	7563
payload.entry_candle_context.multi_timeframe_context.source_quality.missing_minutes.contains:13:48	collected_raw_precursor	categorical	7563	56.81	"{""False"": 7558, ""True"": 5}"	computed_or_insufficient	0.00747	0.00713	0.00216	7563
payload.entry_candle_context.multi_timeframe_context.source_quality.missing_minutes.contains:13:50	collected_raw_precursor	categorical	7563	56.81	"{""False"": 7557, ""True"": 6}"	computed_or_insufficient	0.01017	0.0098	0.00237	7563
payload.entry_candle_context.multi_timeframe_context.source_quality.missing_minutes.contains:13:51	collected_raw_precursor	categorical	7563	56.81	"{""False"": 7562, ""True"": 1}"	computed_or_insufficient	0.01612	0.01637	0.00097	7563
payload.entry_candle_context.multi_timeframe_context.source_quality.missing_minutes.contains:13:53	collected_raw_precursor	categorical	7563	56.81	"{""False"": 7552, ""True"": 11}"	computed_or_insufficient	0.00213	0.00271	0.00321	7563
payload.entry_candle_context.multi_timeframe_context.source_quality.missing_minutes.contains:13:54	collected_raw_precursor	categorical	7563	56.81	"{""False"": 7541, ""True"": 22}"	computed_or_insufficient	0.00738	0.00661	0.00454	7563
payload.entry_candle_context.multi_timeframe_context.source_quality.missing_minutes.contains:13:55	collected_raw_precursor	categorical	7563	56.81	"{""False"": 7550, ""True"": 13}"	computed_or_insufficient	0.00415	0.00479	0.00349	7563
payload.entry_candle_context.multi_timeframe_context.source_quality.missing_minutes.contains:13:56	collected_raw_precursor	categorical	7563	56.81	"{""False"": 7562, ""True"": 1}"	computed_or_insufficient	0.01612	0.01637	0.00097	7563
payload.entry_candle_context.multi_timeframe_context.source_quality.missing_minutes.contains:13:58	collected_raw_precursor	categorical	7563	56.81	"{""False"": 7519, ""True"": 44}"	computed_or_insufficient	0.00677	0.00567	0.00643	7563
payload.entry_candle_context.multi_timeframe_context.source_quality.missing_minutes.contains:14:01	collected_raw_precursor	categorical	7563	56.81	"{""False"": 7552, ""True"": 11}"	computed_or_insufficient	0.00213	0.00271	0.00321	7563
payload.entry_candle_context.multi_timeframe_context.source_quality.missing_minutes.contains:14:03	collected_raw_precursor	categorical	7563	56.81	"{""False"": 7552, ""True"": 11}"	computed_or_insufficient	0.00213	0.00271	0.00321	7563
payload.entry_candle_context.multi_timeframe_context.source_quality.missing_minutes.contains:14:04	collected_raw_precursor	categorical	7563	56.81	"{""False"": 7541, ""True"": 22}"	computed_or_insufficient	0.00301	0.00383	0.00454	7563
payload.entry_candle_context.multi_timeframe_context.source_quality.missing_minutes.contains:14:06	collected_raw_precursor	categorical	7563	56.81	"{""False"": 7557, ""True"": 6}"	computed_or_insufficient	0.01017	0.0098	0.00237	7563
payload.entry_candle_context.multi_timeframe_context.source_quality.missing_minutes.contains:14:07	collected_raw_precursor	categorical	7563	56.81	"{""False"": 7543, ""True"": 20}"	computed_or_insufficient	0.0204	0.01974	0.00433	7563
payload.entry_candle_context.multi_timeframe_context.source_quality.missing_minutes.contains:14:08	collected_raw_precursor	categorical	7563	56.81	"{""False"": 7557, ""True"": 6}"	computed_or_insufficient	0.01963	0.02015	0.00237	7563
payload.entry_candle_context.multi_timeframe_context.source_quality.missing_minutes.contains:14:09	collected_raw_precursor	categorical	7563	56.81	"{""False"": 7560, ""True"": 3}"	computed_or_insufficient	0.01421	0.01399	0.00167	7563
payload.entry_candle_context.multi_timeframe_context.source_quality.missing_minutes.contains:14:11	collected_raw_precursor	categorical	7563	56.81	"{""False"": 7552, ""True"": 11}"	computed_or_insufficient	0.00213	0.00271	0.00321	7563
payload.entry_candle_context.multi_timeframe_context.source_quality.missing_minutes.contains:14:14	collected_raw_precursor	categorical	7563	56.81	"{""False"": 7562, ""True"": 1}"	computed_or_insufficient	0.0082	0.00808	0.00097	7563
payload.entry_candle_context.multi_timeframe_context.source_quality.missing_minutes.contains:14:16	collected_raw_precursor	categorical	7563	56.81	"{""False"": 7560, ""True"": 3}"	computed_or_insufficient	0.01388	0.01425	0.00167	7563
payload.entry_candle_context.multi_timeframe_context.source_quality.missing_minutes.contains:14:20	collected_raw_precursor	categorical	7563	56.81	"{""False"": 7554, ""True"": 9}"	computed_or_insufficient	0.00029	0.00022	0.0029	7563
payload.entry_candle_context.multi_timeframe_context.source_quality.missing_minutes.contains:14:21	collected_raw_precursor	categorical	7563	56.81	"{""False"": 7560, ""True"": 3}"	computed_or_insufficient	0.00017	0.00013	0.00167	7563
payload.entry_candle_context.multi_timeframe_context.source_quality.missing_minutes.contains:14:22	collected_raw_precursor	categorical	7563	56.81	"{""False"": 7531, ""True"": 32}"	computed_or_insufficient	0.02065	0.01979	0.00548	7563
payload.entry_candle_context.multi_timeframe_context.source_quality.missing_minutes.contains:14:23	collected_raw_precursor	categorical	7563	56.81	"{""False"": 7557, ""True"": 6}"	computed_or_insufficient	0.00024	0.00018	0.00237	7563
payload.entry_candle_context.multi_timeframe_context.source_quality.missing_minutes.contains:14:26	collected_raw_precursor	categorical	7563	56.81	"{""False"": 7562, ""True"": 1}"	computed_or_insufficient	0.0082	0.00808	0.00097	7563
payload.entry_candle_context.multi_timeframe_context.source_quality.missing_minutes.contains:14:28	collected_raw_precursor	categorical	7563	56.81	"{""False"": 7553, ""True"": 10}"	computed_or_insufficient	0.01057	0.01008	0.00306	7563
payload.entry_candle_context.multi_timeframe_context.source_quality.missing_minutes.contains:14:30	collected_raw_precursor	categorical	7563	56.81	"{""False"": 7557, ""True"": 6}"	computed_or_insufficient	0.01017	0.0098	0.00237	7563
payload.entry_candle_context.multi_timeframe_context.source_quality.missing_minutes.contains:14:31	collected_raw_precursor	categorical	7563	56.81	"{""False"": 7560, ""True"": 3}"	computed_or_insufficient	0.01421	0.01399	0.00167	7563
payload.entry_candle_context.multi_timeframe_context.source_quality.missing_minutes.contains:14:32	collected_raw_precursor	categorical	7563	56.81	"{""False"": 7555, ""True"": 8}"	computed_or_insufficient	0.01461	0.0142	0.00273	7563
payload.entry_candle_context.multi_timeframe_context.source_quality.missing_minutes.contains:14:34	collected_raw_precursor	categorical	7563	56.81	"{""False"": 7543, ""True"": 20}"	computed_or_insufficient	0.01227	0.01311	0.00433	7563
payload.entry_candle_context.multi_timeframe_context.source_quality.missing_minutes.contains:14:35	collected_raw_precursor	categorical	7563	56.81	"{""False"": 7551, ""True"": 12}"	computed_or_insufficient	0.00736	0.00681	0.00335	7563
payload.entry_candle_context.multi_timeframe_context.source_quality.missing_minutes.contains:14:36	collected_raw_precursor	categorical	7563	56.81	"{""False"": 7522, ""True"": 41}"	computed_or_insufficient	0.00827	0.00941	0.0062	7563
payload.entry_candle_context.multi_timeframe_context.source_quality.missing_minutes.contains:14:37	collected_raw_precursor	categorical	7563	56.81	"{""False"": 7553, ""True"": 10}"	computed_or_insufficient	0.01057	0.01008	0.00306	7563
payload.entry_candle_context.multi_timeframe_context.source_quality.missing_minutes.contains:14:38	collected_raw_precursor	categorical	7563	56.81	"{""False"": 7557, ""True"": 6}"	computed_or_insufficient	0.01017	0.0098	0.00237	7563
payload.entry_candle_context.multi_timeframe_context.source_quality.missing_minutes.contains:14:42	collected_raw_precursor	categorical	7563	56.81	"{""False"": 7557, ""True"": 6}"	computed_or_insufficient	0.01017	0.0098	0.00237	7563
payload.entry_candle_context.multi_timeframe_context.source_quality.missing_minutes.contains:14:43	collected_raw_precursor	categorical	7563	56.81	"{""False"": 7556, ""True"": 7}"	computed_or_insufficient	0.01252	0.01213	0.00256	7563
payload.entry_candle_context.multi_timeframe_context.source_quality.missing_minutes.contains:14:45	collected_raw_precursor	categorical	7563	56.81	"{""False"": 7562, ""True"": 1}"	computed_or_insufficient	0.0082	0.00808	0.00097	7563
payload.entry_candle_context.multi_timeframe_context.source_quality.missing_minutes.contains:14:46	collected_raw_precursor	categorical	7563	56.81	"{""False"": 7558, ""True"": 5}"	computed_or_insufficient	0.00747	0.00713	0.00216	7563
payload.entry_candle_context.multi_timeframe_context.source_quality.missing_minutes.contains:14:47	collected_raw_precursor	categorical	7563	56.81	"{""False"": 7552, ""True"": 11}"	computed_or_insufficient	0.00213	0.00271	0.00321	7563
payload.entry_candle_context.multi_timeframe_context.source_quality.missing_minutes.contains:14:51	collected_raw_precursor	categorical	7563	56.81	"{""False"": 7556, ""True"": 7}"	computed_or_insufficient	0.01252	0.01213	0.00256	7563
payload.entry_candle_context.multi_timeframe_context.source_quality.missing_minutes.contains:14:52	collected_raw_precursor	categorical	7563	56.81	"{""False"": 7550, ""True"": 13}"	computed_or_insufficient	0.0026	0.00199	0.00349	7563
payload.entry_candle_context.multi_timeframe_context.source_quality.missing_minutes.contains:16:01	collected_raw_precursor	categorical	7563	56.81	"{""False"": 7416, ""True"": 147}"	computed_or_insufficient	0.0211	0.02331	0.01183	7563
payload.entry_candle_context.multi_timeframe_context.source_quality.missing_minutes.contains:16:02	collected_raw_precursor	categorical	7563	56.81	"{""False"": 7556, ""True"": 7}"	computed_or_insufficient	0.01507	0.00636	0.04957	7563
payload.entry_candle_context.multi_timeframe_context.source_quality.missing_minutes.contains:16:03	collected_raw_precursor	categorical	7563	56.81	"{""False"": 7399, ""True"": 164}"	computed_or_insufficient	0.00061	0.00032	0.00162	7563
payload.entry_candle_context.multi_timeframe_context.source_quality.missing_minutes.contains:16:04	collected_raw_precursor	categorical	7563	56.81	"{""False"": 7553, ""True"": 10}"	computed_or_insufficient	0.01057	0.01008	0.00306	7563
payload.entry_candle_context.multi_timeframe_context.source_quality.missing_minutes.contains:16:05	collected_raw_precursor	categorical	7563	56.81	"{""False"": 7414, ""True"": 149}"	computed_or_insufficient	0.02765	0.02789	0.0005	7563
payload.entry_candle_context.multi_timeframe_context.source_quality.missing_minutes.contains:16:06	collected_raw_precursor	categorical	7563	56.81	"{""False"": 7518, ""True"": 45}"	computed_or_insufficient	0.00065	0.00681	0.03472	7563
payload.entry_candle_context.multi_timeframe_context.source_quality.missing_minutes.contains:16:07	collected_raw_precursor	categorical	7563	56.81	"{""False"": 7308, ""True"": 255}"	computed_or_insufficient	0.02477	0.02613	0.00691	7563
payload.entry_candle_context.multi_timeframe_context.source_quality.missing_minutes.contains:16:08	collected_raw_precursor	categorical	7563	56.81	"{""False"": 7373, ""True"": 190}"	computed_or_insufficient	0.01771	0.01661	0.00677	7563
payload.entry_candle_context.multi_timeframe_context.source_quality.missing_minutes.contains:16:09	collected_raw_precursor	categorical	7563	56.81	"{""False"": 7511, ""True"": 52}"	computed_or_insufficient	0.00156	0.0006	0.01219	7563
payload.entry_candle_context.multi_timeframe_context.source_quality.missing_minutes.contains:16:10	collected_raw_precursor	categorical	7563	56.81	"{""False"": 7299, ""True"": 264}"	computed_or_insufficient	0.02583	0.02574	0.00129	7563
payload.entry_candle_context.multi_timeframe_context.source_quality.missing_minutes.contains:16:11	collected_raw_precursor	categorical	7563	56.81	"{""False"": 7396, ""True"": 167}"	computed_or_insufficient	0.02031	0.02074	0.00184	7563
payload.entry_candle_context.multi_timeframe_context.source_quality.missing_minutes.contains:16:12	collected_raw_precursor	categorical	7563	56.81	"{""False"": 7400, ""True"": 163}"	computed_or_insufficient	0.02507	0.02548	0.00155	7563
payload.entry_candle_context.multi_timeframe_context.source_quality.missing_minutes.contains:16:13	collected_raw_precursor	categorical	7563	56.81	"{""False"": 7302, ""True"": 261}"	computed_or_insufficient	0.01986	0.02124	0.0072	7563
payload.entry_candle_context.multi_timeframe_context.source_quality.missing_minutes.contains:16:14	collected_raw_precursor	categorical	7563	56.81	"{""False"": 7408, ""True"": 155}"	computed_or_insufficient	0.02116	0.02144	0.00096	7563
payload.entry_candle_context.multi_timeframe_context.source_quality.missing_minutes.contains:16:15	collected_raw_precursor	categorical	7563	56.81	"{""False"": 7407, ""True"": 156}"	computed_or_insufficient	0.02239	0.0227	0.00104	7563
payload.entry_candle_context.multi_timeframe_context.source_quality.missing_minutes.contains:16:16	collected_raw_precursor	categorical	7563	56.81	"{""False"": 7500, ""True"": 63}"	computed_or_insufficient	0.01615	0.01797	0.00974	7563
payload.entry_candle_context.multi_timeframe_context.source_quality.missing_minutes.contains:16:17	collected_raw_precursor	categorical	7563	56.81	"{""False"": 7417, ""True"": 146}"	computed_or_insufficient	0.02389	0.02611	0.01179	7563
payload.entry_candle_context.multi_timeframe_context.source_quality.missing_minutes.contains:16:18	collected_raw_precursor	categorical	7563	56.81	"{""False"": 7299, ""True"": 264}"	computed_or_insufficient	0.02126	0.02267	0.00734	7563
payload.entry_candle_context.multi_timeframe_context.source_quality.missing_minutes.contains:16:19	collected_raw_precursor	categorical	7563	56.81	"{""False"": 7404, ""True"": 159}"	computed_or_insufficient	0.02216	0.02446	0.01231	7563
payload.entry_candle_context.multi_timeframe_context.source_quality.missing_minutes.contains:16:20	collected_raw_precursor	categorical	7563	56.81	"{""False"": 7379, ""True"": 184}"	computed_or_insufficient	0.02711	0.02778	0.00298	7563
payload.entry_candle_context.multi_timeframe_context.source_quality.missing_minutes.contains:16:21	collected_raw_precursor	categorical	7563	56.81	"{""False"": 7458, ""True"": 105}"	computed_or_insufficient	0.01295	0.01365	0.00358	7563
payload.entry_candle_context.multi_timeframe_context.source_quality.missing_minutes.contains:16:22	collected_raw_precursor	categorical	7563	56.81	"{""False"": 7365, ""True"": 198}"	computed_or_insufficient	0.01614	0.01691	0.00385	7563
payload.entry_candle_context.multi_timeframe_context.source_quality.missing_minutes.contains:16:23	collected_raw_precursor	categorical	7563	56.81	"{""False"": 7390, ""True"": 173}"	computed_or_insufficient	0.02366	0.02418	0.00225	7563
payload.entry_candle_context.multi_timeframe_context.source_quality.missing_minutes.contains:16:24	collected_raw_precursor	categorical	7563	56.81	"{""False"": 7387, ""True"": 176}"	computed_or_insufficient	0.01602	0.01654	0.00245	7563
payload.entry_candle_context.multi_timeframe_context.source_quality.missing_minutes.contains:16:25	collected_raw_precursor	categorical	7563	56.81	"{""False"": 7357, ""True"": 206}"	computed_or_insufficient	0.01463	0.01375	0.00542	7563
payload.entry_candle_context.multi_timeframe_context.source_quality.missing_minutes.contains:16:26	collected_raw_precursor	categorical	7563	56.81	"{""False"": 7390, ""True"": 173}"	computed_or_insufficient	0.01805	0.01854	0.00225	7563
payload.entry_candle_context.multi_timeframe_context.source_quality.missing_minutes.contains:16:27	collected_raw_precursor	categorical	7563	56.81	"{""False"": 7477, ""True"": 86}"	computed_or_insufficient	0.01321	0.01168	0.00901	7563
payload.entry_candle_context.multi_timeframe_context.source_quality.missing_minutes.contains:16:28	collected_raw_precursor	categorical	7563	56.81	"{""False"": 7479, ""True"": 84}"	computed_or_insufficient	0.0169	0.01809	0.00622	7563
payload.entry_candle_context.multi_timeframe_context.source_quality.missing_minutes.contains:16:29	collected_raw_precursor	categorical	7563	56.81	"{""False"": 7388, ""True"": 175}"	computed_or_insufficient	0.01483	0.01346	0.00816	7563
payload.entry_candle_context.multi_timeframe_context.source_quality.missing_minutes.contains:16:30	collected_raw_precursor	categorical	7563	56.81	"{""False"": 7435, ""True"": 128}"	computed_or_insufficient	0.00688	0.00714	0.00127	7563
payload.entry_candle_context.multi_timeframe_context.source_quality.missing_minutes.contains:16:31	collected_raw_precursor	categorical	7563	56.81	"{""False"": 7450, ""True"": 113}"	computed_or_insufficient	0.00718	0.01234	0.02885	7563
payload.entry_candle_context.multi_timeframe_context.source_quality.missing_minutes.contains:16:32	collected_raw_precursor	categorical	7563	56.81	"{""False"": 7375, ""True"": 188}"	computed_or_insufficient	0.01722	0.01789	0.00323	7563
payload.entry_candle_context.multi_timeframe_context.source_quality.missing_minutes.contains:16:33	collected_raw_precursor	categorical	7563	56.81	"{""False"": 7411, ""True"": 152}"	computed_or_insufficient	0.03135	0.03164	0.00074	7563
payload.entry_candle_context.multi_timeframe_context.source_quality.missing_minutes.contains:16:34	collected_raw_precursor	categorical	7563	56.81	"{""False"": 7372, ""True"": 191}"	computed_or_insufficient	0.01885	0.01956	0.00342	7563
payload.entry_candle_context.multi_timeframe_context.source_quality.missing_minutes.contains:16:35	collected_raw_precursor	categorical	7563	56.81	"{""False"": 7373, ""True"": 190}"	computed_or_insufficient	0.02129	0.02379	0.01349	7563
payload.entry_candle_context.multi_timeframe_context.source_quality.missing_minutes.contains:16:36	collected_raw_precursor	categorical	7563	56.81	"{""False"": 7280, ""True"": 283}"	computed_or_insufficient	0.02438	0.02744	0.01656	7563
payload.entry_candle_context.multi_timeframe_context.source_quality.missing_minutes.contains:16:37	collected_raw_precursor	categorical	7563	56.81	"{""False"": 7373, ""True"": 190}"	computed_or_insufficient	0.02129	0.02379	0.01349	7563
payload.entry_candle_context.multi_timeframe_context.source_quality.missing_minutes.contains:16:38	collected_raw_precursor	categorical	7563	56.81	"{""False"": 7376, ""True"": 187}"	computed_or_insufficient	0.02328	0.02577	0.01338	7563
payload.entry_candle_context.multi_timeframe_context.source_quality.missing_minutes.contains:16:39	collected_raw_precursor	categorical	7563	56.81	"{""False"": 7383, ""True"": 180}"	computed_or_insufficient	0.01704	0.01945	0.01312	7563
payload.entry_candle_context.multi_timeframe_context.source_quality.missing_minutes.contains:16:40	collected_raw_precursor	categorical	7563	56.81	"{""False"": 7507, ""True"": 56}"	computed_or_insufficient	0.00942	0.00819	0.00726	7563
payload.entry_candle_context.multi_timeframe_context.source_quality.missing_minutes.contains:16:41	collected_raw_precursor	categorical	7563	56.81	"{""False"": 7379, ""True"": 184}"	computed_or_insufficient	0.01804	0.01866	0.00298	7563
payload.entry_candle_context.multi_timeframe_context.source_quality.missing_minutes.contains:16:42	collected_raw_precursor	categorical	7563	56.81	"{""False"": 7372, ""True"": 191}"	computed_or_insufficient	0.02242	0.02493	0.01352	7563
payload.entry_candle_context.multi_timeframe_context.source_quality.missing_minutes.contains:16:43	collected_raw_precursor	categorical	7563	56.81	"{""False"": 7390, ""True"": 173}"	computed_or_insufficient	0.0274	0.02982	0.01285	7563
payload.entry_candle_context.multi_timeframe_context.source_quality.missing_minutes.contains:16:44	collected_raw_precursor	categorical	7563	56.81	"{""False"": 7376, ""True"": 187}"	computed_or_insufficient	0.02148	0.02396	0.01338	7563
payload.entry_candle_context.multi_timeframe_context.source_quality.missing_minutes.contains:16:45	collected_raw_precursor	categorical	7563	56.81	"{""False"": 7396, ""True"": 167}"	computed_or_insufficient	0.02221	0.02457	0.01262	7563
payload.entry_candle_context.multi_timeframe_context.source_quality.missing_minutes.contains:16:46	collected_raw_precursor	categorical	7563	56.81	"{""False"": 7267, ""True"": 296}"	computed_or_insufficient	0.01898	0.02208	0.01695	7563
payload.entry_candle_context.multi_timeframe_context.source_quality.missing_minutes.contains:16:47	collected_raw_precursor	categorical	7563	56.81	"{""False"": 7400, ""True"": 163}"	computed_or_insufficient	0.027	0.02935	0.01247	7563
payload.entry_candle_context.multi_timeframe_context.source_quality.missing_minutes.contains:16:48	collected_raw_precursor	categorical	7563	56.81	"{""False"": 7489, ""True"": 74}"	computed_or_insufficient	0.01125	0.00983	0.00835	7563
payload.entry_candle_context.multi_timeframe_context.source_quality.missing_minutes.contains:16:49	collected_raw_precursor	categorical	7563	56.81	"{""False"": 7374, ""True"": 189}"	computed_or_insufficient	0.0112	0.01364	0.01345	7563
payload.entry_candle_context.multi_timeframe_context.source_quality.missing_minutes.contains:16:50	collected_raw_precursor	categorical	7563	56.81	"{""False"": 7309, ""True"": 254}"	computed_or_insufficient	0.02379	0.02513	0.00686	7563
payload.entry_candle_context.multi_timeframe_context.source_quality.missing_minutes.contains:16:51	collected_raw_precursor	categorical	7563	56.81	"{""False"": 7420, ""True"": 143}"	computed_or_insufficient	0.02827	0.02842	2e-05	7563
payload.entry_candle_context.multi_timeframe_context.source_quality.missing_minutes.contains:16:52	collected_raw_precursor	categorical	7563	56.81	"{""False"": 7400, ""True"": 163}"	computed_or_insufficient	0.02315	0.02355	0.00155	7563
payload.entry_candle_context.multi_timeframe_context.source_quality.missing_minutes.contains:16:53	collected_raw_precursor	categorical	7563	56.81	"{""False"": 7410, ""True"": 153}"	computed_or_insufficient	0.03256	0.03488	0.01207	7563
payload.entry_candle_context.multi_timeframe_context.source_quality.missing_minutes.contains:16:54	collected_raw_precursor	categorical	7563	56.81	"{""False"": 7404, ""True"": 159}"	computed_or_insufficient	0.02216	0.02446	0.01231	7563
payload.entry_candle_context.multi_timeframe_context.source_quality.missing_minutes.contains:16:55	collected_raw_precursor	categorical	7563	56.81	"{""False"": 7283, ""True"": 280}"	computed_or_insufficient	0.02008	0.02311	0.01647	7563
payload.entry_candle_context.multi_timeframe_context.source_quality.missing_minutes.contains:16:56	collected_raw_precursor	categorical	7563	56.81	"{""False"": 7413, ""True"": 150}"	computed_or_insufficient	0.02889	0.03117	0.01195	7563
payload.entry_candle_context.multi_timeframe_context.source_quality.missing_minutes.contains:16:57	collected_raw_precursor	categorical	7563	56.81	"{""False"": 7293, ""True"": 270}"	computed_or_insufficient	0.0225	0.02549	0.01616	7563
payload.entry_candle_context.multi_timeframe_context.source_quality.missing_minutes.contains:16:58	collected_raw_precursor	categorical	7563	56.81	"{""False"": 7264, ""True"": 299}"	computed_or_insufficient	0.016	0.01766	0.00891	7563
payload.entry_candle_context.multi_timeframe_context.source_quality.missing_minutes.contains:16:59	collected_raw_precursor	categorical	7563	56.81	"{""False"": 7379, ""True"": 184}"	computed_or_insufficient	0.02167	0.02413	0.01327	7563
payload.entry_candle_context.multi_timeframe_context.source_quality.missing_minutes.contains:17:00	collected_raw_precursor	categorical	7563	56.81	"{""False"": 7397, ""True"": 166}"	computed_or_insufficient	0.01529	0.0176	0.01258	7563
payload.entry_candle_context.multi_timeframe_context.source_quality.missing_minutes.contains:17:01	collected_raw_precursor	categorical	7563	56.81	"{""False"": 7432, ""True"": 131}"	computed_or_insufficient	0.02961	0.03174	0.01115	7563
payload.entry_candle_context.multi_timeframe_context.source_quality.missing_minutes.contains:17:02	collected_raw_precursor	categorical	7563	56.81	"{""False"": 7428, ""True"": 135}"	computed_or_insufficient	0.03266	0.03272	0.00065	7563
payload.entry_candle_context.multi_timeframe_context.source_quality.missing_minutes.contains:17:03	collected_raw_precursor	categorical	7563	56.81	"{""False"": 7415, ""True"": 148}"	computed_or_insufficient	0.01833	0.02053	0.01187	7563
payload.entry_candle_context.multi_timeframe_context.source_quality.missing_minutes.contains:17:04	collected_raw_precursor	categorical	7563	56.81	"{""False"": 7416, ""True"": 147}"	computed_or_insufficient	0.02313	0.02331	0.00035	7563
payload.entry_candle_context.multi_timeframe_context.source_quality.missing_minutes.contains:17:05	collected_raw_precursor	categorical	7563	56.81	"{""False"": 7411, ""True"": 152}"	computed_or_insufficient	0.02537	0.02764	0.01203	7563
payload.entry_candle_context.multi_timeframe_context.source_quality.missing_minutes.contains:17:06	collected_raw_precursor	categorical	7563	56.81	"{""False"": 7391, ""True"": 172}"	computed_or_insufficient	0.02248	0.02487	0.01282	7563
payload.entry_candle_context.multi_timeframe_context.source_quality.missing_minutes.contains:17:07	collected_raw_precursor	categorical	7563	56.81	"{""False"": 7398, ""True"": 165}"	computed_or_insufficient	0.02172	0.02406	0.01255	7563
payload.entry_candle_context.multi_timeframe_context.source_quality.missing_minutes.contains:17:08	collected_raw_precursor	categorical	7563	56.81	"{""False"": 7390, ""True"": 173}"	computed_or_insufficient	0.01992	0.02042	0.00225	7563
payload.entry_candle_context.multi_timeframe_context.source_quality.missing_minutes.contains:17:09	collected_raw_precursor	categorical	7563	56.81	"{""False"": 7409, ""True"": 154}"	computed_or_insufficient	0.02387	0.02615	0.01211	7563
payload.entry_candle_context.multi_timeframe_context.source_quality.missing_minutes.contains:17:10	collected_raw_precursor	categorical	7563	56.81	"{""False"": 7420, ""True"": 143}"	computed_or_insufficient	0.03032	0.03255	0.01166	7563
payload.entry_candle_context.multi_timeframe_context.source_quality.missing_minutes.contains:17:11	collected_raw_precursor	categorical	7563	56.81	"{""False"": 7411, ""True"": 152}"	computed_or_insufficient	0.01939	0.01962	0.00074	7563
payload.entry_candle_context.multi_timeframe_context.source_quality.missing_minutes.contains:17:12	collected_raw_precursor	categorical	7563	56.81	"{""False"": 7390, ""True"": 173}"	computed_or_insufficient	0.01243	0.01478	0.01285	7563
payload.entry_candle_context.multi_timeframe_context.source_quality.missing_minutes.contains:17:13	collected_raw_precursor	categorical	7563	56.81	"{""False"": 7394, ""True"": 169}"	computed_or_insufficient	0.0227	0.02317	0.00198	7563
payload.entry_candle_context.multi_timeframe_context.source_quality.missing_minutes.contains:17:14	collected_raw_precursor	categorical	7563	56.81	"{""False"": 7395, ""True"": 168}"	computed_or_insufficient	0.02151	0.02196	0.00191	7563
payload.entry_candle_context.multi_timeframe_context.source_quality.missing_minutes.contains:17:15	collected_raw_precursor	categorical	7563	56.81	"{""False"": 7496, ""True"": 67}"	computed_or_insufficient	0.00717	0.00561	0.00897	7563
payload.entry_candle_context.multi_timeframe_context.source_quality.missing_minutes.contains:17:16	collected_raw_precursor	categorical	7563	56.81	"{""False"": 7507, ""True"": 56}"	computed_or_insufficient	0.01341	0.01477	0.00726	7563
payload.entry_candle_context.multi_timeframe_context.source_quality.missing_minutes.contains:17:17	collected_raw_precursor	categorical	7563	56.81	"{""False"": 7515, ""True"": 48}"	computed_or_insufficient	0.00067	0.00052	0.00671	7563
payload.entry_candle_context.multi_timeframe_context.source_quality.missing_minutes.contains:17:18	collected_raw_precursor	categorical	7563	56.81	"{""False"": 7511, ""True"": 52}"	computed_or_insufficient	0.00156	0.0006	0.01219	7563
payload.entry_candle_context.multi_timeframe_context.source_quality.missing_minutes.contains:17:19	collected_raw_precursor	categorical	7563	56.81	"{""False"": 7342, ""True"": 221}"	computed_or_insufficient	0.01751	0.01835	0.00425	7563
payload.entry_candle_context.multi_timeframe_context.source_quality.missing_minutes.contains:17:20	collected_raw_precursor	categorical	7563	56.81	"{""False"": 7531, ""True"": 32}"	computed_or_insufficient	0.02065	0.01979	0.00548	7563
payload.entry_candle_context.multi_timeframe_context.source_quality.missing_minutes.contains:17:21	collected_raw_precursor	categorical	7563	56.81	"{""False"": 7541, ""True"": 22}"	computed_or_insufficient	0.00218	0.00661	0.02489	7563
payload.entry_candle_context.multi_timeframe_context.source_quality.missing_minutes.contains:17:22	collected_raw_precursor	categorical	7563	56.81	"{""False"": 7519, ""True"": 44}"	computed_or_insufficient	0.00058	0.00197	0.01442	7563
payload.entry_candle_context.multi_timeframe_context.source_quality.missing_minutes.contains:17:23	collected_raw_precursor	categorical	7563	56.81	"{""False"": 7536, ""True"": 27}"	computed_or_insufficient	0.00519	0.00433	0.00503	7563
payload.entry_candle_context.multi_timeframe_context.source_quality.missing_minutes.contains:17:24	collected_raw_precursor	categorical	7563	56.81	"{""False"": 7530, ""True"": 33}"	computed_or_insufficient	0.00904	0.0081	0.00556	7563
payload.entry_candle_context.multi_timeframe_context.source_quality.missing_minutes.contains:17:25	collected_raw_precursor	categorical	7563	56.81	"{""False"": 7553, ""True"": 10}"	computed_or_insufficient	0.01252	0.00539	0.04056	7563
payload.entry_candle_context.multi_timeframe_context.source_quality.missing_minutes.contains:17:26	collected_raw_precursor	categorical	7563	56.81	"{""False"": 7511, ""True"": 52}"	computed_or_insufficient	0.00156	0.00281	0.00699	7563
payload.entry_candle_context.multi_timeframe_context.source_quality.missing_minutes.contains:17:27	collected_raw_precursor	categorical	7563	56.81	"{""False"": 7543, ""True"": 20}"	computed_or_insufficient	0.01772	0.01311	0.02654	7563
payload.entry_candle_context.multi_timeframe_context.source_quality.missing_minutes.contains:17:28	collected_raw_precursor	categorical	7563	56.81	"{""False"": 7548, ""True"": 15}"	computed_or_insufficient	0.01848	0.01925	0.00374	7563
payload.entry_candle_context.multi_timeframe_context.source_quality.missing_minutes.contains:17:29	collected_raw_precursor	categorical	7563	56.81	"{""False"": 7527, ""True"": 36}"	computed_or_insufficient	0.00348	0.00453	0.00581	7563
payload.entry_candle_context.multi_timeframe_context.source_quality.missing_minutes.contains:17:30	collected_raw_precursor	categorical	7563	56.81	"{""False"": 7538, ""True"": 25}"	computed_or_insufficient	0.00698	0.01106	0.02278	7563
payload.entry_candle_context.multi_timeframe_context.source_quality.missing_minutes.contains:17:31	collected_raw_precursor	categorical	7563	56.81	"{""False"": 7532, ""True"": 31}"	computed_or_insufficient	0.01113	0.01215	0.00539	7563
payload.entry_candle_context.multi_timeframe_context.source_quality.missing_minutes.contains:17:32	collected_raw_precursor	categorical	7563	56.81	"{""False"": 7518, ""True"": 45}"	computed_or_insufficient	0.00662	0.00416	0.01411	7563
payload.entry_candle_context.multi_timeframe_context.source_quality.missing_minutes.contains:17:33	collected_raw_precursor	categorical	7563	56.81	"{""False"": 7538, ""True"": 25}"	computed_or_insufficient	0.01251	0.00854	0.02278	7563
payload.entry_candle_context.multi_timeframe_context.source_quality.missing_minutes.contains:17:34	collected_raw_precursor	categorical	7563	56.81	"{""False"": 7531, ""True"": 32}"	computed_or_insufficient	0.00089	0.00187	0.00548	7563
payload.entry_candle_context.multi_timeframe_context.source_quality.missing_minutes.contains:17:35	collected_raw_precursor	categorical	7563	56.81	"{""False"": 7519, ""True"": 44}"	computed_or_insufficient	0.01162	0.01282	0.00643	7563
payload.entry_candle_context.multi_timeframe_context.source_quality.missing_minutes.contains:17:36	collected_raw_precursor	categorical	7563	56.81	"{""False"": 7549, ""True"": 14}"	computed_or_insufficient	0.04084	0.0417	0.00362	7563
payload.entry_candle_context.multi_timeframe_context.source_quality.missing_minutes.contains:17:37	collected_raw_precursor	categorical	7563	56.81	"{""False"": 7543, ""True"": 20}"	computed_or_insufficient	0.01772	0.01311	0.02654	7563
payload.entry_candle_context.multi_timeframe_context.source_quality.missing_minutes.contains:17:38	collected_raw_precursor	categorical	7563	56.81	"{""False"": 7530, ""True"": 33}"	computed_or_insufficient	0.01217	0.01322	0.00556	7563
payload.entry_candle_context.multi_timeframe_context.source_quality.missing_minutes.contains:17:39	collected_raw_precursor	categorical	7563	56.81	"{""False"": 7555, ""True"": 8}"	computed_or_insufficient	0.0198	0.01174	0.04603	7563
payload.entry_candle_context.multi_timeframe_context.source_quality.missing_minutes.contains:17:40	collected_raw_precursor	categorical	7563	56.81	"{""False"": 7544, ""True"": 19}"	computed_or_insufficient	0.02565	0.02653	0.00422	7563
payload.entry_candle_context.multi_timeframe_context.source_quality.missing_minutes.contains:17:41	collected_raw_precursor	categorical	7563	56.81	"{""False"": 7543, ""True"": 20}"	computed_or_insufficient	0.01495	0.01426	0.00433	7563
payload.entry_candle_context.multi_timeframe_context.source_quality.missing_minutes.contains:17:42	collected_raw_precursor	categorical	7563	56.81	"{""False"": 7516, ""True"": 47}"	computed_or_insufficient	0.00304	0.00187	0.00664	7563
payload.entry_candle_context.multi_timeframe_context.source_quality.missing_minutes.contains:17:43	collected_raw_precursor	categorical	7563	56.81	"{""False"": 7533, ""True"": 30}"	computed_or_insufficient	0.00392	0.00041	0.01992	7563
payload.entry_candle_context.multi_timeframe_context.source_quality.missing_minutes.contains:17:44	collected_raw_precursor	categorical	7563	56.81	"{""False"": 7539, ""True"": 24}"	computed_or_insufficient	0.0045	0.00536	0.00474	7563
payload.entry_candle_context.multi_timeframe_context.source_quality.missing_minutes.contains:17:45	collected_raw_precursor	categorical	7563	56.81	"{""False"": 7538, ""True"": 25}"	computed_or_insufficient	0.00211	0.00126	0.00484	7563
payload.entry_candle_context.multi_timeframe_context.source_quality.missing_minutes.contains:17:46	collected_raw_precursor	categorical	7563	56.81	"{""False"": 7461, ""True"": 102}"	computed_or_insufficient	0.00825	0.00899	0.00392	7563
payload.entry_candle_context.multi_timeframe_context.source_quality.missing_minutes.contains:17:47	collected_raw_precursor	categorical	7563	56.81	"{""False"": 7502, ""True"": 61}"	computed_or_insufficient	0.00758	0.00896	0.00758	7563
payload.entry_candle_context.multi_timeframe_context.source_quality.missing_minutes.contains:17:48	collected_raw_precursor	categorical	7563	56.81	"{""False"": 7536, ""True"": 27}"	computed_or_insufficient	0.01356	0.00981	0.02155	7563
payload.entry_candle_context.multi_timeframe_context.source_quality.missing_minutes.contains:17:49	collected_raw_precursor	categorical	7563	56.81	"{""False"": 7546, ""True"": 17}"	computed_or_insufficient	0.02796	0.0274	0.00399	7563
payload.entry_candle_context.multi_timeframe_context.source_quality.missing_minutes.contains:17:50	collected_raw_precursor	categorical	7563	56.81	"{""False"": 7533, ""True"": 30}"	computed_or_insufficient	0.00943	0.01301	0.01992	7563
payload.entry_candle_context.multi_timeframe_context.source_quality.missing_minutes.contains:17:51	collected_raw_precursor	categorical	7563	56.81	"{""False"": 7544, ""True"": 19}"	computed_or_insufficient	0.01904	0.02401	0.02745	7563
payload.entry_candle_context.multi_timeframe_context.source_quality.missing_minutes.contains:17:52	collected_raw_precursor	categorical	7563	56.81	"{""False"": 7530, ""True"": 33}"	computed_or_insufficient	0.0048	0.0081	0.01849	7563
payload.entry_candle_context.multi_timeframe_context.source_quality.missing_minutes.contains:17:53	collected_raw_precursor	categorical	7563	56.81	"{""False"": 7517, ""True"": 46}"	computed_or_insufficient	0.00545	0.00793	0.01381	7563
payload.entry_candle_context.multi_timeframe_context.source_quality.missing_minutes.contains:17:54	collected_raw_precursor	categorical	7563	56.81	"{""False"": 7530, ""True"": 33}"	computed_or_insufficient	0.01217	0.00896	0.01849	7563
payload.entry_candle_context.multi_timeframe_context.source_quality.missing_minutes.contains:17:55	collected_raw_precursor	categorical	7563	56.81	"{""False"": 7560, ""True"": 3}"	computed_or_insufficient	0.00017	0.00013	0.00167	7563
payload.entry_candle_context.multi_timeframe_context.source_quality.missing_minutes.contains:17:56	collected_raw_precursor	categorical	7563	56.81	"{""False"": 7509, ""True"": 54}"	computed_or_insufficient	0.00735	0.00613	0.00712	7563
payload.entry_candle_context.multi_timeframe_context.source_quality.missing_minutes.contains:17:57	collected_raw_precursor	categorical	7563	56.81	"{""False"": 7519, ""True"": 44}"	computed_or_insufficient	0.00426	0.00173	0.01442	7563
payload.entry_candle_context.multi_timeframe_context.source_quality.missing_minutes.contains:17:58	collected_raw_precursor	categorical	7563	56.81	"{""False"": 7558, ""True"": 5}"	computed_or_insufficient	0.00747	0.00713	0.00216	7563
payload.entry_candle_context.multi_timeframe_context.source_quality.missing_minutes.contains:17:59	collected_raw_precursor	categorical	7563	56.81	"{""False"": 7557, ""True"": 6}"	computed_or_insufficient	0.01963	0.02015	0.00237	7563
payload.entry_candle_context.multi_timeframe_context.source_quality.missing_minutes.contains:18:00	collected_raw_precursor	categorical	7563	56.81	"{""False"": 7555, ""True"": 8}"	computed_or_insufficient	0.00259	0.00309	0.00273	7563
payload.entry_candle_context.multi_timeframe_context.source_quality.missing_minutes.contains:18:01	collected_raw_precursor	categorical	7563	56.81	"{""False"": 7550, ""True"": 13}"	computed_or_insufficient	0.03116	0.01837	0.07304	7563
payload.entry_candle_context.multi_timeframe_context.source_quality.missing_minutes.contains:18:02	collected_raw_precursor	categorical	7563	56.81	"{""False"": 7542, ""True"": 21}"	computed_or_insufficient	0.0155	0.00568	0.05581	7563
payload.entry_candle_context.multi_timeframe_context.source_quality.missing_minutes.contains:18:03	collected_raw_precursor	categorical	7563	56.81	"{""False"": 7549, ""True"": 14}"	computed_or_insufficient	0.00181	0.00246	0.00362	7563
payload.entry_candle_context.multi_timeframe_context.source_quality.missing_minutes.contains:18:04	collected_raw_precursor	categorical	7563	56.81	"{""False"": 7535, ""True"": 28}"	computed_or_insufficient	0.00205	0.00578	0.02098	7563
payload.entry_candle_context.multi_timeframe_context.source_quality.missing_minutes.contains:18:05	collected_raw_precursor	categorical	7563	56.81	"{""False"": 7540, ""True"": 23}"	computed_or_insufficient	0.00893	0.01326	0.02415	7563
payload.entry_candle_context.multi_timeframe_context.source_quality.missing_minutes.contains:18:06	collected_raw_precursor	categorical	7563	56.81	"{""False"": 7546, ""True"": 17}"	computed_or_insufficient	0.01929	0.01416	0.02948	7563
payload.entry_candle_context.multi_timeframe_context.source_quality.missing_minutes.contains:18:07	collected_raw_precursor	categorical	7563	56.81	"{""False"": 7464, ""True"": 99}"	computed_or_insufficient	0.04086	0.0329	0.04611	7563
payload.entry_candle_context.multi_timeframe_context.source_quality.missing_minutes.contains:18:08	collected_raw_precursor	categorical	7563	56.81	"{""False"": 7545, ""True"": 18}"	computed_or_insufficient	0.02255	0.01762	0.02843	7563
payload.entry_candle_context.multi_timeframe_context.source_quality.missing_minutes.contains:18:09	collected_raw_precursor	categorical	7563	56.81	"{""False"": 7546, ""True"": 17}"	computed_or_insufficient	0.00157	0.00229	0.00399	7563
payload.entry_candle_context.multi_timeframe_context.source_quality.missing_minutes.contains:18:10	collected_raw_precursor	categorical	7563	56.81	"{""False"": 7550, ""True"": 13}"	computed_or_insufficient	0.02441	0.02515	0.00349	7563
payload.entry_candle_context.multi_timeframe_context.source_quality.missing_minutes.contains:18:11	collected_raw_precursor	categorical	7563	56.81	"{""False"": 7556, ""True"": 7}"	computed_or_insufficient	0.00332	0.01213	0.04957	7563
payload.entry_candle_context.multi_timeframe_context.source_quality.missing_minutes.contains:18:12	collected_raw_precursor	categorical	7563	56.81	"{""False"": 7556, ""True"": 7}"	computed_or_insufficient	0.00588	0.00288	0.04957	7563
payload.entry_candle_context.multi_timeframe_context.source_quality.missing_minutes.contains:18:13	collected_raw_precursor	categorical	7563	56.81	"{""False"": 7556, ""True"": 7}"	computed_or_insufficient	0.01252	0.01213	0.00256	7563
payload.entry_candle_context.multi_timeframe_context.source_quality.missing_minutes.contains:18:14	collected_raw_precursor	categorical	7563	56.81	"{""False"": 7545, ""True"": 18}"	computed_or_insufficient	0.02255	0.01185	0.06095	7563
payload.entry_candle_context.multi_timeframe_context.source_quality.missing_minutes.contains:18:15	collected_raw_precursor	categorical	7563	56.81	"{""False"": 7542, ""True"": 21}"	computed_or_insufficient	0.0155	0.00568	0.05581	7563
payload.entry_candle_context.multi_timeframe_context.source_quality.missing_minutes.contains:18:16	collected_raw_precursor	categorical	7563	56.81	"{""False"": 7547, ""True"": 16}"	computed_or_insufficient	0.00367	0.00174	0.03063	7563
payload.entry_candle_context.multi_timeframe_context.source_quality.missing_minutes.contains:18:17	collected_raw_precursor	categorical	7563	56.81	"{""False"": 7557, ""True"": 6}"	computed_or_insufficient	0.01017	0.01979	0.05393	7563
payload.entry_candle_context.multi_timeframe_context.source_quality.missing_minutes.contains:18:18	collected_raw_precursor	categorical	7563	56.81	"{""False"": 7560, ""True"": 3}"	computed_or_insufficient	0.01421	0.01399	0.00167	7563
payload.entry_candle_context.multi_timeframe_context.source_quality.missing_minutes.contains:18:19	collected_raw_precursor	categorical	7563	56.81	"{""False"": 7553, ""True"": 10}"	computed_or_insufficient	0.01826	0.01782	0.00306	7563
payload.entry_candle_context.multi_timeframe_context.source_quality.missing_minutes.contains:18:20	collected_raw_precursor	categorical	7563	56.81	"{""False"": 7551, ""True"": 12}"	computed_or_insufficient	0.01372	0.00026	0.0763	7563
payload.entry_candle_context.multi_timeframe_context.source_quality.missing_minutes.contains:18:21	collected_raw_precursor	categorical	7563	56.81	"{""False"": 7557, ""True"": 6}"	computed_or_insufficient	0.0097	0.01017	0.00237	7563
payload.entry_candle_context.multi_timeframe_context.source_quality.missing_minutes.contains:18:22	collected_raw_precursor	categorical	7563	56.81	"{""False"": 7544, ""True"": 19}"	computed_or_insufficient	0.01448	0.00968	0.02745	7563
payload.entry_candle_context.multi_timeframe_context.source_quality.missing_minutes.contains:18:23	collected_raw_precursor	categorical	7563	56.81	"{""False"": 7541, ""True"": 22}"	computed_or_insufficient	0.03417	0.02993	0.02489	7563
payload.entry_candle_context.multi_timeframe_context.source_quality.missing_minutes.contains:18:24	collected_raw_precursor	categorical	7563	56.81	"{""False"": 7546, ""True"": 17}"	computed_or_insufficient	0.01929	0.01416	0.02948	7563
payload.entry_candle_context.multi_timeframe_context.source_quality.missing_minutes.contains:18:25	collected_raw_precursor	categorical	7563	56.81	"{""False"": 7557, ""True"": 6}"	computed_or_insufficient	0.0097	0.00018	0.05393	7563
payload.entry_candle_context.multi_timeframe_context.source_quality.missing_minutes.contains:18:26	collected_raw_precursor	categorical	7563	56.81	"{""False"": 7562, ""True"": 1}"	computed_or_insufficient	0.01612	0.00808	0.13689	7563
payload.entry_candle_context.multi_timeframe_context.source_quality.missing_minutes.contains:18:27	collected_raw_precursor	categorical	7563	56.81	"{""False"": 7562, ""True"": 1}"	computed_or_insufficient	0.0082	0.00808	0.00097	7563
payload.entry_candle_context.multi_timeframe_context.source_quality.missing_minutes.contains:18:28	collected_raw_precursor	categorical	7563	56.81	"{""False"": 7559, ""True"": 4}"	computed_or_insufficient	0.00425	0.00393	0.00193	7563
payload.entry_candle_context.multi_timeframe_context.source_quality.missing_minutes.contains:18:29	collected_raw_precursor	categorical	7563	56.81	"{""False"": 7560, ""True"": 3}"	computed_or_insufficient	0.00017	0.00013	0.00167	7563
payload.entry_candle_context.multi_timeframe_context.source_quality.missing_minutes.contains:18:30	collected_raw_precursor	categorical	7563	56.81	"{""False"": 7516, ""True"": 47}"	computed_or_insufficient	0.02543	0.02317	0.01353	7563
payload.entry_candle_context.multi_timeframe_context.source_quality.missing_minutes.contains:18:31	collected_raw_precursor	categorical	7563	56.81	"{""False"": 7557, ""True"": 6}"	computed_or_insufficient	0.01017	0.0098	0.00237	7563
payload.entry_candle_context.multi_timeframe_context.source_quality.missing_minutes.contains:18:32	collected_raw_precursor	categorical	7563	56.81	"{""False"": 7558, ""True"": 5}"	computed_or_insufficient	0.00341	0.00713	0.05951	7563
payload.entry_candle_context.multi_timeframe_context.source_quality.missing_minutes.contains:18:33	collected_raw_precursor	categorical	7563	56.81	"{""False"": 7560, ""True"": 3}"	computed_or_insufficient	0.01388	0.00013	0.07793	7563
payload.entry_candle_context.multi_timeframe_context.source_quality.missing_minutes.contains:18:34	collected_raw_precursor	categorical	7563	56.81	"{""False"": 7556, ""True"": 7}"	computed_or_insufficient	0.03347	0.01561	0.10169	7563
payload.entry_candle_context.multi_timeframe_context.source_quality.missing_minutes.contains:18:35	collected_raw_precursor	categorical	7563	56.81	"{""False"": 7560, ""True"": 3}"	computed_or_insufficient	0.00017	0.00013	0.00167	7563
payload.entry_candle_context.multi_timeframe_context.source_quality.missing_minutes.contains:18:36	collected_raw_precursor	categorical	7563	56.81	"{""False"": 7554, ""True"": 9}"	computed_or_insufficient	0.01593	0.01653	0.0029	7563
payload.entry_candle_context.multi_timeframe_context.source_quality.missing_minutes.contains:18:37	collected_raw_precursor	categorical	7563	56.81	"{""False"": 7558, ""True"": 5}"	computed_or_insufficient	0.03605	0.02569	0.05951	7563
payload.entry_candle_context.multi_timeframe_context.source_quality.missing_minutes.contains:18:38	collected_raw_precursor	categorical	7563	56.81	"{""False"": 7560, ""True"": 3}"	computed_or_insufficient	0.01388	0.01425	0.00167	7563
payload.entry_candle_context.multi_timeframe_context.source_quality.missing_minutes.contains:18:39	collected_raw_precursor	categorical	7563	56.81	"{""False"": 7561, ""True"": 2}"	computed_or_insufficient	0.0116	0.01142	0.00137	7563
payload.entry_candle_context.multi_timeframe_context.source_quality.missing_minutes.contains:18:40	collected_raw_precursor	categorical	7563	56.81	"{""False"": 7554, ""True"": 9}"	computed_or_insufficient	0.01593	0.00838	0.04308	7563
payload.entry_candle_context.multi_timeframe_context.source_quality.missing_minutes.contains:18:41	collected_raw_precursor	categorical	7563	56.81	"{""False"": 7558, ""True"": 5}"	computed_or_insufficient	0.00341	0.00381	0.00216	7563
payload.entry_candle_context.multi_timeframe_context.source_quality.missing_minutes.contains:18:42	collected_raw_precursor	categorical	7563	56.81	"{""False"": 7548, ""True"": 15}"	computed_or_insufficient	0.02477	0.01925	0.03188	7563
payload.entry_candle_context.multi_timeframe_context.source_quality.missing_minutes.contains:18:43	collected_raw_precursor	categorical	7563	56.81	"{""False"": 7561, ""True"": 2}"	computed_or_insufficient	0.0116	0.01142	0.00137	7563
payload.entry_candle_context.multi_timeframe_context.source_quality.missing_minutes.contains:18:44	collected_raw_precursor	categorical	7563	56.81	"{""False"": 7560, ""True"": 3}"	computed_or_insufficient	0.00017	0.00013	0.00167	7563
payload.entry_candle_context.multi_timeframe_context.source_quality.missing_minutes.contains:18:45	collected_raw_precursor	categorical	7563	56.81	"{""False"": 7561, ""True"": 2}"	computed_or_insufficient	0.0056	0.00587	0.00137	7563
payload.entry_candle_context.multi_timeframe_context.source_quality.missing_minutes.contains:18:46	collected_raw_precursor	categorical	7563	56.81	"{""False"": 7561, ""True"": 2}"	computed_or_insufficient	0.0056	0.00587	0.00137	7563
payload.entry_candle_context.multi_timeframe_context.source_quality.missing_minutes.contains:18:47	collected_raw_precursor	categorical	7563	56.81	"{""False"": 7558, ""True"": 5}"	computed_or_insufficient	0.00747	0.00713	0.00216	7563
payload.entry_candle_context.multi_timeframe_context.source_quality.missing_minutes.contains:18:48	collected_raw_precursor	categorical	7563	56.81	"{""False"": 7562, ""True"": 1}"	computed_or_insufficient	0.0082	0.00808	0.00097	7563
payload.entry_candle_context.multi_timeframe_context.source_quality.missing_minutes.contains:18:49	collected_raw_precursor	categorical	7563	56.81	"{""False"": 7560, ""True"": 3}"	computed_or_insufficient	0.01388	0.01425	0.00167	7563
payload.entry_candle_context.multi_timeframe_context.source_quality.missing_minutes.contains:18:50	collected_raw_precursor	categorical	7563	56.81	"{""False"": 7558, ""True"": 5}"	computed_or_insufficient	0.01429	0.01475	0.00216	7563
payload.entry_candle_context.multi_timeframe_context.source_quality.missing_minutes.contains:18:51	collected_raw_precursor	categorical	7563	56.81	"{""False"": 7558, ""True"": 5}"	computed_or_insufficient	0.01429	0.01475	0.00216	7563
payload.entry_candle_context.multi_timeframe_context.source_quality.missing_minutes.contains:18:52	collected_raw_precursor	categorical	7563	56.81	"{""False"": 7562, ""True"": 1}"	computed_or_insufficient	0.0082	0.00808	0.00097	7563
payload.entry_candle_context.multi_timeframe_context.source_quality.missing_minutes.contains:18:53	collected_raw_precursor	categorical	7563	56.81	"{""False"": 7561, ""True"": 2}"	computed_or_insufficient	0.0056	0.00587	0.00137	7563
payload.entry_candle_context.multi_timeframe_context.source_quality.missing_minutes.contains:18:54	collected_raw_precursor	categorical	7563	56.81	"{""False"": 7559, ""True"": 4}"	computed_or_insufficient	0.00425	0.00393	0.00193	7563
payload.entry_candle_context.multi_timeframe_context.source_quality.missing_minutes.contains:18:55	collected_raw_precursor	categorical	7563	56.81	"{""False"": 7561, ""True"": 2}"	computed_or_insufficient	0.0056	0.00587	0.00137	7563
payload.entry_candle_context.multi_timeframe_context.source_quality.missing_minutes.contains:18:56	collected_raw_precursor	categorical	7563	56.81	"{""False"": 7558, ""True"": 5}"	computed_or_insufficient	0.00341	0.00381	0.00216	7563
payload.entry_candle_context.multi_timeframe_context.source_quality.missing_minutes.contains:18:57	collected_raw_precursor	categorical	7563	56.81	"{""False"": 7557, ""True"": 6}"	computed_or_insufficient	0.01963	0.02015	0.00237	7563
payload.entry_candle_context.multi_timeframe_context.source_quality.missing_minutes.contains:18:58	collected_raw_precursor	categorical	7563	56.81	"{""False"": 7559, ""True"": 4}"	computed_or_insufficient	0.00792	0.0083	0.00193	7563
payload.entry_candle_context.multi_timeframe_context.source_quality.missing_minutes.contains:18:59	collected_raw_precursor	categorical	7563	56.81	"{""False"": 7562, ""True"": 1}"	computed_or_insufficient	0.0082	0.00808	0.00097	7563
payload.entry_candle_context.multi_timeframe_context.source_quality.missing_minutes.contains:19:00	collected_raw_precursor	categorical	7563	56.81	"{""False"": 7562, ""True"": 1}"	computed_or_insufficient	0.0082	0.00808	0.00097	7563
payload.entry_candle_context.multi_timeframe_context.source_quality.missing_minutes.contains:19:01	collected_raw_precursor	categorical	7563	56.81	"{""False"": 7561, ""True"": 2}"	computed_or_insufficient	0.0228	0.02316	0.00137	7563
payload.entry_candle_context.multi_timeframe_context.source_quality.missing_minutes.contains:19:04	collected_raw_precursor	categorical	7563	56.81	"{""False"": 7561, ""True"": 2}"	computed_or_insufficient	0.0228	0.02316	0.00137	7563
payload.entry_candle_context.multi_timeframe_context.source_quality.missing_minutes.contains:19:07	collected_raw_precursor	categorical	7563	56.81	"{""False"": 7559, ""True"": 4}"	computed_or_insufficient	0.03224	0.02053	0.06701	7563
payload.entry_candle_context.multi_timeframe_context.source_quality.missing_minutes.contains:19:08	collected_raw_precursor	categorical	7563	56.81	"{""False"": 7551, ""True"": 12}"	computed_or_insufficient	0.01372	0.01438	0.00335	7563
payload.entry_candle_context.multi_timeframe_context.source_quality.missing_minutes.contains:19:11	collected_raw_precursor	categorical	7563	56.81	"{""False"": 7561, ""True"": 2}"	computed_or_insufficient	0.0228	0.02316	0.00137	7563
payload.entry_candle_context.multi_timeframe_context.source_quality.missing_minutes.contains:19:18	collected_raw_precursor	categorical	7563	56.81	"{""False"": 7562, ""True"": 1}"	computed_or_insufficient	0.01612	0.01637	0.00097	7563
payload.entry_candle_context.multi_timeframe_context.source_quality.missing_minutes.contains:19:20	collected_raw_precursor	categorical	7563	56.81	"{""False"": 7562, ""True"": 1}"	computed_or_insufficient	0.01612	0.01637	0.00097	7563
payload.entry_candle_context.multi_timeframe_context.source_quality.missing_minutes.contains:19:24	collected_raw_precursor	categorical	7563	56.81	"{""False"": 7562, ""True"": 1}"	computed_or_insufficient	0.01612	0.01637	0.00097	7563
payload.entry_candle_context.multi_timeframe_context.source_quality.missing_minutes.contains:19:28	collected_raw_precursor	categorical	7563	56.81	"{""False"": 7562, ""True"": 1}"	computed_or_insufficient	0.01612	0.01637	0.00097	7563
payload.entry_candle_context.multi_timeframe_context.source_quality.missing_minutes.contains:19:35	collected_raw_precursor	categorical	7563	56.81	"{""False"": 7562, ""True"": 1}"	computed_or_insufficient	0.01612	0.01637	0.00097	7563
payload.entry_candle_context.multi_timeframe_context.source_quality.missing_minutes.length	collected_raw_precursor	numeric	7563	56.81	"{""max"": 60.0, ""mean"": 9.026312309929923, ""min"": 1.0}"	computed_or_insufficient	0.03211	-0.02776	-0.02549	7563
payload.entry_candle_context.multi_timeframe_context.source_quality.missing_source_minute_count	collected_raw_precursor	numeric	14480	17.3	"{""max"": 267.0, ""mean"": 4.493715469613259, ""min"": 0.0}"	computed_or_insufficient	0.01478	-0.01254	-0.01326	14480
payload.entry_candle_context.multi_timeframe_context.source_quality.no_trade_gap_acceptance_max_consecutive_minutes	collected_raw_precursor	numeric	14480	17.3	"{""max"": 3.0, ""mean"": 3.0, ""min"": 3.0}"	computed_or_insufficient				14480
payload.entry_candle_context.multi_timeframe_context.source_quality.observed_no_trade_minute_count	collected_raw_precursor	numeric	14480	17.3	"{""max"": 77.0, ""mean"": 1.6927486187845304, ""min"": 0.0}"	computed_or_insufficient	0.05588	-0.05494	-0.00681	14480
payload.entry_candle_context.multi_timeframe_context.source_quality.observed_no_trade_minutes.contains:08:01	collected_raw_precursor	categorical	6623	62.17	"{""False"": 6440, ""True"": 183}"	computed_or_insufficient	0.01101	0.01383	0.01485	6623
payload.entry_candle_context.multi_timeframe_context.source_quality.observed_no_trade_minutes.contains:08:02	collected_raw_precursor	categorical	6623	62.17	"{""False"": 6612, ""True"": 11}"	computed_or_insufficient	0.00198	0.00266	0.00359	6623
payload.entry_candle_context.multi_timeframe_context.source_quality.observed_no_trade_minutes.contains:08:03	collected_raw_precursor	categorical	6623	62.17	"{""False"": 6606, ""True"": 17}"	computed_or_insufficient	0.00132	0.00215	0.00447	6623
payload.entry_candle_context.multi_timeframe_context.source_quality.observed_no_trade_minutes.contains:08:05	collected_raw_precursor	categorical	6623	62.17	"{""False"": 6616, ""True"": 7}"	computed_or_insufficient	0.00377	0.00326	0.00287	6623
payload.entry_candle_context.multi_timeframe_context.source_quality.observed_no_trade_minutes.contains:08:06	collected_raw_precursor	categorical	6623	62.17	"{""False"": 6617, ""True"": 6}"	computed_or_insufficient	0.00046	3e-05	0.00265	6623
payload.entry_candle_context.multi_timeframe_context.source_quality.observed_no_trade_minutes.contains:08:07	collected_raw_precursor	categorical	6623	62.17	"{""False"": 6615, ""True"": 8}"	computed_or_insufficient	0.00252	0.0031	0.00306	6623
payload.entry_candle_context.multi_timeframe_context.source_quality.observed_no_trade_minutes.contains:08:08	collected_raw_precursor	categorical	6623	62.17	"{""False"": 6615, ""True"": 8}"	computed_or_insufficient	0.00252	0.0031	0.00306	6623
payload.entry_candle_context.multi_timeframe_context.source_quality.observed_no_trade_minutes.contains:08:09	collected_raw_precursor	categorical	6623	62.17	"{""False"": 6621, ""True"": 2}"	computed_or_insufficient	0.01249	0.01228	0.00153	6623
payload.entry_candle_context.multi_timeframe_context.source_quality.observed_no_trade_minutes.contains:08:10	collected_raw_precursor	categorical	6623	62.17	"{""False"": 6602, ""True"": 21}"	computed_or_insufficient	0.00087	5e-05	0.00497	6623
payload.entry_candle_context.multi_timeframe_context.source_quality.observed_no_trade_minutes.contains:08:12	collected_raw_precursor	categorical	6623	62.17	"{""False"": 6622, ""True"": 1}"	computed_or_insufficient	0.00883	0.00868	0.00108	6623
payload.entry_candle_context.multi_timeframe_context.source_quality.observed_no_trade_minutes.contains:08:13	collected_raw_precursor	categorical	6623	62.17	"{""False"": 6620, ""True"": 3}"	computed_or_insufficient	0.0153	0.01504	0.00188	6623
payload.entry_candle_context.multi_timeframe_context.source_quality.observed_no_trade_minutes.contains:08:14	collected_raw_precursor	categorical	6623	62.17	"{""False"": 6622, ""True"": 1}"	computed_or_insufficient	0.00883	0.00868	0.00108	6623
payload.entry_candle_context.multi_timeframe_context.source_quality.observed_no_trade_minutes.contains:08:17	collected_raw_precursor	categorical	6623	62.17	"{""False"": 6612, ""True"": 11}"	computed_or_insufficient	0.01367	0.01308	0.00359	6623
payload.entry_candle_context.multi_timeframe_context.source_quality.observed_no_trade_minutes.contains:09:01	collected_raw_precursor	categorical	6623	62.17	"{""False"": 6398, ""True"": 225}"	computed_or_insufficient	0.06444	0.06351	0.00699	6623
payload.entry_candle_context.multi_timeframe_context.source_quality.observed_no_trade_minutes.contains:09:02	collected_raw_precursor	categorical	6623	62.17	"{""False"": 6409, ""True"": 214}"	computed_or_insufficient	0.05566	0.05299	0.0161	6623
payload.entry_candle_context.multi_timeframe_context.source_quality.observed_no_trade_minutes.contains:09:03	collected_raw_precursor	categorical	6623	62.17	"{""False"": 6416, ""True"": 207}"	computed_or_insufficient	0.03755	0.03667	0.0059	6623
payload.entry_candle_context.multi_timeframe_context.source_quality.observed_no_trade_minutes.contains:09:04	collected_raw_precursor	categorical	6623	62.17	"{""False"": 6438, ""True"": 185}"	computed_or_insufficient	0.01937	0.01865	0.00445	6623
payload.entry_candle_context.multi_timeframe_context.source_quality.observed_no_trade_minutes.contains:09:05	collected_raw_precursor	categorical	6623	62.17	"{""False"": 6472, ""True"": 151}"	computed_or_insufficient	0.04575	0.04351	0.01346	6623
payload.entry_candle_context.multi_timeframe_context.source_quality.observed_no_trade_minutes.contains:09:06	collected_raw_precursor	categorical	6623	62.17	"{""False"": 6552, ""True"": 71}"	computed_or_insufficient	0.01604	0.02065	0.02438	6623
payload.entry_candle_context.multi_timeframe_context.source_quality.observed_no_trade_minutes.contains:09:07	collected_raw_precursor	categorical	6623	62.17	"{""False"": 6497, ""True"": 126}"	computed_or_insufficient	0.00952	0.00012	0.05095	6623
payload.entry_candle_context.multi_timeframe_context.source_quality.observed_no_trade_minutes.contains:09:08	collected_raw_precursor	categorical	6623	62.17	"{""False"": 6528, ""True"": 95}"	computed_or_insufficient	0.01704	0.01786	0.0039	6623
payload.entry_candle_context.multi_timeframe_context.source_quality.observed_no_trade_minutes.contains:09:09	collected_raw_precursor	categorical	6623	62.17	"{""False"": 6445, ""True"": 178}"	computed_or_insufficient	0.00072	0.00344	0.01464	6623
payload.entry_candle_context.multi_timeframe_context.source_quality.observed_no_trade_minutes.contains:09:10	collected_raw_precursor	categorical	6623	62.17	"{""False"": 6500, ""True"": 123}"	computed_or_insufficient	0.01628	0.01412	0.01212	6623
payload.entry_candle_context.multi_timeframe_context.source_quality.observed_no_trade_minutes.contains:09:11	collected_raw_precursor	categorical	6623	62.17	"{""False"": 6409, ""True"": 214}"	computed_or_insufficient	0.01963	0.02038	0.00344	6623
payload.entry_candle_context.multi_timeframe_context.source_quality.observed_no_trade_minutes.contains:09:12	collected_raw_precursor	categorical	6623	62.17	"{""False"": 6432, ""True"": 191}"	computed_or_insufficient	0.0056	0.00653	0.00486	6623
payload.entry_candle_context.multi_timeframe_context.source_quality.observed_no_trade_minutes.contains:09:13	collected_raw_precursor	categorical	6623	62.17	"{""False"": 6517, ""True"": 106}"	computed_or_insufficient	0.00535	0.0033	0.01123	6623
payload.entry_candle_context.multi_timeframe_context.source_quality.observed_no_trade_minutes.contains:09:14	collected_raw_precursor	categorical	6623	62.17	"{""False"": 6591, ""True"": 32}"	computed_or_insufficient	0.01792	0.01688	0.00614	6623
payload.entry_candle_context.multi_timeframe_context.source_quality.observed_no_trade_minutes.contains:09:15	collected_raw_precursor	categorical	6623	62.17	"{""False"": 6535, ""True"": 88}"	computed_or_insufficient	0.03054	0.02882	0.01022	6623
payload.entry_candle_context.multi_timeframe_context.source_quality.observed_no_trade_minutes.contains:09:16	collected_raw_precursor	categorical	6623	62.17	"{""False"": 6479, ""True"": 144}"	computed_or_insufficient	0.01759	0.01525	0.01313	6623
payload.entry_candle_context.multi_timeframe_context.source_quality.observed_no_trade_minutes.contains:09:17	collected_raw_precursor	categorical	6623	62.17	"{""False"": 6535, ""True"": 88}"	computed_or_insufficient	0.01663	0.01762	0.00486	6623
payload.entry_candle_context.multi_timeframe_context.source_quality.observed_no_trade_minutes.contains:09:18	collected_raw_precursor	categorical	6623	62.17	"{""False"": 6442, ""True"": 181}"	computed_or_insufficient	0.01496	0.0123	0.01477	6623
payload.entry_candle_context.multi_timeframe_context.source_quality.observed_no_trade_minutes.contains:09:19	collected_raw_precursor	categorical	6623	62.17	"{""False"": 6570, ""True"": 53}"	computed_or_insufficient	0.01092	0.00951	0.00791	6623
payload.entry_candle_context.multi_timeframe_context.source_quality.observed_no_trade_minutes.contains:09:20	collected_raw_precursor	categorical	6623	62.17	"{""False"": 6569, ""True"": 54}"	computed_or_insufficient	0.00215	0.00349	0.03043	6623
payload.entry_candle_context.multi_timeframe_context.source_quality.observed_no_trade_minutes.contains:09:21	collected_raw_precursor	categorical	6623	62.17	"{""False"": 6569, ""True"": 54}"	computed_or_insufficient	0.03328	0.03555	0.01122	6623
payload.entry_candle_context.multi_timeframe_context.source_quality.observed_no_trade_minutes.contains:09:22	collected_raw_precursor	categorical	6623	62.17	"{""False"": 6548, ""True"": 75}"	computed_or_insufficient	0.02875	0.03322	0.02322	6623
payload.entry_candle_context.multi_timeframe_context.source_quality.observed_no_trade_minutes.contains:09:23	collected_raw_precursor	categorical	6623	62.17	"{""False"": 6566, ""True"": 57}"	computed_or_insufficient	0.00488	0.00686	0.01049	6623
payload.entry_candle_context.multi_timeframe_context.source_quality.observed_no_trade_minutes.contains:09:24	collected_raw_precursor	categorical	6623	62.17	"{""False"": 6363, ""True"": 260}"	computed_or_insufficient	0.00585	0.01083	0.02666	6623
payload.entry_candle_context.multi_timeframe_context.source_quality.observed_no_trade_minutes.contains:09:25	collected_raw_precursor	categorical	6623	62.17	"{""False"": 6414, ""True"": 209}"	computed_or_insufficient	0.0368	0.03956	0.01374	6623
payload.entry_candle_context.multi_timeframe_context.source_quality.observed_no_trade_minutes.contains:09:26	collected_raw_precursor	categorical	6623	62.17	"{""False"": 6371, ""True"": 252}"	computed_or_insufficient	0.03637	0.03332	0.01752	6623
payload.entry_candle_context.multi_timeframe_context.source_quality.observed_no_trade_minutes.contains:09:27	collected_raw_precursor	categorical	6623	62.17	"{""False"": 6422, ""True"": 201}"	computed_or_insufficient	0.01387	0.01105	0.01558	6623
payload.entry_candle_context.multi_timeframe_context.source_quality.observed_no_trade_minutes.contains:09:28	collected_raw_precursor	categorical	6623	62.17	"{""False"": 6517, ""True"": 106}"	computed_or_insufficient	0.02058	0.01861	0.01123	6623
payload.entry_candle_context.multi_timeframe_context.source_quality.observed_no_trade_minutes.contains:09:29	collected_raw_precursor	categorical	6623	62.17	"{""False"": 6584, ""True"": 39}"	computed_or_insufficient	0.01131	0.00844	0.0158	6623
payload.entry_candle_context.multi_timeframe_context.source_quality.observed_no_trade_minutes.contains:09:30	collected_raw_precursor	categorical	6623	62.17	"{""False"": 6434, ""True"": 189}"	computed_or_insufficient	0.03372	0.02901	0.0264	6623
payload.entry_candle_context.multi_timeframe_context.source_quality.observed_no_trade_minutes.contains:09:31	collected_raw_precursor	categorical	6623	62.17	"{""False"": 6436, ""True"": 187}"	computed_or_insufficient	0.0352	0.03625	0.00459	6623
payload.entry_candle_context.multi_timeframe_context.source_quality.observed_no_trade_minutes.contains:09:32	collected_raw_precursor	categorical	6623	62.17	"{""False"": 6468, ""True"": 155}"	computed_or_insufficient	0.04468	0.04746	0.01364	6623
payload.entry_candle_context.multi_timeframe_context.source_quality.observed_no_trade_minutes.contains:09:33	collected_raw_precursor	categorical	6623	62.17	"{""False"": 6590, ""True"": 33}"	computed_or_insufficient	0.02371	0.02269	0.00623	6623
payload.entry_candle_context.multi_timeframe_context.source_quality.observed_no_trade_minutes.contains:09:34	collected_raw_precursor	categorical	6623	62.17	"{""False"": 6519, ""True"": 104}"	computed_or_insufficient	0.02672	0.0248	0.01113	6623
payload.entry_candle_context.multi_timeframe_context.source_quality.observed_no_trade_minutes.contains:09:35	collected_raw_precursor	categorical	6623	62.17	"{""False"": 6544, ""True"": 79}"	computed_or_insufficient	0.01441	0.01269	0.00968	6623
payload.entry_candle_context.multi_timeframe_context.source_quality.observed_no_trade_minutes.contains:09:36	collected_raw_precursor	categorical	6623	62.17	"{""False"": 6554, ""True"": 69}"	computed_or_insufficient	0.00158	0.00622	0.02498	6623
payload.entry_candle_context.multi_timeframe_context.source_quality.observed_no_trade_minutes.contains:09:37	collected_raw_precursor	categorical	6623	62.17	"{""False"": 6528, ""True"": 95}"	computed_or_insufficient	0.009	0.00708	0.01063	6623
payload.entry_candle_context.multi_timeframe_context.source_quality.observed_no_trade_minutes.contains:09:38	collected_raw_precursor	categorical	6623	62.17	"{""False"": 6255, ""True"": 368}"	computed_or_insufficient	0.0315	0.03284	0.00629	6623
payload.entry_candle_context.multi_timeframe_context.source_quality.observed_no_trade_minutes.contains:09:39	collected_raw_precursor	categorical	6623	62.17	"{""False"": 6609, ""True"": 14}"	computed_or_insufficient	0.0016	0.00236	0.00405	6623
payload.entry_candle_context.multi_timeframe_context.source_quality.observed_no_trade_minutes.contains:09:40	collected_raw_precursor	categorical	6623	62.17	"{""False"": 6546, ""True"": 77}"	computed_or_insufficient	0.02743	0.0288	0.00656	6623
payload.entry_candle_context.multi_timeframe_context.source_quality.observed_no_trade_minutes.contains:09:41	collected_raw_precursor	categorical	6623	62.17	"{""False"": 6558, ""True"": 65}"	computed_or_insufficient	0.01662	0.01508	0.00877	6623
payload.entry_candle_context.multi_timeframe_context.source_quality.observed_no_trade_minutes.contains:09:42	collected_raw_precursor	categorical	6623	62.17	"{""False"": 6554, ""True"": 69}"	computed_or_insufficient	0.02982	0.02831	0.00904	6623
payload.entry_candle_context.multi_timeframe_context.source_quality.observed_no_trade_minutes.contains:09:43	collected_raw_precursor	categorical	6623	62.17	"{""False"": 6531, ""True"": 92}"	computed_or_insufficient	0.03903	0.03731	0.01046	6623
payload.entry_candle_context.multi_timeframe_context.source_quality.observed_no_trade_minutes.contains:09:44	collected_raw_precursor	categorical	6623	62.17	"{""False"": 6457, ""True"": 166}"	computed_or_insufficient	0.02149	0.01899	0.01412	6623
payload.entry_candle_context.multi_timeframe_context.source_quality.observed_no_trade_minutes.contains:09:45	collected_raw_precursor	categorical	6623	62.17	"{""False"": 6611, ""True"": 12}"	computed_or_insufficient	0.00815	0.0075	0.00375	6623
payload.entry_candle_context.multi_timeframe_context.source_quality.observed_no_trade_minutes.contains:09:46	collected_raw_precursor	categorical	6623	62.17	"{""False"": 6546, ""True"": 77}"	computed_or_insufficient	0.03932	0.03777	0.00955	6623
payload.entry_candle_context.multi_timeframe_context.source_quality.observed_no_trade_minutes.contains:09:47	collected_raw_precursor	categorical	6623	62.17	"{""False"": 6523, ""True"": 100}"	computed_or_insufficient	0.0498	0.04806	0.01091	6623
payload.entry_candle_context.multi_timeframe_context.source_quality.observed_no_trade_minutes.contains:09:48	collected_raw_precursor	categorical	6623	62.17	"{""False"": 6448, ""True"": 175}"	computed_or_insufficient	0.02306	0.0205	0.01451	6623
payload.entry_candle_context.multi_timeframe_context.source_quality.observed_no_trade_minutes.contains:09:49	collected_raw_precursor	categorical	6623	62.17	"{""False"": 6355, ""True"": 268}"	computed_or_insufficient	0.02634	0.02476	0.00932	6623
payload.entry_candle_context.multi_timeframe_context.source_quality.observed_no_trade_minutes.contains:09:50	collected_raw_precursor	categorical	6623	62.17	"{""False"": 6500, ""True"": 123}"	computed_or_insufficient	0.03044	0.03073	0.00068	6623
payload.entry_candle_context.multi_timeframe_context.source_quality.observed_no_trade_minutes.contains:09:51	collected_raw_precursor	categorical	6623	62.17	"{""False"": 6485, ""True"": 138}"	computed_or_insufficient	0.04686	0.04474	0.01285	6623
payload.entry_candle_context.multi_timeframe_context.source_quality.observed_no_trade_minutes.contains:09:52	collected_raw_precursor	categorical	6623	62.17	"{""False"": 6572, ""True"": 51}"	computed_or_insufficient	0.0278	0.02573	0.012	6623
payload.entry_candle_context.multi_timeframe_context.source_quality.observed_no_trade_minutes.contains:09:53	collected_raw_precursor	categorical	6623	62.17	"{""False"": 6550, ""True"": 73}"	computed_or_insufficient	0.00651	0.00827	0.0093	6623
payload.entry_candle_context.multi_timeframe_context.source_quality.observed_no_trade_minutes.contains:09:54	collected_raw_precursor	categorical	6623	62.17	"{""False"": 6442, ""True"": 181}"	computed_or_insufficient	0.01887	0.01623	0.01477	6623
payload.entry_candle_context.multi_timeframe_context.source_quality.observed_no_trade_minutes.contains:09:55	collected_raw_precursor	categorical	6623	62.17	"{""False"": 6472, ""True"": 151}"	computed_or_insufficient	0.018	0.01561	0.01346	6623
payload.entry_candle_context.multi_timeframe_context.source_quality.observed_no_trade_minutes.contains:09:56	collected_raw_precursor	categorical	6623	62.17	"{""False"": 6570, ""True"": 53}"	computed_or_insufficient	0.02522	0.0239	0.00791	6623
payload.entry_candle_context.multi_timeframe_context.source_quality.observed_no_trade_minutes.contains:09:57	collected_raw_precursor	categorical	6623	62.17	"{""False"": 6276, ""True"": 347}"	computed_or_insufficient	0.01601	0.01945	0.01805	6623
payload.entry_candle_context.multi_timeframe_context.source_quality.observed_no_trade_minutes.contains:09:58	collected_raw_precursor	categorical	6623	62.17	"{""False"": 6154, ""True"": 469}"	computed_or_insufficient	0.0382	0.0364	0.01085	6623
payload.entry_candle_context.multi_timeframe_context.source_quality.observed_no_trade_minutes.contains:09:59	collected_raw_precursor	categorical	6623	62.17	"{""False"": 6595, ""True"": 28}"	computed_or_insufficient	0.00264	0.00159	0.00574	6623
payload.entry_candle_context.multi_timeframe_context.source_quality.observed_no_trade_minutes.contains:10:00	collected_raw_precursor	categorical	6623	62.17	"{""False"": 6424, ""True"": 199}"	computed_or_insufficient	0.03133	0.02863	0.0155	6623
payload.entry_candle_context.multi_timeframe_context.source_quality.observed_no_trade_minutes.contains:10:01	collected_raw_precursor	categorical	6623	62.17	"{""False"": 6483, ""True"": 140}"	computed_or_insufficient	0.01481	0.0125	0.01295	6623
payload.entry_candle_context.multi_timeframe_context.source_quality.observed_no_trade_minutes.contains:10:02	collected_raw_precursor	categorical	6623	62.17	"{""False"": 6590, ""True"": 33}"	computed_or_insufficient	0.01014	0.00904	0.00623	6623
payload.entry_candle_context.multi_timeframe_context.source_quality.observed_no_trade_minutes.contains:10:03	collected_raw_precursor	categorical	6623	62.17	"{""False"": 6554, ""True"": 69}"	computed_or_insufficient	0.01727	0.01884	0.00797	6623
payload.entry_candle_context.multi_timeframe_context.source_quality.observed_no_trade_minutes.contains:10:04	collected_raw_precursor	categorical	6623	62.17	"{""False"": 6449, ""True"": 174}"	computed_or_insufficient	0.0344	0.03191	0.01447	6623
payload.entry_candle_context.multi_timeframe_context.source_quality.observed_no_trade_minutes.contains:10:05	collected_raw_precursor	categorical	6623	62.17	"{""False"": 6583, ""True"": 40}"	computed_or_insufficient	0.00154	0.00282	0.00687	6623
payload.entry_candle_context.multi_timeframe_context.source_quality.observed_no_trade_minutes.contains:10:06	collected_raw_precursor	categorical	6623	62.17	"{""False"": 6448, ""True"": 175}"	computed_or_insufficient	0.02704	0.0245	0.01451	6623
payload.entry_candle_context.multi_timeframe_context.source_quality.observed_no_trade_minutes.contains:10:07	collected_raw_precursor	categorical	6623	62.17	"{""False"": 6564, ""True"": 59}"	computed_or_insufficient	0.02745	0.02606	0.00835	6623
payload.entry_candle_context.multi_timeframe_context.source_quality.observed_no_trade_minutes.contains:10:08	collected_raw_precursor	categorical	6623	62.17	"{""False"": 6601, ""True"": 22}"	computed_or_insufficient	0.00834	0.00933	0.00509	6623
payload.entry_candle_context.multi_timeframe_context.source_quality.observed_no_trade_minutes.contains:10:09	collected_raw_precursor	categorical	6623	62.17	"{""False"": 6504, ""True"": 119}"	computed_or_insufficient	0.03949	0.02745	0.0661	6623
payload.entry_candle_context.multi_timeframe_context.source_quality.observed_no_trade_minutes.contains:10:10	collected_raw_precursor	categorical	6623	62.17	"{""False"": 6541, ""True"": 82}"	computed_or_insufficient	0.01748	0.01651	0.00576	6623
payload.entry_candle_context.multi_timeframe_context.source_quality.observed_no_trade_minutes.contains:10:11	collected_raw_precursor	categorical	6623	62.17	"{""False"": 6545, ""True"": 78}"	computed_or_insufficient	0.01645	0.01476	0.00962	6623
payload.entry_candle_context.multi_timeframe_context.source_quality.observed_no_trade_minutes.contains:10:12	collected_raw_precursor	categorical	6623	62.17	"{""False"": 6482, ""True"": 141}"	computed_or_insufficient	0.04862	0.04649	0.01299	6623
payload.entry_candle_context.multi_timeframe_context.source_quality.observed_no_trade_minutes.contains:10:13	collected_raw_precursor	categorical	6623	62.17	"{""False"": 6574, ""True"": 49}"	computed_or_insufficient	0.03231	0.03108	0.00761	6623
payload.entry_candle_context.multi_timeframe_context.source_quality.observed_no_trade_minutes.contains:10:14	collected_raw_precursor	categorical	6623	62.17	"{""False"": 6613, ""True"": 10}"	computed_or_insufficient	0.01974	0.01922	0.00343	6623
payload.entry_candle_context.multi_timeframe_context.source_quality.observed_no_trade_minutes.contains:10:15	collected_raw_precursor	categorical	6623	62.17	"{""False"": 6478, ""True"": 145}"	computed_or_insufficient	0.02262	0.02469	0.01043	6623
payload.entry_candle_context.multi_timeframe_context.source_quality.observed_no_trade_minutes.contains:10:16	collected_raw_precursor	categorical	6623	62.17	"{""False"": 6559, ""True"": 64}"	computed_or_insufficient	0.0254	0.02393	0.0087	6623
payload.entry_candle_context.multi_timeframe_context.source_quality.observed_no_trade_minutes.contains:10:17	collected_raw_precursor	categorical	6623	62.17	"{""False"": 6550, ""True"": 73}"	computed_or_insufficient	0.00346	0.0052	0.0093	6623
payload.entry_candle_context.multi_timeframe_context.source_quality.observed_no_trade_minutes.contains:10:18	collected_raw_precursor	categorical	6623	62.17	"{""False"": 6253, ""True"": 370}"	computed_or_insufficient	0.00976	0.0156	0.03122	6623
payload.entry_candle_context.multi_timeframe_context.source_quality.observed_no_trade_minutes.contains:10:19	collected_raw_precursor	categorical	6623	62.17	"{""False"": 6375, ""True"": 248}"	computed_or_insufficient	0.00248	0.00433	0.00992	6623
payload.entry_candle_context.multi_timeframe_context.source_quality.observed_no_trade_minutes.contains:10:20	collected_raw_precursor	categorical	6623	62.17	"{""False"": 6409, ""True"": 214}"	computed_or_insufficient	0.00341	0.00407	0.00344	6623
payload.entry_candle_context.multi_timeframe_context.source_quality.observed_no_trade_minutes.contains:10:21	collected_raw_precursor	categorical	6623	62.17	"{""False"": 6593, ""True"": 30}"	computed_or_insufficient	0.00578	0.00471	0.00594	6623
payload.entry_candle_context.multi_timeframe_context.source_quality.observed_no_trade_minutes.contains:10:22	collected_raw_precursor	categorical	6623	62.17	"{""False"": 6533, ""True"": 90}"	computed_or_insufficient	0.04033	0.04141	0.00458	6623
payload.entry_candle_context.multi_timeframe_context.source_quality.observed_no_trade_minutes.contains:10:23	collected_raw_precursor	categorical	6623	62.17	"{""False"": 6466, ""True"": 157}"	computed_or_insufficient	0.02823	0.03005	0.00898	6623
payload.entry_candle_context.multi_timeframe_context.source_quality.observed_no_trade_minutes.contains:10:24	collected_raw_precursor	categorical	6623	62.17	"{""False"": 6466, ""True"": 157}"	computed_or_insufficient	0.03661	0.03427	0.01373	6623
payload.entry_candle_context.multi_timeframe_context.source_quality.observed_no_trade_minutes.contains:10:25	collected_raw_precursor	categorical	6623	62.17	"{""False"": 6605, ""True"": 18}"	computed_or_insufficient	0.01144	0.01235	0.0046	6623
payload.entry_candle_context.multi_timeframe_context.source_quality.observed_no_trade_minutes.contains:10:26	collected_raw_precursor	categorical	6623	62.17	"{""False"": 6494, ""True"": 129}"	computed_or_insufficient	0.03906	0.03929	8e-05	6623
payload.entry_candle_context.multi_timeframe_context.source_quality.observed_no_trade_minutes.contains:10:27	collected_raw_precursor	categorical	6623	62.17	"{""False"": 6569, ""True"": 54}"	computed_or_insufficient	0.0262	0.02486	0.00799	6623
payload.entry_candle_context.multi_timeframe_context.source_quality.observed_no_trade_minutes.contains:10:28	collected_raw_precursor	categorical	6623	62.17	"{""False"": 6515, ""True"": 108}"	computed_or_insufficient	0.04726	0.04795	0.0023	6623
payload.entry_candle_context.multi_timeframe_context.source_quality.observed_no_trade_minutes.contains:10:29	collected_raw_precursor	categorical	6623	62.17	"{""False"": 6576, ""True"": 47}"	computed_or_insufficient	0.01135	0.00898	0.01313	6623
payload.entry_candle_context.multi_timeframe_context.source_quality.observed_no_trade_minutes.contains:10:30	collected_raw_precursor	categorical	6623	62.17	"{""False"": 6559, ""True"": 64}"	computed_or_insufficient	0.03843	0.04031	0.00896	6623
payload.entry_candle_context.multi_timeframe_context.source_quality.observed_no_trade_minutes.contains:10:31	collected_raw_precursor	categorical	6623	62.17	"{""False"": 6577, ""True"": 46}"	computed_or_insufficient	0.03709	0.03594	0.00737	6623
payload.entry_candle_context.multi_timeframe_context.source_quality.observed_no_trade_minutes.contains:10:32	collected_raw_precursor	categorical	6623	62.17	"{""False"": 6596, ""True"": 27}"	computed_or_insufficient	0.02099	0.03011	0.04858	6623
payload.entry_candle_context.multi_timeframe_context.source_quality.observed_no_trade_minutes.contains:10:33	collected_raw_precursor	categorical	6623	62.17	"{""False"": 6554, ""True"": 69}"	computed_or_insufficient	0.04551	0.04409	0.00904	6623
payload.entry_candle_context.multi_timeframe_context.source_quality.observed_no_trade_minutes.contains:10:34	collected_raw_precursor	categorical	6623	62.17	"{""False"": 6567, ""True"": 56}"	computed_or_insufficient	0.0281	0.02675	0.00813	6623
payload.entry_candle_context.multi_timeframe_context.source_quality.observed_no_trade_minutes.contains:10:35	collected_raw_precursor	categorical	6623	62.17	"{""False"": 6603, ""True"": 20}"	computed_or_insufficient	0.01633	0.01552	0.00485	6623
payload.entry_candle_context.multi_timeframe_context.source_quality.observed_no_trade_minutes.contains:10:36	collected_raw_precursor	categorical	6623	62.17	"{""False"": 6514, ""True"": 109}"	computed_or_insufficient	0.03538	0.03347	0.0114	6623
payload.entry_candle_context.multi_timeframe_context.source_quality.observed_no_trade_minutes.contains:10:37	collected_raw_precursor	categorical	6623	62.17	"{""False"": 6586, ""True"": 37}"	computed_or_insufficient	0.0154	0.01856	0.01657	6623
payload.entry_candle_context.multi_timeframe_context.source_quality.observed_no_trade_minutes.contains:10:38	collected_raw_precursor	categorical	6623	62.17	"{""False"": 6534, ""True"": 89}"	computed_or_insufficient	0.02578	0.02402	0.01028	6623
payload.entry_candle_context.multi_timeframe_context.source_quality.observed_no_trade_minutes.contains:10:39	collected_raw_precursor	categorical	6623	62.17	"{""False"": 6521, ""True"": 102}"	computed_or_insufficient	0.04591	0.04673	0.00301	6623
payload.entry_candle_context.multi_timeframe_context.source_quality.observed_no_trade_minutes.contains:10:40	collected_raw_precursor	categorical	6623	62.17	"{""False"": 6577, ""True"": 46}"	computed_or_insufficient	0.01024	0.01279	0.01343	6623
payload.entry_candle_context.multi_timeframe_context.source_quality.observed_no_trade_minutes.contains:10:41	collected_raw_precursor	categorical	6623	62.17	"{""False"": 6610, ""True"": 13}"	computed_or_insufficient	0.02468	0.02409	0.00391	6623
payload.entry_candle_context.multi_timeframe_context.source_quality.observed_no_trade_minutes.contains:10:42	collected_raw_precursor	categorical	6623	62.17	"{""False"": 6530, ""True"": 93}"	computed_or_insufficient	0.02079	0.01896	0.01051	6623
payload.entry_candle_context.multi_timeframe_context.source_quality.observed_no_trade_minutes.contains:10:43	collected_raw_precursor	categorical	6623	62.17	"{""False"": 6553, ""True"": 70}"	computed_or_insufficient	0.02755	0.02915	0.00779	6623
payload.entry_candle_context.multi_timeframe_context.source_quality.observed_no_trade_minutes.contains:10:44	collected_raw_precursor	categorical	6623	62.17	"{""False"": 6507, ""True"": 116}"	computed_or_insufficient	0.02796	0.02838	0.00141	6623
payload.entry_candle_context.multi_timeframe_context.source_quality.observed_no_trade_minutes.contains:10:45	collected_raw_precursor	categorical	6623	62.17	"{""False"": 6408, ""True"": 215}"	computed_or_insufficient	0.05256	0.04986	0.01614	6623
payload.entry_candle_context.multi_timeframe_context.source_quality.observed_no_trade_minutes.contains:10:46	collected_raw_precursor	categorical	6623	62.17	"{""False"": 6383, ""True"": 240}"	computed_or_insufficient	0.03026	0.02898	0.00784	6623
payload.entry_candle_context.multi_timeframe_context.source_quality.observed_no_trade_minutes.contains:10:47	collected_raw_precursor	categorical	6623	62.17	"{""False"": 6530, ""True"": 93}"	computed_or_insufficient	0.02891	0.02713	0.01051	6623
payload.entry_candle_context.multi_timeframe_context.source_quality.observed_no_trade_minutes.contains:10:48	collected_raw_precursor	categorical	6623	62.17	"{""False"": 6509, ""True"": 114}"	computed_or_insufficient	0.02898	0.02945	0.00162	6623
payload.entry_candle_context.multi_timeframe_context.source_quality.observed_no_trade_minutes.contains:10:49	collected_raw_precursor	categorical	6623	62.17	"{""False"": 6605, ""True"": 18}"	computed_or_insufficient	0.01916	0.01842	0.0046	6623
payload.entry_candle_context.multi_timeframe_context.source_quality.observed_no_trade_minutes.contains:10:50	collected_raw_precursor	categorical	6623	62.17	"{""False"": 6537, ""True"": 86}"	computed_or_insufficient	0.02616	0.02443	0.0101	6623
payload.entry_candle_context.multi_timeframe_context.source_quality.observed_no_trade_minutes.contains:10:51	collected_raw_precursor	categorical	6623	62.17	"{""False"": 6592, ""True"": 31}"	computed_or_insufficient	0.01662	0.02028	0.01927	6623
payload.entry_candle_context.multi_timeframe_context.source_quality.observed_no_trade_minutes.contains:10:52	collected_raw_precursor	categorical	6623	62.17	"{""False"": 6539, ""True"": 84}"	computed_or_insufficient	0.04445	0.04285	0.00998	6623
payload.entry_candle_context.multi_timeframe_context.source_quality.observed_no_trade_minutes.contains:10:53	collected_raw_precursor	categorical	6623	62.17	"{""False"": 6447, ""True"": 176}"	computed_or_insufficient	0.02367	0.02111	0.01456	6623
payload.entry_candle_context.multi_timeframe_context.source_quality.observed_no_trade_minutes.contains:10:54	collected_raw_precursor	categorical	6623	62.17	"{""False"": 6621, ""True"": 2}"	computed_or_insufficient	0.00584	0.01228	0.09788	6623
payload.entry_candle_context.multi_timeframe_context.source_quality.observed_no_trade_minutes.contains:10:55	collected_raw_precursor	categorical	6623	62.17	"{""False"": 6558, ""True"": 65}"	computed_or_insufficient	0.03924	0.03783	0.00877	6623
payload.entry_candle_context.multi_timeframe_context.source_quality.observed_no_trade_minutes.contains:10:56	collected_raw_precursor	categorical	6623	62.17	"{""False"": 6580, ""True"": 43}"	computed_or_insufficient	0.03827	0.03716	0.00712	6623
payload.entry_candle_context.multi_timeframe_context.source_quality.observed_no_trade_minutes.contains:10:57	collected_raw_precursor	categorical	6623	62.17	"{""False"": 6460, ""True"": 163}"	computed_or_insufficient	0.03594	0.03253	0.01945	6623
payload.entry_candle_context.multi_timeframe_context.source_quality.observed_no_trade_minutes.contains:10:58	collected_raw_precursor	categorical	6623	62.17	"{""False"": 6477, ""True"": 146}"	computed_or_insufficient	0.01027	0.01005	0.00146	6623
payload.entry_candle_context.multi_timeframe_context.source_quality.observed_no_trade_minutes.contains:10:59	collected_raw_precursor	categorical	6623	62.17	"{""False"": 6599, ""True"": 24}"	computed_or_insufficient	0.01498	0.01605	0.00531	6623
payload.entry_candle_context.multi_timeframe_context.source_quality.observed_no_trade_minutes.contains:11:00	collected_raw_precursor	categorical	6623	62.17	"{""False"": 6619, ""True"": 4}"	computed_or_insufficient	0.00827	0.00872	0.00217	6623
payload.entry_candle_context.multi_timeframe_context.source_quality.observed_no_trade_minutes.contains:11:01	collected_raw_precursor	categorical	6623	62.17	"{""False"": 6616, ""True"": 7}"	computed_or_insufficient	0.00604	0.0066	0.00287	6623
payload.entry_candle_context.multi_timeframe_context.source_quality.observed_no_trade_minutes.contains:11:02	collected_raw_precursor	categorical	6623	62.17	"{""False"": 6609, ""True"": 14}"	computed_or_insufficient	0.00533	0.01159	0.03355	6623
payload.entry_candle_context.multi_timeframe_context.source_quality.observed_no_trade_minutes.contains:11:03	collected_raw_precursor	categorical	6623	62.17	"{""False"": 6575, ""True"": 48}"	computed_or_insufficient	0.02761	0.02637	0.00753	6623
payload.entry_candle_context.multi_timeframe_context.source_quality.observed_no_trade_minutes.contains:11:04	collected_raw_precursor	categorical	6623	62.17	"{""False"": 6615, ""True"": 8}"	computed_or_insufficient	0.00252	0.00612	0.04667	6623
payload.entry_candle_context.multi_timeframe_context.source_quality.observed_no_trade_minutes.contains:11:05	collected_raw_precursor	categorical	6623	62.17	"{""False"": 6512, ""True"": 111}"	computed_or_insufficient	0.03676	0.03483	0.0115	6623
payload.entry_candle_context.multi_timeframe_context.source_quality.observed_no_trade_minutes.contains:11:06	collected_raw_precursor	categorical	6623	62.17	"{""False"": 6567, ""True"": 56}"	computed_or_insufficient	0.00322	0.00225	0.02959	6623
payload.entry_candle_context.multi_timeframe_context.source_quality.observed_no_trade_minutes.contains:11:07	collected_raw_precursor	categorical	6623	62.17	"{""False"": 6599, ""True"": 24}"	computed_or_insufficient	0.02214	0.02128	0.00531	6623
payload.entry_candle_context.multi_timeframe_context.source_quality.observed_no_trade_minutes.contains:11:08	collected_raw_precursor	categorical	6623	62.17	"{""False"": 6610, ""True"": 13}"	computed_or_insufficient	0.01028	0.00961	0.00391	6623
payload.entry_candle_context.multi_timeframe_context.source_quality.observed_no_trade_minutes.contains:11:09	collected_raw_precursor	categorical	6623	62.17	"{""False"": 6553, ""True"": 70}"	computed_or_insufficient	0.03378	0.03229	0.0091	6623
payload.entry_candle_context.multi_timeframe_context.source_quality.observed_no_trade_minutes.contains:11:10	collected_raw_precursor	categorical	6623	62.17	"{""False"": 6538, ""True"": 85}"	computed_or_insufficient	0.0395	0.03786	0.01004	6623
payload.entry_candle_context.multi_timeframe_context.source_quality.observed_no_trade_minutes.contains:11:11	collected_raw_precursor	categorical	6623	62.17	"{""False"": 6385, ""True"": 238}"	computed_or_insufficient	0.04462	0.04344	0.00773	6623
payload.entry_candle_context.multi_timeframe_context.source_quality.observed_no_trade_minutes.contains:11:12	collected_raw_precursor	categorical	6623	62.17	"{""False"": 6533, ""True"": 90}"	computed_or_insufficient	0.02107	0.01927	0.01034	6623
payload.entry_candle_context.multi_timeframe_context.source_quality.observed_no_trade_minutes.contains:11:13	collected_raw_precursor	categorical	6623	62.17	"{""False"": 6620, ""True"": 3}"	computed_or_insufficient	0.0153	0.01504	0.00188	6623
payload.entry_candle_context.multi_timeframe_context.source_quality.observed_no_trade_minutes.contains:11:14	collected_raw_precursor	categorical	6623	62.17	"{""False"": 6559, ""True"": 64}"	computed_or_insufficient	0.03843	0.03703	0.0087	6623
payload.entry_candle_context.multi_timeframe_context.source_quality.observed_no_trade_minutes.contains:11:15	collected_raw_precursor	categorical	6623	62.17	"{""False"": 6496, ""True"": 127}"	computed_or_insufficient	0.0308	0.02869	0.01232	6623
payload.entry_candle_context.multi_timeframe_context.source_quality.observed_no_trade_minutes.contains:11:16	collected_raw_precursor	categorical	6623	62.17	"{""False"": 6603, ""True"": 20}"	computed_or_insufficient	0.01633	0.01552	0.00485	6623
payload.entry_candle_context.multi_timeframe_context.source_quality.observed_no_trade_minutes.contains:11:17	collected_raw_precursor	categorical	6623	62.17	"{""False"": 6605, ""True"": 18}"	computed_or_insufficient	0.01304	0.01226	0.0046	6623
payload.entry_candle_context.multi_timeframe_context.source_quality.observed_no_trade_minutes.contains:11:18	collected_raw_precursor	categorical	6623	62.17	"{""False"": 6568, ""True"": 55}"	computed_or_insufficient	0.03769	0.0364	0.00806	6623
payload.entry_candle_context.multi_timeframe_context.source_quality.observed_no_trade_minutes.contains:11:19	collected_raw_precursor	categorical	6623	62.17	"{""False"": 6537, ""True"": 86}"	computed_or_insufficient	0.0346	0.03292	0.0101	6623
payload.entry_candle_context.multi_timeframe_context.source_quality.observed_no_trade_minutes.contains:11:20	collected_raw_precursor	categorical	6623	62.17	"{""False"": 6598, ""True"": 25}"	computed_or_insufficient	0.01827	0.01736	0.00542	6623
payload.entry_candle_context.multi_timeframe_context.source_quality.observed_no_trade_minutes.contains:11:21	collected_raw_precursor	categorical	6623	62.17	"{""False"": 6418, ""True"": 205}"	computed_or_insufficient	0.02055	0.02359	0.01574	6623
payload.entry_candle_context.multi_timeframe_context.source_quality.observed_no_trade_minutes.contains:11:22	collected_raw_precursor	categorical	6623	62.17	"{""False"": 6578, ""True"": 45}"	computed_or_insufficient	0.0323	0.03113	0.00729	6623
payload.entry_candle_context.multi_timeframe_context.source_quality.observed_no_trade_minutes.contains:11:23	collected_raw_precursor	categorical	6623	62.17	"{""False"": 6622, ""True"": 1}"	computed_or_insufficient	0.00883	0.00868	0.00108	6623
payload.entry_candle_context.multi_timeframe_context.source_quality.observed_no_trade_minutes.contains:11:24	collected_raw_precursor	categorical	6623	62.17	"{""False"": 6547, ""True"": 76}"	computed_or_insufficient	0.03855	0.03701	0.00949	6623
payload.entry_candle_context.multi_timeframe_context.source_quality.observed_no_trade_minutes.contains:11:25	collected_raw_precursor	categorical	6623	62.17	"{""False"": 6597, ""True"": 26}"	computed_or_insufficient	0.01965	0.01873	0.00553	6623
payload.entry_candle_context.multi_timeframe_context.source_quality.observed_no_trade_minutes.contains:11:26	collected_raw_precursor	categorical	6623	62.17	"{""False"": 6606, ""True"": 17}"	computed_or_insufficient	0.01128	0.01051	0.00447	6623
payload.entry_candle_context.multi_timeframe_context.source_quality.observed_no_trade_minutes.contains:11:27	collected_raw_precursor	categorical	6623	62.17	"{""False"": 6589, ""True"": 34}"	computed_or_insufficient	0.02042	0.01937	0.00633	6623
payload.entry_candle_context.multi_timeframe_context.source_quality.observed_no_trade_minutes.contains:11:28	collected_raw_precursor	categorical	6623	62.17	"{""False"": 6595, ""True"": 28}"	computed_or_insufficient	0.03701	0.03616	0.00574	6623
payload.entry_candle_context.multi_timeframe_context.source_quality.observed_no_trade_minutes.contains:11:29	collected_raw_precursor	categorical	6623	62.17	"{""False"": 6579, ""True"": 44}"	computed_or_insufficient	0.04309	0.042	0.0072	6623
payload.entry_candle_context.multi_timeframe_context.source_quality.observed_no_trade_minutes.contains:11:30	collected_raw_precursor	categorical	6623	62.17	"{""False"": 6576, ""True"": 47}"	computed_or_insufficient	0.04179	0.04064	0.00745	6623
payload.entry_candle_context.multi_timeframe_context.source_quality.observed_no_trade_minutes.contains:11:31	collected_raw_precursor	categorical	6623	62.17	"{""False"": 6600, ""True"": 23}"	computed_or_insufficient	0.01535	0.01447	0.0052	6623
payload.entry_candle_context.multi_timeframe_context.source_quality.observed_no_trade_minutes.contains:11:32	collected_raw_precursor	categorical	6623	62.17	"{""False"": 6609, ""True"": 14}"	computed_or_insufficient	0.01921	0.01856	0.00405	6623
payload.entry_candle_context.multi_timeframe_context.source_quality.observed_no_trade_minutes.contains:11:33	collected_raw_precursor	categorical	6623	62.17	"{""False"": 6404, ""True"": 219}"	computed_or_insufficient	0.03101	0.0342	0.01629	6623
payload.entry_candle_context.multi_timeframe_context.source_quality.observed_no_trade_minutes.contains:11:34	collected_raw_precursor	categorical	6623	62.17	"{""False"": 6600, ""True"": 23}"	computed_or_insufficient	0.01535	0.01447	0.0052	6623
payload.entry_candle_context.multi_timeframe_context.source_quality.observed_no_trade_minutes.contains:11:35	collected_raw_precursor	categorical	6623	62.17	"{""False"": 6497, ""True"": 126}"	computed_or_insufficient	0.0208	0.01864	0.01227	6623
payload.entry_candle_context.multi_timeframe_context.source_quality.observed_no_trade_minutes.contains:11:36	collected_raw_precursor	categorical	6623	62.17	"{""False"": 6533, ""True"": 90}"	computed_or_insufficient	0.01832	0.01927	0.00458	6623
payload.entry_candle_context.multi_timeframe_context.source_quality.observed_no_trade_minutes.contains:11:37	collected_raw_precursor	categorical	6623	62.17	"{""False"": 6419, ""True"": 204}"	computed_or_insufficient	0.03413	0.03538	0.00571	6623
payload.entry_candle_context.multi_timeframe_context.source_quality.observed_no_trade_minutes.contains:11:38	collected_raw_precursor	categorical	6623	62.17	"{""False"": 6546, ""True"": 77}"	computed_or_insufficient	0.02446	0.02282	0.00955	6623
payload.entry_candle_context.multi_timeframe_context.source_quality.observed_no_trade_minutes.contains:11:39	collected_raw_precursor	categorical	6623	62.17	"{""False"": 6543, ""True"": 80}"	computed_or_insufficient	0.03864	0.03706	0.00974	6623
payload.entry_candle_context.multi_timeframe_context.source_quality.observed_no_trade_minutes.contains:11:40	collected_raw_precursor	categorical	6623	62.17	"{""False"": 6592, ""True"": 31}"	computed_or_insufficient	0.02595	0.02498	0.00604	6623
payload.entry_candle_context.multi_timeframe_context.source_quality.observed_no_trade_minutes.contains:11:41	collected_raw_precursor	categorical	6623	62.17	"{""False"": 6621, ""True"": 2}"	computed_or_insufficient	0.00584	0.00616	0.00153	6623
payload.entry_candle_context.multi_timeframe_context.source_quality.observed_no_trade_minutes.contains:11:42	collected_raw_precursor	categorical	6623	62.17	"{""False"": 6610, ""True"": 13}"	computed_or_insufficient	0.00308	0.00238	0.00391	6623
payload.entry_candle_context.multi_timeframe_context.source_quality.observed_no_trade_minutes.contains:11:43	collected_raw_precursor	categorical	6623	62.17	"{""False"": 6575, ""True"": 48}"	computed_or_insufficient	0.03136	0.03014	0.00753	6623
payload.entry_candle_context.multi_timeframe_context.source_quality.observed_no_trade_minutes.contains:11:44	collected_raw_precursor	categorical	6623	62.17	"{""False"": 6535, ""True"": 88}"	computed_or_insufficient	0.02219	0.02042	0.01022	6623
payload.entry_candle_context.multi_timeframe_context.source_quality.observed_no_trade_minutes.contains:11:45	collected_raw_precursor	categorical	6623	62.17	"{""False"": 6561, ""True"": 62}"	computed_or_insufficient	0.03017	0.03208	0.00937	6623
payload.entry_candle_context.multi_timeframe_context.source_quality.observed_no_trade_minutes.contains:11:46	collected_raw_precursor	categorical	6623	62.17	"{""False"": 6568, ""True"": 55}"	computed_or_insufficient	0.02013	0.01875	0.00806	6623
payload.entry_candle_context.multi_timeframe_context.source_quality.observed_no_trade_minutes.contains:11:47	collected_raw_precursor	categorical	6623	62.17	"{""False"": 6529, ""True"": 94}"	computed_or_insufficient	0.01621	0.01434	0.01057	6623
payload.entry_candle_context.multi_timeframe_context.source_quality.observed_no_trade_minutes.contains:11:48	collected_raw_precursor	categorical	6623	62.17	"{""False"": 6452, ""True"": 171}"	computed_or_insufficient	0.03365	0.03448	0.00345	6623
payload.entry_candle_context.multi_timeframe_context.source_quality.observed_no_trade_minutes.contains:11:49	collected_raw_precursor	categorical	6623	62.17	"{""False"": 6478, ""True"": 145}"	computed_or_insufficient	0.0531	0.05096	0.01318	6623
payload.entry_candle_context.multi_timeframe_context.source_quality.observed_no_trade_minutes.contains:11:50	collected_raw_precursor	categorical	6623	62.17	"{""False"": 6443, ""True"": 180}"	computed_or_insufficient	0.03196	0.02941	0.01472	6623
payload.entry_candle_context.multi_timeframe_context.source_quality.observed_no_trade_minutes.contains:11:51	collected_raw_precursor	categorical	6623	62.17	"{""False"": 6577, ""True"": 46}"	computed_or_insufficient	0.02942	0.02822	0.00737	6623
payload.entry_candle_context.multi_timeframe_context.source_quality.observed_no_trade_minutes.contains:11:52	collected_raw_precursor	categorical	6623	62.17	"{""False"": 6540, ""True"": 83}"	computed_or_insufficient	0.03228	0.03062	0.00992	6623
payload.entry_candle_context.multi_timeframe_context.source_quality.observed_no_trade_minutes.contains:11:53	collected_raw_precursor	categorical	6623	62.17	"{""False"": 6562, ""True"": 61}"	computed_or_insufficient	0.03261	0.03122	0.00849	6623
payload.entry_candle_context.multi_timeframe_context.source_quality.observed_no_trade_minutes.contains:11:54	collected_raw_precursor	categorical	6623	62.17	"{""False"": 6485, ""True"": 138}"	computed_or_insufficient	0.02901	0.02904	0.00076	6623
payload.entry_candle_context.multi_timeframe_context.source_quality.observed_no_trade_minutes.contains:11:55	collected_raw_precursor	categorical	6623	62.17	"{""False"": 6534, ""True"": 89}"	computed_or_insufficient	0.02854	0.0268	0.01028	6623
payload.entry_candle_context.multi_timeframe_context.source_quality.observed_no_trade_minutes.contains:11:56	collected_raw_precursor	categorical	6623	62.17	"{""False"": 6452, ""True"": 171}"	computed_or_insufficient	0.02562	0.0264	0.00345	6623
payload.entry_candle_context.multi_timeframe_context.source_quality.observed_no_trade_minutes.contains:11:57	collected_raw_precursor	categorical	6623	62.17	"{""False"": 6611, ""True"": 12}"	computed_or_insufficient	0.02313	0.02256	0.00375	6623
payload.entry_candle_context.multi_timeframe_context.source_quality.observed_no_trade_minutes.contains:11:58	collected_raw_precursor	categorical	6623	62.17	"{""False"": 6611, ""True"": 12}"	computed_or_insufficient	0.02313	0.02256	0.00375	6623
payload.entry_candle_context.multi_timeframe_context.source_quality.observed_no_trade_minutes.contains:11:59	collected_raw_precursor	categorical	6623	62.17	"{""False"": 6563, ""True"": 60}"	computed_or_insufficient	0.0351	0.03373	0.00842	6623
payload.entry_candle_context.multi_timeframe_context.source_quality.observed_no_trade_minutes.contains:12:00	collected_raw_precursor	categorical	6623	62.17	"{""False"": 6461, ""True"": 162}"	computed_or_insufficient	0.02513	0.02268	0.01395	6623
payload.entry_candle_context.multi_timeframe_context.source_quality.observed_no_trade_minutes.contains:12:01	collected_raw_precursor	categorical	6623	62.17	"{""False"": 6532, ""True"": 91}"	computed_or_insufficient	0.01915	0.01733	0.0104	6623
payload.entry_candle_context.multi_timeframe_context.source_quality.observed_no_trade_minutes.contains:12:02	collected_raw_precursor	categorical	6623	62.17	"{""False"": 6598, ""True"": 25}"	computed_or_insufficient	0.00268	0.00169	0.00542	6623
payload.entry_candle_context.multi_timeframe_context.source_quality.observed_no_trade_minutes.contains:12:03	collected_raw_precursor	categorical	6623	62.17	"{""False"": 6388, ""True"": 235}"	computed_or_insufficient	0.03092	0.03249	0.00756	6623
payload.entry_candle_context.multi_timeframe_context.source_quality.observed_no_trade_minutes.contains:12:04	collected_raw_precursor	categorical	6623	62.17	"{""False"": 6588, ""True"": 35}"	computed_or_insufficient	0.00034	0.00154	0.00642	6623
payload.entry_candle_context.multi_timeframe_context.source_quality.observed_no_trade_minutes.contains:12:05	collected_raw_precursor	categorical	6623	62.17	"{""False"": 6519, ""True"": 104}"	computed_or_insufficient	0.02672	0.0248	0.01113	6623
payload.entry_candle_context.multi_timeframe_context.source_quality.observed_no_trade_minutes.contains:12:06	collected_raw_precursor	categorical	6623	62.17	"{""False"": 6602, ""True"": 21}"	computed_or_insufficient	0.03313	0.03424	0.00497	6623
payload.entry_candle_context.multi_timeframe_context.source_quality.observed_no_trade_minutes.contains:12:07	collected_raw_precursor	categorical	6623	62.17	"{""False"": 6605, ""True"": 18}"	computed_or_insufficient	0.04203	0.04312	0.0046	6623
payload.entry_candle_context.multi_timeframe_context.source_quality.observed_no_trade_minutes.contains:12:08	collected_raw_precursor	categorical	6623	62.17	"{""False"": 6595, ""True"": 28}"	computed_or_insufficient	0.01209	0.01322	0.00574	6623
payload.entry_candle_context.multi_timeframe_context.source_quality.observed_no_trade_minutes.contains:12:09	collected_raw_precursor	categorical	6623	62.17	"{""False"": 6600, ""True"": 23}"	computed_or_insufficient	0.00994	0.00903	0.0052	6623
payload.entry_candle_context.multi_timeframe_context.source_quality.observed_no_trade_minutes.contains:12:10	collected_raw_precursor	categorical	6623	62.17	"{""False"": 6577, ""True"": 46}"	computed_or_insufficient	0.02558	0.02436	0.00737	6623
payload.entry_candle_context.multi_timeframe_context.source_quality.observed_no_trade_minutes.contains:12:11	collected_raw_precursor	categorical	6623	62.17	"{""False"": 6605, ""True"": 18}"	computed_or_insufficient	0.01304	0.01226	0.0046	6623
payload.entry_candle_context.multi_timeframe_context.source_quality.observed_no_trade_minutes.contains:12:12	collected_raw_precursor	categorical	6623	62.17	"{""False"": 6552, ""True"": 71}"	computed_or_insufficient	0.02842	0.02687	0.00917	6623
payload.entry_candle_context.multi_timeframe_context.source_quality.observed_no_trade_minutes.contains:12:13	collected_raw_precursor	categorical	6623	62.17	"{""False"": 6586, ""True"": 37}"	computed_or_insufficient	0.01968	0.01856	0.0066	6623
payload.entry_candle_context.multi_timeframe_context.source_quality.observed_no_trade_minutes.contains:12:14	collected_raw_precursor	categorical	6623	62.17	"{""False"": 6610, ""True"": 13}"	computed_or_insufficient	0.01748	0.01685	0.00391	6623
payload.entry_candle_context.multi_timeframe_context.source_quality.observed_no_trade_minutes.contains:12:15	collected_raw_precursor	categorical	6623	62.17	"{""False"": 6550, ""True"": 73}"	computed_or_insufficient	0.00875	0.00707	0.0093	6623
payload.entry_candle_context.multi_timeframe_context.source_quality.observed_no_trade_minutes.contains:12:16	collected_raw_precursor	categorical	6623	62.17	"{""False"": 6517, ""True"": 106}"	computed_or_insufficient	0.02312	0.02117	0.01123	6623
payload.entry_candle_context.multi_timeframe_context.source_quality.observed_no_trade_minutes.contains:12:17	collected_raw_precursor	categorical	6623	62.17	"{""False"": 6579, ""True"": 44}"	computed_or_insufficient	0.01172	0.01045	0.0072	6623
payload.entry_candle_context.multi_timeframe_context.source_quality.observed_no_trade_minutes.contains:12:18	collected_raw_precursor	categorical	6623	62.17	"{""False"": 6587, ""True"": 36}"	computed_or_insufficient	0.03147	0.03044	0.00651	6623
payload.entry_candle_context.multi_timeframe_context.source_quality.observed_no_trade_minutes.contains:12:19	collected_raw_precursor	categorical	6623	62.17	"{""False"": 6616, ""True"": 7}"	computed_or_insufficient	0.01357	0.01312	0.00287	6623
payload.entry_candle_context.multi_timeframe_context.source_quality.observed_no_trade_minutes.contains:12:20	collected_raw_precursor	categorical	6623	62.17	"{""False"": 6547, ""True"": 76}"	computed_or_insufficient	0.02726	0.02917	0.00949	6623
payload.entry_candle_context.multi_timeframe_context.source_quality.observed_no_trade_minutes.contains:12:21	collected_raw_precursor	categorical	6623	62.17	"{""False"": 6545, ""True"": 78}"	computed_or_insufficient	0.03376	0.03573	0.00962	6623
payload.entry_candle_context.multi_timeframe_context.source_quality.observed_no_trade_minutes.contains:12:22	collected_raw_precursor	categorical	6623	62.17	"{""False"": 6612, ""True"": 11}"	computed_or_insufficient	0.02149	0.02095	0.00359	6623
payload.entry_candle_context.multi_timeframe_context.source_quality.observed_no_trade_minutes.contains:12:23	collected_raw_precursor	categorical	6623	62.17	"{""False"": 6602, ""True"": 21}"	computed_or_insufficient	0.0292	0.02845	0.00497	6623
payload.entry_candle_context.multi_timeframe_context.source_quality.observed_no_trade_minutes.contains:12:24	collected_raw_precursor	categorical	6623	62.17	"{""False"": 6511, ""True"": 112}"	computed_or_insufficient	0.03744	0.0355	0.01155	6623
payload.entry_candle_context.multi_timeframe_context.source_quality.observed_no_trade_minutes.contains:12:25	collected_raw_precursor	categorical	6623	62.17	"{""False"": 6470, ""True"": 153}"	computed_or_insufficient	0.04266	0.04039	0.01355	6623
payload.entry_candle_context.multi_timeframe_context.source_quality.observed_no_trade_minutes.contains:12:27	collected_raw_precursor	categorical	6623	62.17	"{""False"": 6582, ""True"": 41}"	computed_or_insufficient	0.02829	0.02716	0.00695	6623
payload.entry_candle_context.multi_timeframe_context.source_quality.observed_no_trade_minutes.contains:12:28	collected_raw_precursor	categorical	6623	62.17	"{""False"": 6562, ""True"": 61}"	computed_or_insufficient	0.02261	0.02116	0.00849	6623
payload.entry_candle_context.multi_timeframe_context.source_quality.observed_no_trade_minutes.contains:12:29	collected_raw_precursor	categorical	6623	62.17	"{""False"": 6559, ""True"": 64}"	computed_or_insufficient	0.03192	0.03048	0.0087	6623
payload.entry_candle_context.multi_timeframe_context.source_quality.observed_no_trade_minutes.contains:12:30	collected_raw_precursor	categorical	6623	62.17	"{""False"": 6609, ""True"": 14}"	computed_or_insufficient	0.0016	0.00236	0.00405	6623
payload.entry_candle_context.multi_timeframe_context.source_quality.observed_no_trade_minutes.contains:12:31	collected_raw_precursor	categorical	6623	62.17	"{""False"": 6596, ""True"": 27}"	computed_or_insufficient	0.03099	0.03011	0.00564	6623
payload.entry_candle_context.multi_timeframe_context.source_quality.observed_no_trade_minutes.contains:12:32	collected_raw_precursor	categorical	6623	62.17	"{""False"": 6572, ""True"": 51}"	computed_or_insufficient	0.00865	0.00726	0.00776	6623
payload.entry_candle_context.multi_timeframe_context.source_quality.observed_no_trade_minutes.contains:12:33	collected_raw_precursor	categorical	6623	62.17	"{""False"": 6609, ""True"": 14}"	computed_or_insufficient	0.01921	0.01856	0.00405	6623
payload.entry_candle_context.multi_timeframe_context.source_quality.observed_no_trade_minutes.contains:12:34	collected_raw_precursor	categorical	6623	62.17	"{""False"": 6569, ""True"": 54}"	computed_or_insufficient	0.01202	0.01417	0.01122	6623
payload.entry_candle_context.multi_timeframe_context.source_quality.observed_no_trade_minutes.contains:12:35	collected_raw_precursor	categorical	6623	62.17	"{""False"": 6580, ""True"": 43}"	computed_or_insufficient	0.00653	0.00525	0.00712	6623
payload.entry_candle_context.multi_timeframe_context.source_quality.observed_no_trade_minutes.contains:12:36	collected_raw_precursor	categorical	6623	62.17	"{""False"": 6594, ""True"": 29}"	computed_or_insufficient	0.01989	0.02108	0.00584	6623
payload.entry_candle_context.multi_timeframe_context.source_quality.observed_no_trade_minutes.contains:12:37	collected_raw_precursor	categorical	6623	62.17	"{""False"": 6565, ""True"": 58}"	computed_or_insufficient	0.01968	0.0217	0.01026	6623
payload.entry_candle_context.multi_timeframe_context.source_quality.observed_no_trade_minutes.contains:12:38	collected_raw_precursor	categorical	6623	62.17	"{""False"": 6599, ""True"": 24}"	computed_or_insufficient	0.01498	0.01072	0.02343	6623
payload.entry_candle_context.multi_timeframe_context.source_quality.observed_no_trade_minutes.contains:12:39	collected_raw_precursor	categorical	6623	62.17	"{""False"": 6565, ""True"": 58}"	computed_or_insufficient	0.00943	0.00794	0.00828	6623
payload.entry_candle_context.multi_timeframe_context.source_quality.observed_no_trade_minutes.contains:12:40	collected_raw_precursor	categorical	6623	62.17	"{""False"": 6500, ""True"": 123}"	computed_or_insufficient	0.04696	0.04497	0.01212	6623
payload.entry_candle_context.multi_timeframe_context.source_quality.observed_no_trade_minutes.contains:12:41	collected_raw_precursor	categorical	6623	62.17	"{""False"": 6583, ""True"": 40}"	computed_or_insufficient	0.00976	0.01109	0.00687	6623
payload.entry_candle_context.multi_timeframe_context.source_quality.observed_no_trade_minutes.contains:12:42	collected_raw_precursor	categorical	6623	62.17	"{""False"": 6613, ""True"": 10}"	computed_or_insufficient	0.01154	0.01097	0.00343	6623
payload.entry_candle_context.multi_timeframe_context.source_quality.observed_no_trade_minutes.contains:12:43	collected_raw_precursor	categorical	6623	62.17	"{""False"": 6620, ""True"": 3}"	computed_or_insufficient	0.00033	2e-05	0.00188	6623
payload.entry_candle_context.multi_timeframe_context.source_quality.observed_no_trade_minutes.contains:12:44	collected_raw_precursor	categorical	6623	62.17	"{""False"": 6612, ""True"": 11}"	computed_or_insufficient	0.01367	0.01308	0.00359	6623
payload.entry_candle_context.multi_timeframe_context.source_quality.observed_no_trade_minutes.contains:12:45	collected_raw_precursor	categorical	6623	62.17	"{""False"": 6520, ""True"": 103}"	computed_or_insufficient	0.00794	0.00593	0.01107	6623
payload.entry_candle_context.multi_timeframe_context.source_quality.observed_no_trade_minutes.contains:12:46	collected_raw_precursor	categorical	6623	62.17	"{""False"": 6544, ""True"": 79}"	computed_or_insufficient	0.00026	0.00089	0.00623	6623
payload.entry_candle_context.multi_timeframe_context.source_quality.observed_no_trade_minutes.contains:12:47	collected_raw_precursor	categorical	6623	62.17	"{""False"": 6606, ""True"": 17}"	computed_or_insufficient	0.01757	0.01684	0.00447	6623
payload.entry_candle_context.multi_timeframe_context.source_quality.observed_no_trade_minutes.contains:12:48	collected_raw_precursor	categorical	6623	62.17	"{""False"": 6463, ""True"": 160}"	computed_or_insufficient	0.03216	0.02977	0.01386	6623
payload.entry_candle_context.multi_timeframe_context.source_quality.observed_no_trade_minutes.contains:12:49	collected_raw_precursor	categorical	6623	62.17	"{""False"": 6579, ""True"": 44}"	computed_or_insufficient	0.00387	0.00256	0.0072	6623
payload.entry_candle_context.multi_timeframe_context.source_quality.observed_no_trade_minutes.contains:12:50	collected_raw_precursor	categorical	6623	62.17	"{""False"": 6620, ""True"": 3}"	computed_or_insufficient	0.0153	0.01504	0.00188	6623
payload.entry_candle_context.multi_timeframe_context.source_quality.observed_no_trade_minutes.contains:12:51	collected_raw_precursor	categorical	6623	62.17	"{""False"": 6592, ""True"": 31}"	computed_or_insufficient	0.01662	0.01559	0.00604	6623
payload.entry_candle_context.multi_timeframe_context.source_quality.observed_no_trade_minutes.contains:12:52	collected_raw_precursor	categorical	6623	62.17	"{""False"": 6584, ""True"": 39}"	computed_or_insufficient	0.01131	0.01263	0.00678	6623
payload.entry_candle_context.multi_timeframe_context.source_quality.observed_no_trade_minutes.contains:12:53	collected_raw_precursor	categorical	6623	62.17	"{""False"": 6487, ""True"": 136}"	computed_or_insufficient	0.0442	0.04681	0.01276	6623
payload.entry_candle_context.multi_timeframe_context.source_quality.observed_no_trade_minutes.contains:12:54	collected_raw_precursor	categorical	6623	62.17	"{""False"": 6619, ""True"": 4}"	computed_or_insufficient	0.0047	0.00433	0.00217	6623
payload.entry_candle_context.multi_timeframe_context.source_quality.observed_no_trade_minutes.contains:12:55	collected_raw_precursor	categorical	6623	62.17	"{""False"": 6621, ""True"": 2}"	computed_or_insufficient	0.02418	0.0246	0.00153	6623
payload.entry_candle_context.multi_timeframe_context.source_quality.observed_no_trade_minutes.contains:12:56	collected_raw_precursor	categorical	6623	62.17	"{""False"": 6600, ""True"": 23}"	computed_or_insufficient	0.00452	0.01447	0.05352	6623
payload.entry_candle_context.multi_timeframe_context.source_quality.observed_no_trade_minutes.contains:12:57	collected_raw_precursor	categorical	6623	62.17	"{""False"": 6617, ""True"": 6}"	computed_or_insufficient	0.01105	0.01062	0.00265	6623
payload.entry_candle_context.multi_timeframe_context.source_quality.observed_no_trade_minutes.contains:12:59	collected_raw_precursor	categorical	6623	62.17	"{""False"": 6600, ""True"": 23}"	computed_or_insufficient	0.01535	0.01447	0.0052	6623
payload.entry_candle_context.multi_timeframe_context.source_quality.observed_no_trade_minutes.contains:13:00	collected_raw_precursor	categorical	6623	62.17	"{""False"": 6620, ""True"": 3}"	computed_or_insufficient	0.01465	0.01508	0.00188	6623
payload.entry_candle_context.multi_timeframe_context.source_quality.observed_no_trade_minutes.contains:13:02	collected_raw_precursor	categorical	6623	62.17	"{""False"": 6620, ""True"": 3}"	computed_or_insufficient	0.01465	0.01508	0.00188	6623
payload.entry_candle_context.multi_timeframe_context.source_quality.observed_no_trade_minutes.contains:13:03	collected_raw_precursor	categorical	6623	62.17	"{""False"": 6621, ""True"": 2}"	computed_or_insufficient	0.01249	0.01228	0.00153	6623
payload.entry_candle_context.multi_timeframe_context.source_quality.observed_no_trade_minutes.contains:13:04	collected_raw_precursor	categorical	6623	62.17	"{""False"": 6619, ""True"": 4}"	computed_or_insufficient	0.00827	0.00872	0.00217	6623
payload.entry_candle_context.multi_timeframe_context.source_quality.observed_no_trade_minutes.contains:13:05	collected_raw_precursor	categorical	6623	62.17	"{""False"": 6541, ""True"": 82}"	computed_or_insufficient	0.04302	0.04143	0.00986	6623
payload.entry_candle_context.multi_timeframe_context.source_quality.observed_no_trade_minutes.contains:13:06	collected_raw_precursor	categorical	6623	62.17	"{""False"": 6622, ""True"": 1}"	computed_or_insufficient	0.0171	0.01739	0.00108	6623
payload.entry_candle_context.multi_timeframe_context.source_quality.observed_no_trade_minutes.contains:13:07	collected_raw_precursor	categorical	6623	62.17	"{""False"": 6588, ""True"": 35}"	computed_or_insufficient	0.00474	0.00595	0.00642	6623
payload.entry_candle_context.multi_timeframe_context.source_quality.observed_no_trade_minutes.contains:13:08	collected_raw_precursor	categorical	6623	62.17	"{""False"": 6581, ""True"": 42}"	computed_or_insufficient	0.02932	0.02818	0.00704	6623
payload.entry_candle_context.multi_timeframe_context.source_quality.observed_no_trade_minutes.contains:13:09	collected_raw_precursor	categorical	6623	62.17	"{""False"": 6557, ""True"": 66}"	computed_or_insufficient	0.024	0.02249	0.00884	6623
payload.entry_candle_context.multi_timeframe_context.source_quality.observed_no_trade_minutes.contains:13:10	collected_raw_precursor	categorical	6623	62.17	"{""False"": 6618, ""True"": 5}"	computed_or_insufficient	0.00816	0.00775	0.00242	6623
payload.entry_candle_context.multi_timeframe_context.source_quality.observed_no_trade_minutes.contains:13:14	collected_raw_precursor	categorical	6623	62.17	"{""False"": 6559, ""True"": 64}"	computed_or_insufficient	0.02215	0.02066	0.0087	6623
payload.entry_candle_context.multi_timeframe_context.source_quality.observed_no_trade_minutes.contains:13:15	collected_raw_precursor	categorical	6623	62.17	"{""False"": 6618, ""True"": 5}"	computed_or_insufficient	0.00344	0.00391	0.00242	6623
payload.entry_candle_context.multi_timeframe_context.source_quality.observed_no_trade_minutes.contains:13:16	collected_raw_precursor	categorical	6623	62.17	"{""False"": 6620, ""True"": 3}"	computed_or_insufficient	0.01465	0.01508	0.00188	6623
payload.entry_candle_context.multi_timeframe_context.source_quality.observed_no_trade_minutes.contains:13:17	collected_raw_precursor	categorical	6623	62.17	"{""False"": 6593, ""True"": 30}"	computed_or_insufficient	0.01319	0.0096	0.01978	6623
payload.entry_candle_context.multi_timeframe_context.source_quality.observed_no_trade_minutes.contains:13:19	collected_raw_precursor	categorical	6623	62.17	"{""False"": 6600, ""True"": 23}"	computed_or_insufficient	0.0009	0.00187	0.0052	6623
payload.entry_candle_context.multi_timeframe_context.source_quality.observed_no_trade_minutes.contains:13:20	collected_raw_precursor	categorical	6623	62.17	"{""False"": 6598, ""True"": 25}"	computed_or_insufficient	0.01307	0.01214	0.00542	6623
payload.entry_candle_context.multi_timeframe_context.source_quality.observed_no_trade_minutes.contains:13:21	collected_raw_precursor	categorical	6623	62.17	"{""False"": 6579, ""True"": 44}"	computed_or_insufficient	0.0274	0.02622	0.0072	6623
payload.entry_candle_context.multi_timeframe_context.source_quality.observed_no_trade_minutes.contains:13:22	collected_raw_precursor	categorical	6623	62.17	"{""False"": 6614, ""True"": 9}"	computed_or_insufficient	0.00057	3e-05	0.00325	6623
payload.entry_candle_context.multi_timeframe_context.source_quality.observed_no_trade_minutes.contains:13:23	collected_raw_precursor	categorical	6623	62.17	"{""False"": 6609, ""True"": 14}"	computed_or_insufficient	0.01227	0.01159	0.00405	6623
payload.entry_candle_context.multi_timeframe_context.source_quality.observed_no_trade_minutes.contains:13:24	collected_raw_precursor	categorical	6623	62.17	"{""False"": 6620, ""True"": 3}"	computed_or_insufficient	0.00033	2e-05	0.00188	6623
payload.entry_candle_context.multi_timeframe_context.source_quality.observed_no_trade_minutes.contains:13:25	collected_raw_precursor	categorical	6623	62.17	"{""False"": 6620, ""True"": 3}"	computed_or_insufficient	0.01465	0.01508	0.00188	6623
payload.entry_candle_context.multi_timeframe_context.source_quality.observed_no_trade_minutes.contains:13:26	collected_raw_precursor	categorical	6623	62.17	"{""False"": 6616, ""True"": 7}"	computed_or_insufficient	0.00377	0.00326	0.00287	6623
payload.entry_candle_context.multi_timeframe_context.source_quality.observed_no_trade_minutes.contains:13:27	collected_raw_precursor	categorical	6623	62.17	"{""False"": 6622, ""True"": 1}"	computed_or_insufficient	0.0171	0.00868	0.1395	6623
payload.entry_candle_context.multi_timeframe_context.source_quality.observed_no_trade_minutes.contains:13:28	collected_raw_precursor	categorical	6623	62.17	"{""False"": 6620, ""True"": 3}"	computed_or_insufficient	0.01465	0.01508	0.00188	6623
payload.entry_candle_context.multi_timeframe_context.source_quality.observed_no_trade_minutes.contains:13:29	collected_raw_precursor	categorical	6623	62.17	"{""False"": 6619, ""True"": 4}"	computed_or_insufficient	0.02123	0.02176	0.00217	6623
payload.entry_candle_context.multi_timeframe_context.source_quality.observed_no_trade_minutes.contains:13:31	collected_raw_precursor	categorical	6623	62.17	"{""False"": 6618, ""True"": 5}"	computed_or_insufficient	0.00816	0.00775	0.00242	6623
payload.entry_candle_context.multi_timeframe_context.source_quality.observed_no_trade_minutes.contains:13:32	collected_raw_precursor	categorical	6623	62.17	"{""False"": 6534, ""True"": 89}"	computed_or_insufficient	0.04616	0.04833	0.01028	6623
payload.entry_candle_context.multi_timeframe_context.source_quality.observed_no_trade_minutes.contains:13:33	collected_raw_precursor	categorical	6623	62.17	"{""False"": 6620, ""True"": 3}"	computed_or_insufficient	0.0153	0.01504	0.00188	6623
payload.entry_candle_context.multi_timeframe_context.source_quality.observed_no_trade_minutes.contains:13:34	collected_raw_precursor	categorical	6623	62.17	"{""False"": 6622, ""True"": 1}"	computed_or_insufficient	0.0171	0.01739	0.00108	6623
payload.entry_candle_context.multi_timeframe_context.source_quality.observed_no_trade_minutes.contains:13:35	collected_raw_precursor	categorical	6623	62.17	"{""False"": 6584, ""True"": 39}"	computed_or_insufficient	0.02617	0.02506	0.00678	6623
payload.entry_candle_context.multi_timeframe_context.source_quality.observed_no_trade_minutes.contains:13:36	collected_raw_precursor	categorical	6623	62.17	"{""False"": 6622, ""True"": 1}"	computed_or_insufficient	0.0171	0.01739	0.00108	6623
payload.entry_candle_context.multi_timeframe_context.source_quality.observed_no_trade_minutes.contains:13:37	collected_raw_precursor	categorical	6623	62.17	"{""False"": 6591, ""True"": 32}"	computed_or_insufficient	0.01792	0.01688	0.00614	6623
payload.entry_candle_context.multi_timeframe_context.source_quality.observed_no_trade_minutes.contains:13:38	collected_raw_precursor	categorical	6623	62.17	"{""False"": 6604, ""True"": 19}"	computed_or_insufficient	0.00877	0.00794	0.00473	6623
payload.entry_candle_context.multi_timeframe_context.source_quality.observed_no_trade_minutes.contains:13:39	collected_raw_precursor	categorical	6623	62.17	"{""False"": 6622, ""True"": 1}"	computed_or_insufficient	0.00883	0.00868	0.00108	6623
payload.entry_candle_context.multi_timeframe_context.source_quality.observed_no_trade_minutes.contains:13:40	collected_raw_precursor	categorical	6623	62.17	"{""False"": 6612, ""True"": 11}"	computed_or_insufficient	0.01367	0.01308	0.00359	6623
payload.entry_candle_context.multi_timeframe_context.source_quality.observed_no_trade_minutes.contains:13:41	collected_raw_precursor	categorical	6623	62.17	"{""False"": 6595, ""True"": 28}"	computed_or_insufficient	0.00264	0.00159	0.00574	6623
payload.entry_candle_context.multi_timeframe_context.source_quality.observed_no_trade_minutes.contains:13:42	collected_raw_precursor	categorical	6623	62.17	"{""False"": 6593, ""True"": 30}"	computed_or_insufficient	0.00578	0.00471	0.00594	6623
payload.entry_candle_context.multi_timeframe_context.source_quality.observed_no_trade_minutes.contains:13:43	collected_raw_precursor	categorical	6623	62.17	"{""False"": 6594, ""True"": 29}"	computed_or_insufficient	0.00424	0.00318	0.00584	6623
payload.entry_candle_context.multi_timeframe_context.source_quality.observed_no_trade_minutes.contains:13:44	collected_raw_precursor	categorical	6623	62.17	"{""False"": 6612, ""True"": 11}"	computed_or_insufficient	0.01367	0.01308	0.00359	6623
payload.entry_candle_context.multi_timeframe_context.source_quality.observed_no_trade_minutes.contains:13:45	collected_raw_precursor	categorical	6623	62.17	"{""False"": 6617, ""True"": 6}"	computed_or_insufficient	0.01105	0.01062	0.00265	6623
payload.entry_candle_context.multi_timeframe_context.source_quality.observed_no_trade_minutes.contains:13:47	collected_raw_precursor	categorical	6623	62.17	"{""False"": 6604, ""True"": 19}"	computed_or_insufficient	0.02068	0.01992	0.00473	6623
payload.entry_candle_context.multi_timeframe_context.source_quality.observed_no_trade_minutes.contains:13:48	collected_raw_precursor	categorical	6623	62.17	"{""False"": 6618, ""True"": 5}"	computed_or_insufficient	0.00816	0.00775	0.00242	6623
payload.entry_candle_context.multi_timeframe_context.source_quality.observed_no_trade_minutes.contains:13:50	collected_raw_precursor	categorical	6623	62.17	"{""False"": 6617, ""True"": 6}"	computed_or_insufficient	0.01105	0.01062	0.00265	6623
payload.entry_candle_context.multi_timeframe_context.source_quality.observed_no_trade_minutes.contains:13:51	collected_raw_precursor	categorical	6623	62.17	"{""False"": 6622, ""True"": 1}"	computed_or_insufficient	0.0171	0.01739	0.00108	6623
payload.entry_candle_context.multi_timeframe_context.source_quality.observed_no_trade_minutes.contains:13:54	collected_raw_precursor	categorical	6623	62.17	"{""False"": 6612, ""True"": 11}"	computed_or_insufficient	0.01367	0.01308	0.00359	6623
payload.entry_candle_context.multi_timeframe_context.source_quality.observed_no_trade_minutes.contains:13:55	collected_raw_precursor	categorical	6623	62.17	"{""False"": 6621, ""True"": 2}"	computed_or_insufficient	0.00584	0.00616	0.00153	6623
payload.entry_candle_context.multi_timeframe_context.source_quality.observed_no_trade_minutes.contains:13:56	collected_raw_precursor	categorical	6623	62.17	"{""False"": 6622, ""True"": 1}"	computed_or_insufficient	0.0171	0.01739	0.00108	6623
payload.entry_candle_context.multi_timeframe_context.source_quality.observed_no_trade_minutes.contains:13:58	collected_raw_precursor	categorical	6623	62.17	"{""False"": 6590, ""True"": 33}"	computed_or_insufficient	0.01014	0.00904	0.00623	6623
payload.entry_candle_context.multi_timeframe_context.source_quality.observed_no_trade_minutes.contains:14:04	collected_raw_precursor	categorical	6623	62.17	"{""False"": 6603, ""True"": 20}"	computed_or_insufficient	0.00109	0.00199	0.00485	6623
payload.entry_candle_context.multi_timeframe_context.source_quality.observed_no_trade_minutes.contains:14:06	collected_raw_precursor	categorical	6623	62.17	"{""False"": 6617, ""True"": 6}"	computed_or_insufficient	0.01105	0.01062	0.00265	6623
payload.entry_candle_context.multi_timeframe_context.source_quality.observed_no_trade_minutes.contains:14:07	collected_raw_precursor	categorical	6623	62.17	"{""False"": 6603, ""True"": 20}"	computed_or_insufficient	0.02214	0.02136	0.00485	6623
payload.entry_candle_context.multi_timeframe_context.source_quality.observed_no_trade_minutes.contains:14:08	collected_raw_precursor	categorical	6623	62.17	"{""False"": 6617, ""True"": 6}"	computed_or_insufficient	0.02072	0.02132	0.00265	6623
payload.entry_candle_context.multi_timeframe_context.source_quality.observed_no_trade_minutes.contains:14:09	collected_raw_precursor	categorical	6623	62.17	"{""False"": 6620, ""True"": 3}"	computed_or_insufficient	0.0153	0.01504	0.00188	6623
payload.entry_candle_context.multi_timeframe_context.source_quality.observed_no_trade_minutes.contains:14:14	collected_raw_precursor	categorical	6623	62.17	"{""False"": 6622, ""True"": 1}"	computed_or_insufficient	0.00883	0.00868	0.00108	6623
payload.entry_candle_context.multi_timeframe_context.source_quality.observed_no_trade_minutes.contains:14:20	collected_raw_precursor	categorical	6623	62.17	"{""False"": 6617, ""True"": 6}"	computed_or_insufficient	0.01105	0.01062	0.00265	6623
payload.entry_candle_context.multi_timeframe_context.source_quality.observed_no_trade_minutes.contains:14:21	collected_raw_precursor	categorical	6623	62.17	"{""False"": 6620, ""True"": 3}"	computed_or_insufficient	0.00033	2e-05	0.00188	6623
payload.entry_candle_context.multi_timeframe_context.source_quality.observed_no_trade_minutes.contains:14:22	collected_raw_precursor	categorical	6623	62.17	"{""False"": 6591, ""True"": 32}"	computed_or_insufficient	0.02251	0.0215	0.00614	6623
payload.entry_candle_context.multi_timeframe_context.source_quality.observed_no_trade_minutes.contains:14:23	collected_raw_precursor	categorical	6623	62.17	"{""False"": 6617, ""True"": 6}"	computed_or_insufficient	0.00046	3e-05	0.00265	6623
payload.entry_candle_context.multi_timeframe_context.source_quality.observed_no_trade_minutes.contains:14:26	collected_raw_precursor	categorical	6623	62.17	"{""False"": 6622, ""True"": 1}"	computed_or_insufficient	0.00883	0.00868	0.00108	6623
payload.entry_candle_context.multi_timeframe_context.source_quality.observed_no_trade_minutes.contains:14:28	collected_raw_precursor	categorical	6623	62.17	"{""False"": 6613, ""True"": 10}"	computed_or_insufficient	0.01154	0.01097	0.00343	6623
payload.entry_candle_context.multi_timeframe_context.source_quality.observed_no_trade_minutes.contains:14:30	collected_raw_precursor	categorical	6623	62.17	"{""False"": 6617, ""True"": 6}"	computed_or_insufficient	0.01105	0.01062	0.00265	6623
payload.entry_candle_context.multi_timeframe_context.source_quality.observed_no_trade_minutes.contains:14:31	collected_raw_precursor	categorical	6623	62.17	"{""False"": 6620, ""True"": 3}"	computed_or_insufficient	0.0153	0.01504	0.00188	6623
payload.entry_candle_context.multi_timeframe_context.source_quality.observed_no_trade_minutes.contains:14:32	collected_raw_precursor	categorical	6623	62.17	"{""False"": 6622, ""True"": 1}"	computed_or_insufficient	0.00883	0.00868	0.00108	6623
payload.entry_candle_context.multi_timeframe_context.source_quality.observed_no_trade_minutes.contains:14:35	collected_raw_precursor	categorical	6623	62.17	"{""False"": 6614, ""True"": 9}"	computed_or_insufficient	0.01787	0.01736	0.00325	6623
payload.entry_candle_context.multi_timeframe_context.source_quality.observed_no_trade_minutes.contains:14:37	collected_raw_precursor	categorical	6623	62.17	"{""False"": 6613, ""True"": 10}"	computed_or_insufficient	0.01154	0.01097	0.00343	6623
payload.entry_candle_context.multi_timeframe_context.source_quality.observed_no_trade_minutes.contains:14:38	collected_raw_precursor	categorical	6623	62.17	"{""False"": 6617, ""True"": 6}"	computed_or_insufficient	0.01105	0.01062	0.00265	6623
payload.entry_candle_context.multi_timeframe_context.source_quality.observed_no_trade_minutes.contains:14:42	collected_raw_precursor	categorical	6623	62.17	"{""False"": 6617, ""True"": 6}"	computed_or_insufficient	0.01105	0.01062	0.00265	6623
payload.entry_candle_context.multi_timeframe_context.source_quality.observed_no_trade_minutes.contains:14:45	collected_raw_precursor	categorical	6623	62.17	"{""False"": 6622, ""True"": 1}"	computed_or_insufficient	0.00883	0.00868	0.00108	6623
payload.entry_candle_context.multi_timeframe_context.source_quality.observed_no_trade_minutes.contains:14:46	collected_raw_precursor	categorical	6623	62.17	"{""False"": 6618, ""True"": 5}"	computed_or_insufficient	0.00816	0.00775	0.00242	6623
payload.entry_candle_context.multi_timeframe_context.source_quality.observed_no_trade_minutes.contains:14:52	collected_raw_precursor	categorical	6623	62.17	"{""False"": 6620, ""True"": 3}"	computed_or_insufficient	0.00033	2e-05	0.00188	6623
payload.entry_candle_context.multi_timeframe_context.source_quality.observed_no_trade_minutes.contains:16:01	collected_raw_precursor	categorical	6623	62.17	"{""False"": 6480, ""True"": 143}"	computed_or_insufficient	0.02255	0.02511	0.01309	6623
payload.entry_candle_context.multi_timeframe_context.source_quality.observed_no_trade_minutes.contains:16:02	collected_raw_precursor	categorical	6623	62.17	"{""False"": 6621, ""True"": 2}"	computed_or_insufficient	0.00584	0.00616	0.00153	6623
payload.entry_candle_context.multi_timeframe_context.source_quality.observed_no_trade_minutes.contains:16:03	collected_raw_precursor	categorical	6623	62.17	"{""False"": 6519, ""True"": 104}"	computed_or_insufficient	0.0066	0.0087	0.01113	6623
payload.entry_candle_context.multi_timeframe_context.source_quality.observed_no_trade_minutes.contains:16:04	collected_raw_precursor	categorical	6623	62.17	"{""False"": 6622, ""True"": 1}"	computed_or_insufficient	0.00883	0.00868	0.00108	6623
payload.entry_candle_context.multi_timeframe_context.source_quality.observed_no_trade_minutes.contains:16:05	collected_raw_precursor	categorical	6623	62.17	"{""False"": 6620, ""True"": 3}"	computed_or_insufficient	0.01465	0.01508	0.00188	6623
payload.entry_candle_context.multi_timeframe_context.source_quality.observed_no_trade_minutes.contains:16:07	collected_raw_precursor	categorical	6623	62.17	"{""False"": 6517, ""True"": 106}"	computed_or_insufficient	0.00734	0.00947	0.01123	6623
payload.entry_candle_context.multi_timeframe_context.source_quality.observed_no_trade_minutes.contains:16:08	collected_raw_precursor	categorical	6623	62.17	"{""False"": 6596, ""True"": 27}"	computed_or_insufficient	0.00599	0.00497	0.00564	6623
payload.entry_candle_context.multi_timeframe_context.source_quality.observed_no_trade_minutes.contains:16:09	collected_raw_precursor	categorical	6623	62.17	"{""False"": 6610, ""True"": 13}"	computed_or_insufficient	0.00412	0.00486	0.00391	6623
payload.entry_candle_context.multi_timeframe_context.source_quality.observed_no_trade_minutes.contains:16:10	collected_raw_precursor	categorical	6623	62.17	"{""False"": 6517, ""True"": 106}"	computed_or_insufficient	0.00988	0.01202	0.01123	6623
payload.entry_candle_context.multi_timeframe_context.source_quality.observed_no_trade_minutes.contains:16:12	collected_raw_precursor	categorical	6623	62.17	"{""False"": 6616, ""True"": 7}"	computed_or_insufficient	0.01584	0.01646	0.00287	6623
payload.entry_candle_context.multi_timeframe_context.source_quality.observed_no_trade_minutes.contains:16:13	collected_raw_precursor	categorical	6623	62.17	"{""False"": 6517, ""True"": 106}"	computed_or_insufficient	0.00481	0.00692	0.01123	6623
payload.entry_candle_context.multi_timeframe_context.source_quality.observed_no_trade_minutes.contains:16:15	collected_raw_precursor	categorical	6623	62.17	"{""False"": 6620, ""True"": 3}"	computed_or_insufficient	0.01465	0.01508	0.00188	6623
payload.entry_candle_context.multi_timeframe_context.source_quality.observed_no_trade_minutes.contains:16:16	collected_raw_precursor	categorical	6623	62.17	"{""False"": 6612, ""True"": 11}"	computed_or_insufficient	0.00584	0.00521	0.00359	6623
payload.entry_candle_context.multi_timeframe_context.source_quality.observed_no_trade_minutes.contains:16:17	collected_raw_precursor	categorical	6623	62.17	"{""False"": 6610, ""True"": 13}"	computed_or_insufficient	0.00308	0.00238	0.00391	6623
payload.entry_candle_context.multi_timeframe_context.source_quality.observed_no_trade_minutes.contains:16:18	collected_raw_precursor	categorical	6623	62.17	"{""False"": 6517, ""True"": 106}"	computed_or_insufficient	0.00734	0.00947	0.01123	6623
payload.entry_candle_context.multi_timeframe_context.source_quality.observed_no_trade_minutes.contains:16:19	collected_raw_precursor	categorical	6623	62.17	"{""False"": 6613, ""True"": 10}"	computed_or_insufficient	0.00487	0.00553	0.00343	6623
payload.entry_candle_context.multi_timeframe_context.source_quality.observed_no_trade_minutes.contains:16:21	collected_raw_precursor	categorical	6623	62.17	"{""False"": 6621, ""True"": 2}"	computed_or_insufficient	0.01249	0.01228	0.00153	6623
payload.entry_candle_context.multi_timeframe_context.source_quality.observed_no_trade_minutes.contains:16:22	collected_raw_precursor	categorical	6623	62.17	"{""False"": 6622, ""True"": 1}"	computed_or_insufficient	0.0171	0.01739	0.00108	6623
payload.entry_candle_context.multi_timeframe_context.source_quality.observed_no_trade_minutes.contains:16:23	collected_raw_precursor	categorical	6623	62.17	"{""False"": 6622, ""True"": 1}"	computed_or_insufficient	0.00883	0.00868	0.00108	6623
payload.entry_candle_context.multi_timeframe_context.source_quality.observed_no_trade_minutes.contains:16:24	collected_raw_precursor	categorical	6623	62.17	"{""False"": 6619, ""True"": 4}"	computed_or_insufficient	0.01767	0.01737	0.00217	6623
payload.entry_candle_context.multi_timeframe_context.source_quality.observed_no_trade_minutes.contains:16:25	collected_raw_precursor	categorical	6623	62.17	"{""False"": 6621, ""True"": 2}"	computed_or_insufficient	0.01249	0.01228	0.00153	6623
payload.entry_candle_context.multi_timeframe_context.source_quality.observed_no_trade_minutes.contains:16:26	collected_raw_precursor	categorical	6623	62.17	"{""False"": 6620, ""True"": 3}"	computed_or_insufficient	0.0153	0.01504	0.00188	6623
payload.entry_candle_context.multi_timeframe_context.source_quality.observed_no_trade_minutes.contains:16:27	collected_raw_precursor	categorical	6623	62.17	"{""False"": 6612, ""True"": 11}"	computed_or_insufficient	0.00584	0.00521	0.00359	6623
payload.entry_candle_context.multi_timeframe_context.source_quality.observed_no_trade_minutes.contains:16:29	collected_raw_precursor	categorical	6623	62.17	"{""False"": 6612, ""True"": 11}"	computed_or_insufficient	0.00584	0.00521	0.00359	6623
payload.entry_candle_context.multi_timeframe_context.source_quality.observed_no_trade_minutes.contains:16:30	collected_raw_precursor	categorical	6623	62.17	"{""False"": 6601, ""True"": 22}"	computed_or_insufficient	0.01381	0.01294	0.00509	6623
payload.entry_candle_context.multi_timeframe_context.source_quality.observed_no_trade_minutes.contains:16:31	collected_raw_precursor	categorical	6623	62.17	"{""False"": 6607, ""True"": 16}"	computed_or_insufficient	0.01006	0.00439	0.03085	6623
payload.entry_candle_context.multi_timeframe_context.source_quality.observed_no_trade_minutes.contains:16:33	collected_raw_precursor	categorical	6623	62.17	"{""False"": 6622, ""True"": 1}"	computed_or_insufficient	0.00883	0.00868	0.00108	6623
payload.entry_candle_context.multi_timeframe_context.source_quality.observed_no_trade_minutes.contains:16:34	collected_raw_precursor	categorical	6623	62.17	"{""False"": 6610, ""True"": 13}"	computed_or_insufficient	0.00308	0.00238	0.00391	6623
payload.entry_candle_context.multi_timeframe_context.source_quality.observed_no_trade_minutes.contains:16:35	collected_raw_precursor	categorical	6623	62.17	"{""False"": 6614, ""True"": 9}"	computed_or_insufficient	0.01787	0.01736	0.00325	6623
payload.entry_candle_context.multi_timeframe_context.source_quality.observed_no_trade_minutes.contains:16:36	collected_raw_precursor	categorical	6623	62.17	"{""False"": 6518, ""True"": 105}"	computed_or_insufficient	0.0057	0.0078	0.01118	6623
payload.entry_candle_context.multi_timeframe_context.source_quality.observed_no_trade_minutes.contains:16:37	collected_raw_precursor	categorical	6623	62.17	"{""False"": 6609, ""True"": 14}"	computed_or_insufficient	0.0016	0.00236	0.00405	6623
payload.entry_candle_context.multi_timeframe_context.source_quality.observed_no_trade_minutes.contains:16:38	collected_raw_precursor	categorical	6623	62.17	"{""False"": 6617, ""True"": 6}"	computed_or_insufficient	0.00046	3e-05	0.00265	6623
payload.entry_candle_context.multi_timeframe_context.source_quality.observed_no_trade_minutes.contains:16:39	collected_raw_precursor	categorical	6623	62.17	"{""False"": 6608, ""True"": 15}"	computed_or_insufficient	0.00073	4e-05	0.0042	6623
payload.entry_candle_context.multi_timeframe_context.source_quality.observed_no_trade_minutes.contains:16:40	collected_raw_precursor	categorical	6623	62.17	"{""False"": 6611, ""True"": 12}"	computed_or_insufficient	0.00815	0.0075	0.00375	6623
payload.entry_candle_context.multi_timeframe_context.source_quality.observed_no_trade_minutes.contains:16:41	collected_raw_precursor	categorical	6623	62.17	"{""False"": 6620, ""True"": 3}"	computed_or_insufficient	0.01465	0.01508	0.00188	6623
payload.entry_candle_context.multi_timeframe_context.source_quality.observed_no_trade_minutes.contains:16:42	collected_raw_precursor	categorical	6623	62.17	"{""False"": 6620, ""True"": 3}"	computed_or_insufficient	0.01465	0.01508	0.00188	6623
payload.entry_candle_context.multi_timeframe_context.source_quality.observed_no_trade_minutes.contains:16:44	collected_raw_precursor	categorical	6623	62.17	"{""False"": 6610, ""True"": 13}"	computed_or_insufficient	0.00308	0.00238	0.00391	6623
payload.entry_candle_context.multi_timeframe_context.source_quality.observed_no_trade_minutes.contains:16:45	collected_raw_precursor	categorical	6623	62.17	"{""False"": 6622, ""True"": 1}"	computed_or_insufficient	0.00883	0.00868	0.00108	6623
payload.entry_candle_context.multi_timeframe_context.source_quality.observed_no_trade_minutes.contains:16:46	collected_raw_precursor	categorical	6623	62.17	"{""False"": 6498, ""True"": 125}"	computed_or_insufficient	0.00136	0.0009	0.01222	6623
payload.entry_candle_context.multi_timeframe_context.source_quality.observed_no_trade_minutes.contains:16:47	collected_raw_precursor	categorical	6623	62.17	"{""False"": 6621, ""True"": 2}"	computed_or_insufficient	0.01249	0.01228	0.00153	6623
payload.entry_candle_context.multi_timeframe_context.source_quality.observed_no_trade_minutes.contains:16:48	collected_raw_precursor	categorical	6623	62.17	"{""False"": 6612, ""True"": 11}"	computed_or_insufficient	0.02149	0.02095	0.00359	6623
payload.entry_candle_context.multi_timeframe_context.source_quality.observed_no_trade_minutes.contains:16:49	collected_raw_precursor	categorical	6623	62.17	"{""False"": 6612, ""True"": 11}"	computed_or_insufficient	0.02149	0.02095	0.00359	6623
payload.entry_candle_context.multi_timeframe_context.source_quality.observed_no_trade_minutes.contains:16:50	collected_raw_precursor	categorical	6623	62.17	"{""False"": 6517, ""True"": 106}"	computed_or_insufficient	0.00734	0.00947	0.01123	6623
payload.entry_candle_context.multi_timeframe_context.source_quality.observed_no_trade_minutes.contains:16:51	collected_raw_precursor	categorical	6623	62.17	"{""False"": 6610, ""True"": 13}"	computed_or_insufficient	0.00308	0.00238	0.00391	6623
payload.entry_candle_context.multi_timeframe_context.source_quality.observed_no_trade_minutes.contains:16:52	collected_raw_precursor	categorical	6623	62.17	"{""False"": 6612, ""True"": 11}"	computed_or_insufficient	0.00584	0.00521	0.00359	6623
payload.entry_candle_context.multi_timeframe_context.source_quality.observed_no_trade_minutes.contains:16:53	collected_raw_precursor	categorical	6623	62.17	"{""False"": 6616, ""True"": 7}"	computed_or_insufficient	0.03545	0.03618	0.00287	6623
payload.entry_candle_context.multi_timeframe_context.source_quality.observed_no_trade_minutes.contains:16:54	collected_raw_precursor	categorical	6623	62.17	"{""False"": 6611, ""True"": 12}"	computed_or_insufficient	0.00815	0.0075	0.00375	6623
payload.entry_candle_context.multi_timeframe_context.source_quality.observed_no_trade_minutes.contains:16:55	collected_raw_precursor	categorical	6623	62.17	"{""False"": 6518, ""True"": 105}"	computed_or_insufficient	0.00315	0.00524	0.01118	6623
payload.entry_candle_context.multi_timeframe_context.source_quality.observed_no_trade_minutes.contains:16:56	collected_raw_precursor	categorical	6623	62.17	"{""False"": 6622, ""True"": 1}"	computed_or_insufficient	0.00883	0.00868	0.00108	6623
payload.entry_candle_context.multi_timeframe_context.source_quality.observed_no_trade_minutes.contains:16:57	collected_raw_precursor	categorical	6623	62.17	"{""False"": 6520, ""True"": 103}"	computed_or_insufficient	0.00493	0.00701	0.01107	6623
payload.entry_candle_context.multi_timeframe_context.source_quality.observed_no_trade_minutes.contains:16:58	collected_raw_precursor	categorical	6623	62.17	"{""False"": 6498, ""True"": 125}"	computed_or_insufficient	0.00136	0.0009	0.01222	6623
payload.entry_candle_context.multi_timeframe_context.source_quality.observed_no_trade_minutes.contains:16:59	collected_raw_precursor	categorical	6623	62.17	"{""False"": 6621, ""True"": 2}"	computed_or_insufficient	0.02418	0.0246	0.00153	6623
payload.entry_candle_context.multi_timeframe_context.source_quality.observed_no_trade_minutes.contains:17:00	collected_raw_precursor	categorical	6623	62.17	"{""False"": 6621, ""True"": 2}"	computed_or_insufficient	0.00584	0.00616	0.00153	6623
payload.entry_candle_context.multi_timeframe_context.source_quality.observed_no_trade_minutes.contains:17:01	collected_raw_precursor	categorical	6623	62.17	"{""False"": 6617, ""True"": 6}"	computed_or_insufficient	0.01105	0.01062	0.00265	6623
payload.entry_candle_context.multi_timeframe_context.source_quality.observed_no_trade_minutes.contains:17:02	collected_raw_precursor	categorical	6623	62.17	"{""False"": 6622, ""True"": 1}"	computed_or_insufficient	0.0171	0.01739	0.00108	6623
payload.entry_candle_context.multi_timeframe_context.source_quality.observed_no_trade_minutes.contains:17:03	collected_raw_precursor	categorical	6623	62.17	"{""False"": 6621, ""True"": 2}"	computed_or_insufficient	0.00584	0.00616	0.00153	6623
payload.entry_candle_context.multi_timeframe_context.source_quality.observed_no_trade_minutes.contains:17:04	collected_raw_precursor	categorical	6623	62.17	"{""False"": 6622, ""True"": 1}"	computed_or_insufficient	0.00883	0.00868	0.00108	6623
payload.entry_candle_context.multi_timeframe_context.source_quality.observed_no_trade_minutes.contains:17:05	collected_raw_precursor	categorical	6623	62.17	"{""False"": 6619, ""True"": 4}"	computed_or_insufficient	0.0047	0.00433	0.00217	6623
payload.entry_candle_context.multi_timeframe_context.source_quality.observed_no_trade_minutes.contains:17:06	collected_raw_precursor	categorical	6623	62.17	"{""False"": 6610, ""True"": 13}"	computed_or_insufficient	0.01131	0.0121	0.00391	6623
payload.entry_candle_context.multi_timeframe_context.source_quality.observed_no_trade_minutes.contains:17:07	collected_raw_precursor	categorical	6623	62.17	"{""False"": 6622, ""True"": 1}"	computed_or_insufficient	0.0171	0.01739	0.00108	6623
payload.entry_candle_context.multi_timeframe_context.source_quality.observed_no_trade_minutes.contains:17:08	collected_raw_precursor	categorical	6623	62.17	"{""False"": 6612, ""True"": 11}"	computed_or_insufficient	0.02149	0.02095	0.00359	6623
payload.entry_candle_context.multi_timeframe_context.source_quality.observed_no_trade_minutes.contains:17:09	collected_raw_precursor	categorical	6623	62.17	"{""False"": 6620, ""True"": 3}"	computed_or_insufficient	0.00033	2e-05	0.00188	6623
payload.entry_candle_context.multi_timeframe_context.source_quality.observed_no_trade_minutes.contains:17:11	collected_raw_precursor	categorical	6623	62.17	"{""False"": 6622, ""True"": 1}"	computed_or_insufficient	0.00883	0.00868	0.00108	6623
payload.entry_candle_context.multi_timeframe_context.source_quality.observed_no_trade_minutes.contains:17:12	collected_raw_precursor	categorical	6623	62.17	"{""False"": 6622, ""True"": 1}"	computed_or_insufficient	0.00883	0.00868	0.00108	6623
payload.entry_candle_context.multi_timeframe_context.source_quality.observed_no_trade_minutes.contains:17:13	collected_raw_precursor	categorical	6623	62.17	"{""False"": 6614, ""True"": 9}"	computed_or_insufficient	0.01787	0.01736	0.00325	6623
payload.entry_candle_context.multi_timeframe_context.source_quality.observed_no_trade_minutes.contains:17:14	collected_raw_precursor	categorical	6623	62.17	"{""False"": 6621, ""True"": 2}"	computed_or_insufficient	0.02418	0.0246	0.00153	6623
payload.entry_candle_context.multi_timeframe_context.source_quality.observed_no_trade_minutes.contains:17:16	collected_raw_precursor	categorical	6623	62.17	"{""False"": 6622, ""True"": 1}"	computed_or_insufficient	0.0171	0.01739	0.00108	6623
payload.entry_candle_context.multi_timeframe_context.source_quality.observed_no_trade_minutes.contains:17:17	collected_raw_precursor	categorical	6623	62.17	"{""False"": 6619, ""True"": 4}"	computed_or_insufficient	0.02123	0.02176	0.00217	6623
payload.entry_candle_context.multi_timeframe_context.source_quality.observed_no_trade_minutes.contains:17:19	collected_raw_precursor	categorical	6623	62.17	"{""False"": 6470, ""True"": 153}"	computed_or_insufficient	0.02146	0.0212	0.00205	6623
payload.entry_candle_context.multi_timeframe_context.source_quality.observed_no_trade_minutes.contains:17:20	collected_raw_precursor	categorical	6623	62.17	"{""False"": 6622, ""True"": 1}"	computed_or_insufficient	0.00883	0.00868	0.00108	6623
payload.entry_candle_context.multi_timeframe_context.source_quality.observed_no_trade_minutes.contains:17:21	collected_raw_precursor	categorical	6623	62.17	"{""False"": 6622, ""True"": 1}"	computed_or_insufficient	0.00883	0.00868	0.00108	6623
payload.entry_candle_context.multi_timeframe_context.source_quality.observed_no_trade_minutes.contains:17:22	collected_raw_precursor	categorical	6623	62.17	"{""False"": 6621, ""True"": 2}"	computed_or_insufficient	0.02418	0.0246	0.00153	6623
payload.entry_candle_context.multi_timeframe_context.source_quality.observed_no_trade_minutes.contains:17:24	collected_raw_precursor	categorical	6623	62.17	"{""False"": 6615, ""True"": 8}"	computed_or_insufficient	0.01582	0.01534	0.00306	6623
payload.entry_candle_context.multi_timeframe_context.source_quality.observed_no_trade_minutes.contains:17:27	collected_raw_precursor	categorical	6623	62.17	"{""False"": 6619, ""True"": 4}"	computed_or_insufficient	0.00827	0.00872	0.00217	6623
payload.entry_candle_context.multi_timeframe_context.source_quality.observed_no_trade_minutes.contains:17:28	collected_raw_precursor	categorical	6623	62.17	"{""False"": 6621, ""True"": 2}"	computed_or_insufficient	0.02418	0.0246	0.00153	6623
payload.entry_candle_context.multi_timeframe_context.source_quality.observed_no_trade_minutes.contains:17:29	collected_raw_precursor	categorical	6623	62.17	"{""False"": 6621, ""True"": 2}"	computed_or_insufficient	0.00584	0.00616	0.00153	6623
payload.entry_candle_context.multi_timeframe_context.source_quality.observed_no_trade_minutes.contains:17:30	collected_raw_precursor	categorical	6623	62.17	"{""False"": 6621, ""True"": 2}"	computed_or_insufficient	0.01249	0.01228	0.00153	6623
payload.entry_candle_context.multi_timeframe_context.source_quality.observed_no_trade_minutes.contains:17:31	collected_raw_precursor	categorical	6623	62.17	"{""False"": 6619, ""True"": 4}"	computed_or_insufficient	0.0047	0.00433	0.00217	6623
payload.entry_candle_context.multi_timeframe_context.source_quality.observed_no_trade_minutes.contains:17:32	collected_raw_precursor	categorical	6623	62.17	"{""False"": 6621, ""True"": 2}"	computed_or_insufficient	0.01249	0.01228	0.00153	6623
payload.entry_candle_context.multi_timeframe_context.source_quality.observed_no_trade_minutes.contains:17:33	collected_raw_precursor	categorical	6623	62.17	"{""False"": 6620, ""True"": 3}"	computed_or_insufficient	0.01465	0.01508	0.00188	6623
payload.entry_candle_context.multi_timeframe_context.source_quality.observed_no_trade_minutes.contains:17:34	collected_raw_precursor	categorical	6623	62.17	"{""False"": 6620, ""True"": 3}"	computed_or_insufficient	0.00033	2e-05	0.00188	6623
payload.entry_candle_context.multi_timeframe_context.source_quality.observed_no_trade_minutes.contains:17:35	collected_raw_precursor	categorical	6623	62.17	"{""False"": 6621, ""True"": 2}"	computed_or_insufficient	0.00584	0.00616	0.00153	6623
payload.entry_candle_context.multi_timeframe_context.source_quality.observed_no_trade_minutes.contains:17:36	collected_raw_precursor	categorical	6623	62.17	"{""False"": 6622, ""True"": 1}"	computed_or_insufficient	0.0171	0.01739	0.00108	6623
payload.entry_candle_context.multi_timeframe_context.source_quality.observed_no_trade_minutes.contains:17:37	collected_raw_precursor	categorical	6623	62.17	"{""False"": 6621, ""True"": 2}"	computed_or_insufficient	0.01249	0.01228	0.00153	6623
payload.entry_candle_context.multi_timeframe_context.source_quality.observed_no_trade_minutes.contains:17:38	collected_raw_precursor	categorical	6623	62.17	"{""False"": 6622, ""True"": 1}"	computed_or_insufficient	0.00883	0.00868	0.00108	6623
payload.entry_candle_context.multi_timeframe_context.source_quality.observed_no_trade_minutes.contains:17:39	collected_raw_precursor	categorical	6623	62.17	"{""False"": 6618, ""True"": 5}"	computed_or_insufficient	0.02664	0.01558	0.06047	6623
payload.entry_candle_context.multi_timeframe_context.source_quality.observed_no_trade_minutes.contains:17:40	collected_raw_precursor	categorical	6623	62.17	"{""False"": 6620, ""True"": 3}"	computed_or_insufficient	0.01465	0.01508	0.00188	6623
payload.entry_candle_context.multi_timeframe_context.source_quality.observed_no_trade_minutes.contains:17:41	collected_raw_precursor	categorical	6623	62.17	"{""False"": 6622, ""True"": 1}"	computed_or_insufficient	0.00883	0.00868	0.00108	6623
payload.entry_candle_context.multi_timeframe_context.source_quality.observed_no_trade_minutes.contains:17:42	collected_raw_precursor	categorical	6623	62.17	"{""False"": 6621, ""True"": 2}"	computed_or_insufficient	0.02418	0.0246	0.00153	6623
payload.entry_candle_context.multi_timeframe_context.source_quality.observed_no_trade_minutes.contains:17:43	collected_raw_precursor	categorical	6623	62.17	"{""False"": 6619, ""True"": 4}"	computed_or_insufficient	0.02123	0.02176	0.00217	6623
payload.entry_candle_context.multi_timeframe_context.source_quality.observed_no_trade_minutes.contains:17:44	collected_raw_precursor	categorical	6623	62.17	"{""False"": 6617, ""True"": 6}"	computed_or_insufficient	0.0419	0.04262	0.00265	6623
payload.entry_candle_context.multi_timeframe_context.source_quality.observed_no_trade_minutes.contains:17:45	collected_raw_precursor	categorical	6623	62.17	"{""False"": 6621, ""True"": 2}"	computed_or_insufficient	0.00584	0.00616	0.00153	6623
payload.entry_candle_context.multi_timeframe_context.source_quality.observed_no_trade_minutes.contains:17:46	collected_raw_precursor	categorical	6623	62.17	"{""False"": 6552, ""True"": 71}"	computed_or_insufficient	0.01604	0.01754	0.0076	6623
payload.entry_candle_context.multi_timeframe_context.source_quality.observed_no_trade_minutes.contains:17:47	collected_raw_precursor	categorical	6623	62.17	"{""False"": 6622, ""True"": 1}"	computed_or_insufficient	0.00883	0.00868	0.00108	6623
payload.entry_candle_context.multi_timeframe_context.source_quality.observed_no_trade_minutes.contains:17:48	collected_raw_precursor	categorical	6623	62.17	"{""False"": 6618, ""True"": 5}"	computed_or_insufficient	0.02664	0.01558	0.06047	6623
payload.entry_candle_context.multi_timeframe_context.source_quality.observed_no_trade_minutes.contains:17:50	collected_raw_precursor	categorical	6623	62.17	"{""False"": 6619, ""True"": 4}"	computed_or_insufficient	0.0047	0.00433	0.00217	6623
payload.entry_candle_context.multi_timeframe_context.source_quality.observed_no_trade_minutes.contains:17:51	collected_raw_precursor	categorical	6623	62.17	"{""False"": 6622, ""True"": 1}"	computed_or_insufficient	0.00883	0.00868	0.00108	6623
payload.entry_candle_context.multi_timeframe_context.source_quality.observed_no_trade_minutes.contains:17:52	collected_raw_precursor	categorical	6623	62.17	"{""False"": 6622, ""True"": 1}"	computed_or_insufficient	0.00883	0.00868	0.00108	6623
payload.entry_candle_context.multi_timeframe_context.source_quality.observed_no_trade_minutes.contains:17:53	collected_raw_precursor	categorical	6623	62.17	"{""False"": 6622, ""True"": 1}"	computed_or_insufficient	0.00883	0.00868	0.00108	6623
payload.entry_candle_context.multi_timeframe_context.source_quality.observed_no_trade_minutes.contains:17:54	collected_raw_precursor	categorical	6623	62.17	"{""False"": 6622, ""True"": 1}"	computed_or_insufficient	0.0171	0.01739	0.00108	6623
payload.entry_candle_context.multi_timeframe_context.source_quality.observed_no_trade_minutes.contains:17:55	collected_raw_precursor	categorical	6623	62.17	"{""False"": 6621, ""True"": 2}"	computed_or_insufficient	0.01249	0.01228	0.00153	6623
payload.entry_candle_context.multi_timeframe_context.source_quality.observed_no_trade_minutes.contains:17:56	collected_raw_precursor	categorical	6623	62.17	"{""False"": 6622, ""True"": 1}"	computed_or_insufficient	0.00883	0.00868	0.00108	6623
payload.entry_candle_context.multi_timeframe_context.source_quality.observed_no_trade_minutes.contains:17:57	collected_raw_precursor	categorical	6623	62.17	"{""False"": 6621, ""True"": 2}"	computed_or_insufficient	0.00584	0.00616	0.00153	6623
payload.entry_candle_context.multi_timeframe_context.source_quality.observed_no_trade_minutes.contains:17:59	collected_raw_precursor	categorical	6623	62.17	"{""False"": 6621, ""True"": 2}"	computed_or_insufficient	0.02418	0.0246	0.00153	6623
payload.entry_candle_context.multi_timeframe_context.source_quality.observed_no_trade_minutes.contains:18:01	collected_raw_precursor	categorical	6623	62.17	"{""False"": 6617, ""True"": 6}"	computed_or_insufficient	0.03131	0.02132	0.05476	6623
payload.entry_candle_context.multi_timeframe_context.source_quality.observed_no_trade_minutes.contains:18:02	collected_raw_precursor	categorical	6623	62.17	"{""False"": 6618, ""True"": 5}"	computed_or_insufficient	0.03824	0.02724	0.06047	6623
payload.entry_candle_context.multi_timeframe_context.source_quality.observed_no_trade_minutes.contains:18:03	collected_raw_precursor	categorical	6623	62.17	"{""False"": 6622, ""True"": 1}"	computed_or_insufficient	0.00883	0.00868	0.00108	6623
payload.entry_candle_context.multi_timeframe_context.source_quality.observed_no_trade_minutes.contains:18:04	collected_raw_precursor	categorical	6623	62.17	"{""False"": 6621, ""True"": 2}"	computed_or_insufficient	0.02418	0.0246	0.00153	6623
payload.entry_candle_context.multi_timeframe_context.source_quality.observed_no_trade_minutes.contains:18:05	collected_raw_precursor	categorical	6623	62.17	"{""False"": 6622, ""True"": 1}"	computed_or_insufficient	0.00883	0.00868	0.00108	6623
payload.entry_candle_context.multi_timeframe_context.source_quality.observed_no_trade_minutes.contains:18:07	collected_raw_precursor	categorical	6623	62.17	"{""False"": 6539, ""True"": 84}"	computed_or_insufficient	0.04381	0.03732	0.03632	6623
payload.entry_candle_context.multi_timeframe_context.source_quality.observed_no_trade_minutes.contains:18:09	collected_raw_precursor	categorical	6623	62.17	"{""False"": 6620, ""True"": 3}"	computed_or_insufficient	0.00033	2e-05	0.00188	6623
payload.entry_candle_context.multi_timeframe_context.source_quality.observed_no_trade_minutes.contains:18:10	collected_raw_precursor	categorical	6623	62.17	"{""False"": 6620, ""True"": 3}"	computed_or_insufficient	0.02962	0.03013	0.00188	6623
payload.entry_candle_context.multi_timeframe_context.source_quality.observed_no_trade_minutes.contains:18:12	collected_raw_precursor	categorical	6623	62.17	"{""False"": 6621, ""True"": 2}"	computed_or_insufficient	0.00584	0.00616	0.00153	6623
payload.entry_candle_context.multi_timeframe_context.source_quality.observed_no_trade_minutes.contains:18:13	collected_raw_precursor	categorical	6623	62.17	"{""False"": 6622, ""True"": 1}"	computed_or_insufficient	0.00883	0.00868	0.00108	6623
payload.entry_candle_context.multi_timeframe_context.source_quality.observed_no_trade_minutes.contains:18:14	collected_raw_precursor	categorical	6623	62.17	"{""False"": 6619, ""True"": 4}"	computed_or_insufficient	0.0342	0.02176	0.06814	6623
payload.entry_candle_context.multi_timeframe_context.source_quality.observed_no_trade_minutes.contains:18:15	collected_raw_precursor	categorical	6623	62.17	"{""False"": 6617, ""True"": 6}"	computed_or_insufficient	0.02072	0.01068	0.05476	6623
payload.entry_candle_context.multi_timeframe_context.source_quality.observed_no_trade_minutes.contains:18:16	collected_raw_precursor	categorical	6623	62.17	"{""False"": 6622, ""True"": 1}"	computed_or_insufficient	0.00883	0.00868	0.00108	6623
payload.entry_candle_context.multi_timeframe_context.source_quality.observed_no_trade_minutes.contains:18:19	collected_raw_precursor	categorical	6623	62.17	"{""False"": 6619, ""True"": 4}"	computed_or_insufficient	0.0047	0.00433	0.00217	6623
payload.entry_candle_context.multi_timeframe_context.source_quality.observed_no_trade_minutes.contains:18:20	collected_raw_precursor	categorical	6623	62.17	"{""False"": 6617, ""True"": 6}"	computed_or_insufficient	0.02072	0.01068	0.05476	6623
payload.entry_candle_context.multi_timeframe_context.source_quality.observed_no_trade_minutes.contains:18:21	collected_raw_precursor	categorical	6623	62.17	"{""False"": 6622, ""True"": 1}"	computed_or_insufficient	0.0171	0.01739	0.00108	6623
payload.entry_candle_context.multi_timeframe_context.source_quality.observed_no_trade_minutes.contains:18:22	collected_raw_precursor	categorical	6623	62.17	"{""False"": 6617, ""True"": 6}"	computed_or_insufficient	0.02072	0.01068	0.05476	6623
payload.entry_candle_context.multi_timeframe_context.source_quality.observed_no_trade_minutes.contains:18:23	collected_raw_precursor	categorical	6623	62.17	"{""False"": 6618, ""True"": 5}"	computed_or_insufficient	0.03824	0.02724	0.06047	6623
payload.entry_candle_context.multi_timeframe_context.source_quality.observed_no_trade_minutes.contains:18:24	collected_raw_precursor	categorical	6623	62.17	"{""False"": 6622, ""True"": 1}"	computed_or_insufficient	0.00883	0.00868	0.00108	6623
payload.entry_candle_context.multi_timeframe_context.source_quality.observed_no_trade_minutes.contains:18:28	collected_raw_precursor	categorical	6623	62.17	"{""False"": 6622, ""True"": 1}"	computed_or_insufficient	0.00883	0.00868	0.00108	6623
payload.entry_candle_context.multi_timeframe_context.source_quality.observed_no_trade_minutes.contains:18:30	collected_raw_precursor	categorical	6623	62.17	"{""False"": 6579, ""True"": 44}"	computed_or_insufficient	0.02358	0.02505	0.0072	6623
payload.entry_candle_context.multi_timeframe_context.source_quality.observed_no_trade_minutes.contains:18:31	collected_raw_precursor	categorical	6623	62.17	"{""False"": 6621, ""True"": 2}"	computed_or_insufficient	0.01249	0.01228	0.00153	6623
payload.entry_candle_context.multi_timeframe_context.source_quality.observed_no_trade_minutes.contains:18:34	collected_raw_precursor	categorical	6623	62.17	"{""False"": 6619, ""True"": 4}"	computed_or_insufficient	0.0342	0.02176	0.06814	6623
payload.entry_candle_context.multi_timeframe_context.source_quality.observed_no_trade_minutes.contains:18:35	collected_raw_precursor	categorical	6623	62.17	"{""False"": 6622, ""True"": 1}"	computed_or_insufficient	0.00883	0.00868	0.00108	6623
payload.entry_candle_context.multi_timeframe_context.source_quality.observed_no_trade_minutes.contains:18:36	collected_raw_precursor	categorical	6623	62.17	"{""False"": 6622, ""True"": 1}"	computed_or_insufficient	0.0171	0.01739	0.00108	6623
payload.entry_candle_context.multi_timeframe_context.source_quality.observed_no_trade_minutes.contains:18:37	collected_raw_precursor	categorical	6623	62.17	"{""False"": 6619, ""True"": 4}"	computed_or_insufficient	0.0342	0.02176	0.06814	6623
payload.entry_candle_context.multi_timeframe_context.source_quality.observed_no_trade_minutes.contains:18:39	collected_raw_precursor	categorical	6623	62.17	"{""False"": 6622, ""True"": 1}"	computed_or_insufficient	0.00883	0.00868	0.00108	6623
payload.entry_candle_context.multi_timeframe_context.source_quality.observed_no_trade_minutes.contains:18:40	collected_raw_precursor	categorical	6623	62.17	"{""False"": 6618, ""True"": 5}"	computed_or_insufficient	0.02664	0.01558	0.06047	6623
payload.entry_candle_context.multi_timeframe_context.source_quality.observed_no_trade_minutes.contains:18:41	collected_raw_precursor	categorical	6623	62.17	"{""False"": 6622, ""True"": 1}"	computed_or_insufficient	0.00883	0.00868	0.00108	6623
payload.entry_candle_context.multi_timeframe_context.source_quality.observed_no_trade_minutes.contains:18:42	collected_raw_precursor	categorical	6623	62.17	"{""False"": 6618, ""True"": 5}"	computed_or_insufficient	0.02664	0.01558	0.06047	6623
payload.entry_candle_context.multi_timeframe_context.source_quality.observed_no_trade_minutes.contains:18:44	collected_raw_precursor	categorical	6623	62.17	"{""False"": 6622, ""True"": 1}"	computed_or_insufficient	0.0171	0.01739	0.00108	6623
payload.entry_candle_context.multi_timeframe_context.source_quality.observed_no_trade_minutes.contains:18:46	collected_raw_precursor	categorical	6623	62.17	"{""False"": 6622, ""True"": 1}"	computed_or_insufficient	0.0171	0.01739	0.00108	6623
payload.entry_candle_context.multi_timeframe_context.source_quality.observed_no_trade_minutes.contains:18:47	collected_raw_precursor	categorical	6623	62.17	"{""False"": 6622, ""True"": 1}"	computed_or_insufficient	0.00883	0.00868	0.00108	6623
payload.entry_candle_context.multi_timeframe_context.source_quality.observed_no_trade_minutes.contains:18:50	collected_raw_precursor	categorical	6623	62.17	"{""False"": 6622, ""True"": 1}"	computed_or_insufficient	0.00883	0.00868	0.00108	6623
payload.entry_candle_context.multi_timeframe_context.source_quality.observed_no_trade_minutes.contains:18:54	collected_raw_precursor	categorical	6623	62.17	"{""False"": 6621, ""True"": 2}"	computed_or_insufficient	0.00584	0.00616	0.00153	6623
payload.entry_candle_context.multi_timeframe_context.source_quality.observed_no_trade_minutes.contains:18:56	collected_raw_precursor	categorical	6623	62.17	"{""False"": 6622, ""True"": 1}"	computed_or_insufficient	0.00883	0.00868	0.00108	6623
payload.entry_candle_context.multi_timeframe_context.source_quality.observed_no_trade_minutes.contains:18:57	collected_raw_precursor	categorical	6623	62.17	"{""False"": 6621, ""True"": 2}"	computed_or_insufficient	0.02418	0.0246	0.00153	6623
payload.entry_candle_context.multi_timeframe_context.source_quality.observed_no_trade_minutes.contains:19:00	collected_raw_precursor	categorical	6623	62.17	"{""False"": 6622, ""True"": 1}"	computed_or_insufficient	0.00883	0.00868	0.00108	6623
payload.entry_candle_context.multi_timeframe_context.source_quality.observed_no_trade_minutes.contains:19:07	collected_raw_precursor	categorical	6623	62.17	"{""False"": 6619, ""True"": 4}"	computed_or_insufficient	0.0342	0.02176	0.06814	6623
payload.entry_candle_context.multi_timeframe_context.source_quality.observed_no_trade_minutes.contains:19:08	collected_raw_precursor	categorical	6623	62.17	"{""False"": 6611, ""True"": 12}"	computed_or_insufficient	0.01433	0.0151	0.00375	6623
payload.entry_candle_context.multi_timeframe_context.source_quality.observed_no_trade_minutes.length	collected_raw_precursor	numeric	6623	62.17	"{""max"": 60.0, ""mean"": 3.6931903971010116, ""min"": 1.0}"	computed_or_insufficient	0.06957	-0.06706	-0.01565	6623
payload.entry_candle_context.multi_timeframe_context.source_quality.scheduled_call_auction_gap_count	collected_raw_precursor	numeric	14480	17.3	"{""max"": 0.0, ""mean"": 0.0, ""min"": 0.0}"	computed_or_insufficient				14480
payload.entry_candle_context.multi_timeframe_context.source_quality.status	collected_raw_precursor	categorical	14480	17.3	"{""pass"": 13537, ""source_quality_blocked"": 943}"	computed_or_insufficient	0.02554	0.02297	0.01539	14480
payload.entry_candle_context.regime	collected_raw_precursor	categorical	14480	17.3	"{""breakout"": 1473, ""downtrend_bounce"": 641, ""failed_breakout"": 4794, ""healthy_pullback"": 890, ""lower_high_distribution"": 1858, ""opening_flow"": 24, ""range"": 4800}"	computed_or_insufficient	0.52997	0.52125	0.13944	14480
payload.entry_candle_context.request_code	collected_raw_precursor	categorical	17025	2.76	{}	high_cardinality				17025
payload.entry_candle_context.rest_route	collected_raw_precursor	categorical	17025	2.76	"{""KRX"": 9295, ""_AL"": 6762, ""_NX"": 968}"	computed_or_insufficient	0.07128	0.06829	0.01806	17025
payload.entry_candle_context.risk_flags.contains:sparse_observed_minutes	collected_raw_precursor	categorical	10169	41.92	"{""False"": 1554, ""True"": 8615}"	computed_or_insufficient	0.27872	0.24792	0.11884	10169
payload.entry_candle_context.risk_flags.length	collected_raw_precursor	numeric	10169	41.92	"{""max"": 1.0, ""mean"": 0.847182613826335, ""min"": 0.0}"	computed_or_insufficient	0.27872	-0.24792	-0.11884	10169
payload.entry_candle_context.route_equivalence	collected_raw_precursor	categorical	17025	2.76	"{""not_proven"": 16057, ""nxt_premarket_integrated_ws_to_nx_rest"": 968}"	computed_or_insufficient	0.00296	0.00026	0.01146	17025
payload.entry_candle_context.sample_mode	collected_raw_precursor	categorical	17025	2.76	"{""full_structure"": 16513, ""opening_flow_only"": 35, ""short_structure"": 477}"	computed_or_insufficient	0.00728	0.01003	0.01491	17025
payload.entry_candle_context.schema	collected_raw_precursor	categorical	17025	2.76	"{""entry_candle_context_v1"": 17025}"	computed_or_insufficient				17025
payload.entry_candle_context.session	collected_raw_precursor	categorical	17025	2.76	"{""krx_nxt_aftermarket"": 3083, ""krx_regular"": 12974, ""premarket_krx_like"": 968}"	computed_or_insufficient	0.06775	0.06905	0.01221	17025
payload.entry_candle_context.source_quality.blockers.length	collected_raw_precursor	numeric	2545	85.46	"{""max"": 0.0, ""mean"": 0.0, ""min"": 0.0}"	computed_or_insufficient				2545
payload.entry_candle_context.source_quality.decision_window.blockers.length	collected_raw_precursor	numeric	2545	85.46	"{""max"": 0.0, ""mean"": 0.0, ""min"": 0.0}"	computed_or_insufficient				2545
payload.entry_candle_context.source_quality.decision_window.completed_bar_count	collected_raw_precursor	numeric	17025	2.76	"{""max"": 61.0, ""mean"": 53.74960352422907, ""min"": 0.0}"	computed_or_insufficient	0.00089	-0.00084	-0.00025	17025
payload.entry_candle_context.source_quality.decision_window.end_timestamp	collected_raw_precursor	categorical	17022	2.78	{}	identity_or_clock				17022
payload.entry_candle_context.source_quality.decision_window.horizon_minutes	collected_raw_precursor	numeric	17025	2.76	"{""max"": 60.0, ""mean"": 60.0, ""min"": 60.0}"	computed_or_insufficient				17025
payload.entry_candle_context.source_quality.decision_window.max_consecutive_missing_bar_count	collected_raw_precursor	numeric	17025	2.76	"{""max"": 117.0, ""mean"": 0.8661380323054332, ""min"": 0.0}"	computed_or_insufficient	0.01796	-0.01469	-0.01419	17025
payload.entry_candle_context.source_quality.decision_window.minute_bar_policy	collected_raw_precursor	categorical	17025	2.76	"{""ka10080_observed_rows_no_synthetic_fill"": 17025}"	computed_or_insufficient				17025
payload.entry_candle_context.source_quality.decision_window.missing_bar_count	collected_raw_precursor	numeric	17025	2.76	"{""max"": 311.0, ""mean"": 2.538502202643172, ""min"": 0.0}"	computed_or_insufficient	0.02095	-0.01771	-0.01416	17025
payload.entry_candle_context.source_quality.decision_window.provider_call_allowed	collected_raw_precursor	categorical	17025	2.76	"{""True"": 17025}"	computed_or_insufficient				17025
payload.entry_candle_context.source_quality.decision_window.sparse_observed_minutes	collected_raw_precursor	categorical	17025	2.76	"{""False"": 12117, ""True"": 4908}"	computed_or_insufficient	0.07396	0.06928	0.0214	17025
payload.entry_candle_context.source_quality.decision_window.start_timestamp	collected_raw_precursor	categorical	17022	2.78	{}	identity_or_clock				17022
payload.entry_candle_context.source_quality.decision_window.status	collected_raw_precursor	categorical	17025	2.76	"{""fresh_consistent"": 12117, ""sparse_observed_minutes"": 4908}"	computed_or_insufficient	0.07396	0.06928	0.0214	17025
payload.entry_candle_context.source_quality.duplicate_count	collected_raw_precursor	numeric	17025	2.76	"{""max"": 0.0, ""mean"": 0.0, ""min"": 0.0}"	computed_or_insufficient				17025
payload.entry_candle_context.source_quality.duplicate_price_conflict	collected_raw_precursor	categorical	17025	2.76	"{""False"": 17025}"	computed_or_insufficient				17025
payload.entry_candle_context.source_quality.max_consecutive_missing_bar_count	collected_raw_precursor	numeric	17025	2.76	"{""max"": 117.0, ""mean"": 1.5394419970631423, ""min"": 0.0}"	computed_or_insufficient	0.02058	-0.01815	-0.0107	17025
payload.entry_candle_context.source_quality.missing_bar_count	collected_raw_precursor	numeric	17025	2.76	"{""max"": 311.0, ""mean"": 5.988604992657856, ""min"": 0.0}"	computed_or_insufficient	0.03312	-0.02933	-0.01672	17025
payload.entry_candle_context.source_quality.route_conflict_count	collected_raw_precursor	numeric	17025	2.76	"{""max"": 0.0, ""mean"": 0.0, ""min"": 0.0}"	computed_or_insufficient				17025
payload.entry_candle_context.source_quality.route_equivalence_proof.krx_regular_closed_by_clock	collected_raw_precursor	categorical	17025	2.76	"{""False"": 16057, ""True"": 968}"	computed_or_insufficient	0.00296	0.00026	0.01146	17025
payload.entry_candle_context.source_quality.route_equivalence_proof.proof_session	collected_raw_precursor	categorical	17025	2.76	"{""not_proven"": 16057, ""premarket_krx_like"": 968}"	computed_or_insufficient	0.00296	0.00026	0.01146	17025
payload.entry_candle_context.source_quality.route_equivalence_proof.proven	collected_raw_precursor	categorical	17025	2.76	"{""False"": 16057, ""True"": 968}"	computed_or_insufficient	0.00296	0.00026	0.01146	17025
payload.entry_candle_context.source_quality.route_equivalence_proof.required_rest_suffix	collected_raw_precursor	categorical	17025	2.76	"{""_NX"": 17025}"	computed_or_insufficient				17025
payload.entry_candle_context.source_quality.route_equivalence_proof.required_session	collected_raw_precursor	categorical	17025	2.76	"{""premarket_krx_like"": 17025}"	computed_or_insufficient				17025
payload.entry_candle_context.source_quality.route_equivalence_proof.required_ws_route	collected_raw_precursor	categorical	17025	2.76	"{""krx_nxt_integrated"": 17025}"	computed_or_insufficient				17025
payload.entry_candle_context.source_quality.route_equivalence_proof.required_ws_suffix	collected_raw_precursor	categorical	17025	2.76	"{""_AL"": 17025}"	computed_or_insufficient				17025
payload.entry_candle_context.source_quality.route_equivalence_proof.route_equivalence	collected_raw_precursor	categorical	17025	2.76	"{""not_proven"": 16057, ""nxt_premarket_integrated_ws_to_nx_rest"": 968}"	computed_or_insufficient	0.00296	0.00026	0.01146	17025
payload.entry_candle_context.source_quality.route_partition_available_keys.contains:KRX|krx_only	collected_raw_precursor	categorical	17025	2.76	"{""False"": 7008, ""True"": 10017}"	computed_or_insufficient	0.07184	0.06903	0.01345	17025
payload.entry_candle_context.source_quality.route_partition_available_keys.contains:_AL|krx_nxt_integrated	collected_raw_precursor	categorical	17025	2.76	"{""False"": 9290, ""True"": 7735}"	computed_or_insufficient	0.06754	0.06546	0.0103	17025
payload.entry_candle_context.source_quality.route_partition_available_keys.length	collected_raw_precursor	numeric	17025	2.76	"{""max"": 2.0, ""mean"": 1.0427019089574157, ""min"": 1.0}"	computed_or_insufficient	0.00854	-0.00684	-0.00738	17025
payload.entry_candle_context.source_quality.route_partition_expected_key	collected_raw_precursor	categorical	17025	2.76	"{""KRX|krx_regular"": 9295, ""_AL|krx_nxt_integrated"": 7730}"	computed_or_insufficient	0.06779	0.0657	0.01037	17025
payload.entry_candle_context.source_quality.route_partition_fallback_reason	collected_raw_precursor	categorical	9295	46.91	"{""expected_route_partition_missing"": 9295}"	computed_or_insufficient				9295
payload.entry_candle_context.source_quality.route_partition_ignored_tick_count	collected_raw_precursor	numeric	17025	2.76	"{""max"": 120.0, ""mean"": 3.857562408223201, ""min"": 0.0}"	computed_or_insufficient	0.00453	-0.00268	-0.00791	17025
payload.entry_candle_context.source_quality.route_partition_selected_route	collected_raw_precursor	categorical	8900	49.17	"{"""": 1170, ""krx_nxt_integrated"": 7730}"	computed_or_insufficient	0.15912	0.13087	0.10062	8900
payload.entry_candle_context.source_quality.route_partition_selected_suffix	collected_raw_precursor	categorical	8900	49.17	"{"""": 1170, ""_AL"": 7730}"	computed_or_insufficient	0.15912	0.13087	0.10062	8900
payload.entry_candle_context.source_quality.route_partition_used	collected_raw_precursor	categorical	17025	2.76	"{""False"": 9295, ""True"": 7730}"	computed_or_insufficient	0.06779	0.0657	0.01037	17025
payload.entry_candle_context.source_quality.session_integrity.blockers.length	collected_raw_precursor	numeric	2545	85.46	"{""max"": 0.0, ""mean"": 0.0, ""min"": 0.0}"	computed_or_insufficient				2545
payload.entry_candle_context.source_quality.session_integrity.max_consecutive_missing_bar_count	collected_raw_precursor	numeric	17025	2.76	"{""max"": 117.0, ""mean"": 1.5394419970631423, ""min"": 0.0}"	computed_or_insufficient	0.02058	-0.01815	-0.0107	17025
payload.entry_candle_context.source_quality.session_integrity.minute_bar_policy	collected_raw_precursor	categorical	17025	2.76	"{""ka10080_observed_rows_no_synthetic_fill"": 17025}"	computed_or_insufficient				17025
payload.entry_candle_context.source_quality.session_integrity.missing_bar_count	collected_raw_precursor	numeric	17025	2.76	"{""max"": 311.0, ""mean"": 5.988604992657856, ""min"": 0.0}"	computed_or_insufficient	0.03312	-0.02933	-0.01672	17025
payload.entry_candle_context.source_quality.session_integrity.sparse_observed_minutes	collected_raw_precursor	categorical	17025	2.76	"{""False"": 8410, ""True"": 8615}"	computed_or_insufficient	0.0787	0.07483	0.0181	17025
payload.entry_candle_context.source_quality.session_integrity.status	collected_raw_precursor	categorical	17025	2.76	"{""fresh_consistent"": 8410, ""sparse_observed_minutes"": 8615}"	computed_or_insufficient	0.0787	0.07483	0.0181	17025
payload.entry_candle_context.source_quality.source_meta.api_id	collected_raw_precursor	categorical	17025	2.76	"{""ka10080"": 17025}"	identity_or_clock				17025
payload.entry_candle_context.source_quality.source_meta.entry_candle_request_broker_route	collected_raw_precursor	categorical	17025	2.76	"{""NXT"": 4051, ""SOR"": 12974}"	computed_or_insufficient	0.0595	0.06192	0.00883	17025
payload.entry_candle_context.source_quality.source_meta.entry_candle_request_code	collected_raw_precursor	categorical	17025	2.76	{}	high_cardinality				17025
payload.entry_candle_context.source_quality.source_meta.entry_candle_request_session	collected_raw_precursor	categorical	17025	2.76	"{""krx_nxt_aftermarket"": 3083, ""krx_regular"": 12974, ""premarket_krx_like"": 968}"	computed_or_insufficient	0.06775	0.06905	0.01221	17025
payload.entry_candle_context.source_quality.source_meta.entry_candle_request_venue	collected_raw_precursor	categorical	17025	2.76	"{""KRX"": 9295, ""PREMARKET_KRX_LIKE"": 968, ""SOR"": 6762}"	computed_or_insufficient	0.07128	0.06829	0.01806	17025
payload.entry_candle_context.source_quality.source_meta.explicit_request_code	collected_raw_precursor	categorical	17025	2.76	"{""True"": 17025}"	computed_or_insufficient				17025
payload.entry_candle_context.source_quality.source_meta.latest_source_timestamp	collected_raw_precursor	categorical	17025	2.76	{}	identity_or_clock				17025
payload.entry_candle_context.source_quality.source_meta.received_count	collected_raw_precursor	numeric	17025	2.76	"{""max"": 1800.0, ""mean"": 1799.9471365638767, ""min"": 900.0}"	computed_or_insufficient	-0.00641	0.00623	0.0009	17025
payload.entry_candle_context.source_quality.source_meta.request_code	collected_raw_precursor	categorical	17025	2.76	{}	high_cardinality				17025
payload.entry_candle_context.source_quality.source_meta.requested_limit	collected_raw_precursor	numeric	17025	2.76	"{""max"": 430.0, ""mean"": 430.0, ""min"": 430.0}"	computed_or_insufficient				17025
payload.entry_candle_context.source_quality.source_meta.sort_direction_detected	collected_raw_precursor	categorical	17025	2.76	"{""descending"": 17025}"	computed_or_insufficient				17025
payload.entry_candle_context.source_quality.source_meta.truncated_window	collected_raw_precursor	categorical	17025	2.76	"{""False"": 1, ""True"": 17024}"	computed_or_insufficient	0.00641	0.00623	0.0009	17025
payload.entry_candle_context.source_quality.status	collected_raw_precursor	categorical	17025	2.76	"{""fresh_consistent"": 17025}"	computed_or_insufficient				17025
payload.entry_candle_context.source_quality.tick_volume_source_counts.15_abs	collected_raw_precursor	numeric	16388	6.4	"{""max"": 120.0, ""mean"": 54.29967049060288, ""min"": 1.0}"	computed_or_insufficient	0.08298	-0.08072	-0.01136	16388
payload.entry_candle_context.source_quality.time_monotonic	collected_raw_precursor	categorical	17025	2.76	"{""True"": 17025}"	computed_or_insufficient				17025
payload.entry_candle_context.source_quality.trusted_tick_volume_count	collected_raw_precursor	numeric	17025	2.76	"{""max"": 120.0, ""mean"": 52.268017621145376, ""min"": 0.0}"	computed_or_insufficient	0.07884	-0.0772	-0.00871	17025
payload.entry_candle_context.source_quality.trusted_tick_volume_sources.contains:13_delta	collected_raw_precursor	categorical	17025	2.76	"{""False"": 0, ""True"": 17025}"	computed_or_insufficient	0.0	0.0	0.0	17025
payload.entry_candle_context.source_quality.trusted_tick_volume_sources.contains:15_abs	collected_raw_precursor	categorical	17025	2.76	"{""False"": 0, ""True"": 17025}"	computed_or_insufficient	0.0	0.0	0.0	17025
payload.entry_candle_context.source_quality.trusted_tick_volume_sources.length	collected_raw_precursor	numeric	17025	2.76	"{""max"": 2.0, ""mean"": 2.0, ""min"": 2.0}"	computed_or_insufficient				17025
payload.entry_candle_context.source_quality.untrusted_tick_volume_count	collected_raw_precursor	numeric	17025	2.76	"{""max"": 0.0, ""mean"": 0.0, ""min"": 0.0}"	computed_or_insufficient				17025
payload.entry_candle_context.strategy_completed_bars.body.bars.length	collected_raw_precursor	numeric	2049	88.3	"{""max"": 369.0, ""mean"": 158.07955100048804, ""min"": 1.0}"	computed_or_insufficient	-0.02322	0.03612	-0.02786	2049
payload.entry_candle_context.strategy_completed_bars.body.observed_at	collected_raw_precursor	categorical	2049	88.3	{}	identity_or_clock				2049
payload.entry_candle_context.strategy_completed_bars.sha256	collected_raw_precursor	categorical	2049	88.3	{}	identity_or_clock				2049
payload.entry_candle_context.structure.alignment	collected_raw_precursor	categorical	17025	2.76	"{""adverse"": 7825, ""neutral"": 6193, ""positive"": 3007}"	computed_or_insufficient	0.41291	0.39047	0.16297	17025
payload.entry_candle_context.structure.anchor_window_policy	collected_raw_precursor	categorical	17025	2.76	"{""session_extrema_plus_up_to_20m_contiguous_completed_tail_no_forming_bar"": 17025}"	computed_or_insufficient				17025
payload.entry_candle_context.structure.bars_since_20m_high	collected_raw_precursor	numeric	14306	18.29	"{""max"": 20.0, ""mean"": 7.071718160212498, ""min"": 0.0}"	computed_or_insufficient	-0.07807	0.09581	-0.07001	14306
payload.entry_candle_context.structure.bars_since_20m_low	collected_raw_precursor	numeric	14306	18.29	"{""max"": 20.0, ""mean"": 11.36222563959178, ""min"": 0.0}"	computed_or_insufficient	0.05098	-0.0585	0.02932	14306
payload.entry_candle_context.structure.bars_since_session_high	collected_raw_precursor	numeric	17022	2.78	"{""max"": 366.0, ""mean"": 64.17870990482905, ""min"": 0.0}"	computed_or_insufficient	-0.02222	0.02624	-0.01646	17022
payload.entry_candle_context.structure.bars_since_session_low	collected_raw_precursor	numeric	17022	2.78	"{""max"": 368.0, ""mean"": 132.5179179884855, ""min"": 0.0}"	computed_or_insufficient	-0.02833	0.0299	-0.00596	17022
payload.entry_candle_context.structure.forming_bar_excluded	collected_raw_precursor	categorical	17025	2.76	"{""True"": 17025}"	computed_or_insufficient				17025
payload.entry_candle_context.structure.high_direction	collected_raw_precursor	categorical	17025	2.76	"{""down"": 5744, ""up_or_flat"": 11281}"	computed_or_insufficient	0.11785	0.13336	0.06267	17025
payload.entry_candle_context.structure.latest_body_ratio	collected_raw_precursor	numeric	17025	2.76	"{""max"": 1.0, ""mean"": 0.5045105726872212, ""min"": 0.0}"	computed_or_insufficient	-0.06144	0.0542	0.0319	17025
payload.entry_candle_context.structure.latest_lower_wick_ratio	collected_raw_precursor	numeric	17025	2.76	"{""max"": 1.0, ""mean"": 0.2557158296622568, ""min"": 0.0}"	computed_or_insufficient	0.00132	0.00113	-0.01035	17025
payload.entry_candle_context.structure.latest_upper_wick_ratio	collected_raw_precursor	numeric	17025	2.76	"{""max"": 1.0, ""mean"": 0.2282588546255438, ""min"": 0.0}"	computed_or_insufficient	0.08473	-0.07889	-0.02654	17025
payload.entry_candle_context.structure.local_breakout.available_at	collected_raw_precursor	numeric	743	95.76	"{""max"": 1790159760.0, ""mean"": 1790089128.129206, ""min"": 1789974960.0}"	identity_or_clock				743
payload.entry_candle_context.structure.local_breakout.bar_time_precision	collected_raw_precursor	categorical	2210	87.38	"{""1m"": 2210}"	computed_or_insufficient				2210
payload.entry_candle_context.structure.local_breakout.breakout_confirmed_bar_at	collected_raw_precursor	categorical	743	95.76	{}	identity_or_clock				743
payload.entry_candle_context.structure.local_breakout.episode_id	collected_raw_precursor	categorical	743	95.76	{}	identity_or_clock				743
payload.entry_candle_context.structure.local_breakout.episode_scope	collected_raw_precursor	categorical	2210	87.38	"{""last_three_completed_bars_only"": 2210}"	computed_or_insufficient				2210
payload.entry_candle_context.structure.local_breakout.event_window_bars	collected_raw_precursor	numeric	2210	87.38	"{""max"": 3.0, ""mean"": 3.0, ""min"": 3.0}"	computed_or_insufficient				2210
payload.entry_candle_context.structure.local_breakout.last_evaluated_bar_at	collected_raw_precursor	categorical	743	95.76	{}	identity_or_clock				743
payload.entry_candle_context.structure.local_breakout.lookback_bars	collected_raw_precursor	numeric	2210	87.38	"{""max"": 10.0, ""mean"": 10.0, ""min"": 10.0}"	computed_or_insufficient				2210
payload.entry_candle_context.structure.local_breakout.recheck_required	collected_raw_precursor	categorical	2210	87.38	"{""False"": 1706, ""True"": 504}"	computed_or_insufficient	0.02693	0.04415	0.13533	2210
payload.entry_candle_context.structure.local_breakout.resistance_anchor_bar_at	collected_raw_precursor	categorical	743	95.76	{}	identity_or_clock				743
payload.entry_candle_context.structure.local_breakout.resistance_price	collected_raw_precursor	numeric	743	95.76	"{""max"": 1897000.0, ""mean"": 62299.99865410498, ""min"": 1035.0}"	computed_or_insufficient	-0.0498	0.05887	-0.02599	743
payload.entry_candle_context.structure.local_breakout.resistance_window_end	collected_raw_precursor	categorical	743	95.76	{}	high_cardinality				743
payload.entry_candle_context.structure.local_breakout.resistance_window_start	collected_raw_precursor	categorical	743	95.76	{}	high_cardinality				743
payload.entry_candle_context.structure.local_breakout.source_sha256	collected_raw_precursor	categorical	743	95.76	{}	identity_or_clock				743
payload.entry_candle_context.structure.local_breakout.status	collected_raw_precursor	categorical	2210	87.38	"{""breakout_holding"": 672, ""failed_breakout"": 29, ""insufficient"": 269, ""no_confirmed_breakout"": 1198, ""retest_pending"": 42}"	computed_or_insufficient	0.28459	0.19245	0.22223	2210
payload.entry_candle_context.structure.local_breakout.support_price	collected_raw_precursor	numeric	743	95.76	"{""max"": 1893000.0, ""mean"": 61643.63122476447, ""min"": 1013.0}"	computed_or_insufficient	-0.04993	0.059	-0.02603	743
payload.entry_candle_context.structure.local_breakout.version	collected_raw_precursor	categorical	2210	87.38	"{""entry_local_breakout_completed_v1"": 2210}"	computed_or_insufficient				2210
payload.entry_candle_context.structure.low_direction	collected_raw_precursor	categorical	17025	2.76	"{""down"": 5168, ""up_or_flat"": 11857}"	computed_or_insufficient	0.08933	0.1054	0.06567	17025
payload.entry_candle_context.structure.low_rebound_pct	collected_raw_precursor	numeric	17022	2.78	"{""max"": 39.9642, ""mean"": 9.085705586887528, ""min"": 0.0}"	computed_or_insufficient	0.08354	-0.08075	-0.01365	17022
payload.entry_candle_context.structure.peak_drawdown_pct	collected_raw_precursor	numeric	17022	2.78	"{""max"": 0.0, ""mean"": -3.2150005639760137, ""min"": -19.4828}"	computed_or_insufficient	-0.04198	0.02892	0.05598	17022
payload.entry_candle_context.structure.range_pct	collected_raw_precursor	numeric	17022	2.78	"{""max"": 52.5692, ""mean"": 12.85974930090418, ""min"": 0.0}"	computed_or_insufficient	0.08641	-0.07833	-0.03603	17022
payload.entry_candle_context.structure.ranges_pct.1	collected_raw_precursor	numeric	17022	2.78	"{""max"": 13.9896, ""mean"": 1.0138229115262565, ""min"": 0.0}"	computed_or_insufficient	0.09917	-0.09896	-0.00317	17022
payload.entry_candle_context.structure.ranges_pct.10	collected_raw_precursor	numeric	14870	15.07	"{""max"": 21.6469, ""mean"": 2.816030201748497, ""min"": 0.062}"	computed_or_insufficient	0.12597	-0.12611	-0.00217	14870
payload.entry_candle_context.structure.ranges_pct.20	collected_raw_precursor	numeric	13543	22.65	"{""max"": 16.6324, ""mean"": 3.4302295503212017, ""min"": 0.1239}"	computed_or_insufficient	0.11483	-0.11511	-0.00123	13543
payload.entry_candle_context.structure.ranges_pct.3	collected_raw_precursor	numeric	16446	6.07	"{""max"": 15.4762, ""mean"": 1.7771156694637014, ""min"": 0.0}"	computed_or_insufficient	0.12679	-0.12697	-0.00212	16446
payload.entry_candle_context.structure.ranges_pct.5	collected_raw_precursor	numeric	15867	9.38	"{""max"": 15.9902, ""mean"": 2.218181288208244, ""min"": 0.0592}"	computed_or_insufficient	0.13357	-0.13286	-0.00578	15867
payload.entry_candle_context.structure.ranges_pct.60	collected_raw_precursor	numeric	9738	44.38	"{""max"": 18.5778, ""mean"": 4.586092965701414, ""min"": 0.1346}"	computed_or_insufficient	0.11309	-0.11042	-0.01309	9738
payload.entry_candle_context.structure.regime	collected_raw_precursor	categorical	17025	2.76	"{""breakout"": 1923, ""downtrend_bounce"": 758, ""failed_breakout"": 4931, ""healthy_pullback"": 1084, ""lower_high_distribution"": 2136, ""opening_flow"": 35, ""range"": 6158}"	computed_or_insufficient	0.5399	0.52209	0.19415	17025
payload.entry_candle_context.structure.returns_pct.1	collected_raw_precursor	numeric	16721	4.5	"{""max"": 12.0513, ""mean"": 0.0488180371987324, ""min"": -8.5608}"	computed_or_insufficient	-0.13173	0.11341	0.07952	16721
payload.entry_candle_context.structure.returns_pct.10	collected_raw_precursor	numeric	14725	15.9	"{""max"": 16.3551, ""mean"": 0.8601770797962677, ""min"": -8.3942}"	computed_or_insufficient	0.07024	-0.08789	0.06951	14725
payload.entry_candle_context.structure.returns_pct.20	collected_raw_precursor	numeric	13420	23.35	"{""max"": 15.1839, ""mean"": 1.0458929508196821, ""min"": -9.4502}"	computed_or_insufficient	0.06988	-0.08504	0.05984	13420
payload.entry_candle_context.structure.returns_pct.3	collected_raw_precursor	numeric	16137	7.84	"{""max"": 13.9453, ""mean"": 0.30546035198612054, ""min"": -9.932}"	computed_or_insufficient	0.01619	-0.0355	0.07906	16137
payload.entry_candle_context.structure.returns_pct.5	collected_raw_precursor	numeric	15627	10.75	"{""max"": 14.0459, ""mean"": 0.5675039674921628, ""min"": -11.3737}"	computed_or_insufficient	0.08673	-0.10409	0.06842	15627
payload.entry_candle_context.structure.returns_pct.60	collected_raw_precursor	numeric	9657	44.85	"{""max"": 16.5372, ""mean"": 1.2259595733664725, ""min"": -10.7143}"	computed_or_insufficient	0.06617	-0.07607	0.03953	9657
payload.entry_candle_context.structure.rolling_20m_contiguous	collected_raw_precursor	categorical	17025	2.76	"{""False"": 2716, ""True"": 14309}"	computed_or_insufficient	0.06902	0.06279	0.02785	17025
payload.entry_candle_context.structure.rolling_20m_high_at	collected_raw_precursor	categorical	14306	18.29	{}	identity_or_clock				14306
payload.entry_candle_context.structure.rolling_20m_low_at	collected_raw_precursor	categorical	14306	18.29	{}	identity_or_clock				14306
payload.entry_candle_context.structure.rolling_20m_low_rebound_pct	collected_raw_precursor	numeric	14306	18.29	"{""max"": 16.4269, ""mean"": 2.2883605969523453, ""min"": 0.0}"	computed_or_insufficient	0.09531	-0.10738	0.04675	14306
payload.entry_candle_context.structure.rolling_20m_peak_drawdown_pct	collected_raw_precursor	numeric	14306	18.29	"{""max"": 0.0, ""mean"": -1.2675128687263977, ""min"": -13.7973}"	computed_or_insufficient	-0.06755	0.04795	0.08047	14306
payload.entry_candle_context.structure.session_high_at	collected_raw_precursor	categorical	17022	2.78	{}	identity_or_clock				17022
payload.entry_candle_context.structure.session_low_at	collected_raw_precursor	categorical	17022	2.78	{}	identity_or_clock				17022
payload.entry_candle_context.structure.session_low_rebound_pct	collected_raw_precursor	numeric	17022	2.78	"{""max"": 39.9642, ""mean"": 9.085705586887528, ""min"": 0.0}"	computed_or_insufficient	0.08354	-0.08075	-0.01365	17022
payload.entry_candle_context.structure.session_peak_drawdown_pct	collected_raw_precursor	numeric	17022	2.78	"{""max"": 0.0, ""mean"": -3.2150005639760137, ""min"": -19.4828}"	computed_or_insufficient	-0.04198	0.02892	0.05598	17022
payload.entry_candle_context.structure.slopes_pct_per_bar.1	collected_raw_precursor	numeric	16721	4.5	"{""max"": 12.0513, ""mean"": 0.04881804317923596, ""min"": -8.5608}"	computed_or_insufficient	-0.13173	0.11341	0.07952	16721
payload.entry_candle_context.structure.slopes_pct_per_bar.10	collected_raw_precursor	numeric	14870	15.07	"{""max"": 1.8332, ""mean"": 0.10066170141223925, ""min"": -1.1221}"	computed_or_insufficient	0.12968	-0.14143	0.04436	14870
payload.entry_candle_context.structure.slopes_pct_per_bar.20	collected_raw_precursor	numeric	13543	22.65	"{""max"": 0.8545, ""mean"": 0.05317905190873503, ""min"": -0.4649}"	computed_or_insufficient	0.08865	-0.09764	0.03455	13543
payload.entry_candle_context.structure.slopes_pct_per_bar.3	collected_raw_precursor	numeric	16446	6.07	"{""max"": 6.3816, ""mean"": 0.07969373707892466, ""min"": -5.8926}"	computed_or_insufficient	-0.07995	0.06075	0.0814	16446
payload.entry_candle_context.structure.slopes_pct_per_bar.5	collected_raw_precursor	numeric	15867	9.38	"{""max"": 4.0265, ""mean"": 0.11593925127623354, ""min"": -2.6061}"	computed_or_insufficient	0.08262	-0.09919	0.06582	15867
payload.entry_candle_context.structure.slopes_pct_per_bar.60	collected_raw_precursor	numeric	9738	44.38	"{""max"": 0.316, ""mean"": 0.017419654959950678, ""min"": -0.1979}"	computed_or_insufficient	0.04634	-0.04985	0.01363	9738
payload.entry_candle_context.structure.structure_contract_version	collected_raw_precursor	categorical	2210	87.38	"{""entry_local_breakout_completed_v1"": 2210}"	computed_or_insufficient				2210
payload.entry_candle_context.structure.volume_direction_alignment	collected_raw_precursor	categorical	17025	2.76	"{""bearish_confirmed"": 1415, ""bullish_confirmed"": 4370, ""neutral"": 3923, ""not_available"": 888, ""price_volume_divergence"": 6429}"	computed_or_insufficient	0.05696	0.054	0.11081	17025
payload.entry_candle_context.structure.volume_ratio	collected_raw_precursor	numeric	17010	2.85	"{""max"": 826.042, ""mean"": 2.0406482069371, ""min"": 0.001}"	computed_or_insufficient	-0.0141	0.01013	0.01704	17010
payload.entry_candle_context.structure.window_source_bar_counts.1.available_completed_bars	collected_raw_precursor	numeric	17025	2.76	"{""max"": 369.0, ""mean"": 156.99947136563875, ""min"": 0.0}"	computed_or_insufficient	-0.03254	0.03429	-0.00661	17025
payload.entry_candle_context.structure.window_source_bar_counts.1.range_complete	collected_raw_precursor	categorical	17025	2.76	"{""False"": 3, ""True"": 17022}"	computed_or_insufficient	0.01111	0.0108	0.00156	17025
payload.entry_candle_context.structure.window_source_bar_counts.1.range_required_bars	collected_raw_precursor	numeric	17025	2.76	"{""max"": 1.0, ""mean"": 1.0, ""min"": 1.0}"	computed_or_insufficient				17025
payload.entry_candle_context.structure.window_source_bar_counts.1.range_time_contiguous	collected_raw_precursor	categorical	17025	2.76	"{""False"": 3, ""True"": 17022}"	computed_or_insufficient	0.01111	0.0108	0.00156	17025
payload.entry_candle_context.structure.window_source_bar_counts.1.return_complete	collected_raw_precursor	categorical	17025	2.76	"{""False"": 304, ""True"": 16721}"	computed_or_insufficient	0.00471	0.00096	0.01588	17025
payload.entry_candle_context.structure.window_source_bar_counts.1.return_required_bars	collected_raw_precursor	numeric	17025	2.76	"{""max"": 2.0, ""mean"": 2.0, ""min"": 2.0}"	computed_or_insufficient				17025
payload.entry_candle_context.structure.window_source_bar_counts.1.return_time_contiguous	collected_raw_precursor	categorical	17025	2.76	"{""False"": 304, ""True"": 16721}"	computed_or_insufficient	0.00471	0.00096	0.01588	17025
payload.entry_candle_context.structure.window_source_bar_counts.1.slope_complete	collected_raw_precursor	categorical	17025	2.76	"{""False"": 304, ""True"": 16721}"	computed_or_insufficient	0.00471	0.00096	0.01588	17025
payload.entry_candle_context.structure.window_source_bar_counts.1.slope_required_bars	collected_raw_precursor	numeric	17025	2.76	"{""max"": 2.0, ""mean"": 2.0, ""min"": 2.0}"	computed_or_insufficient				17025
payload.entry_candle_context.structure.window_source_bar_counts.1.slope_time_contiguous	collected_raw_precursor	categorical	17025	2.76	"{""False"": 304, ""True"": 16721}"	computed_or_insufficient	0.00471	0.00096	0.01588	17025
payload.entry_candle_context.structure.window_source_bar_counts.10.available_completed_bars	collected_raw_precursor	numeric	17025	2.76	"{""max"": 369.0, ""mean"": 156.99947136563875, ""min"": 0.0}"	computed_or_insufficient	-0.03254	0.03429	-0.00661	17025
payload.entry_candle_context.structure.window_source_bar_counts.10.range_complete	collected_raw_precursor	categorical	17025	2.76	"{""False"": 2155, ""True"": 14870}"	computed_or_insufficient	0.0505	0.04265	0.0342	17025
payload.entry_candle_context.structure.window_source_bar_counts.10.range_required_bars	collected_raw_precursor	numeric	17025	2.76	"{""max"": 10.0, ""mean"": 10.0, ""min"": 10.0}"	computed_or_insufficient				17025
payload.entry_candle_context.structure.window_source_bar_counts.10.range_time_contiguous	collected_raw_precursor	categorical	17025	2.76	"{""False"": 2155, ""True"": 14870}"	computed_or_insufficient	0.0505	0.04265	0.0342	17025
payload.entry_candle_context.structure.window_source_bar_counts.10.return_complete	collected_raw_precursor	categorical	17025	2.76	"{""False"": 2300, ""True"": 14725}"	computed_or_insufficient	0.05182	0.04456	0.03176	17025
payload.entry_candle_context.structure.window_source_bar_counts.10.return_required_bars	collected_raw_precursor	numeric	17025	2.76	"{""max"": 11.0, ""mean"": 11.0, ""min"": 11.0}"	computed_or_insufficient				17025
payload.entry_candle_context.structure.window_source_bar_counts.10.return_time_contiguous	collected_raw_precursor	categorical	17025	2.76	"{""False"": 2300, ""True"": 14725}"	computed_or_insufficient	0.05182	0.04456	0.03176	17025
payload.entry_candle_context.structure.window_source_bar_counts.10.slope_complete	collected_raw_precursor	categorical	17025	2.76	"{""False"": 2155, ""True"": 14870}"	computed_or_insufficient	0.0505	0.04265	0.0342	17025
payload.entry_candle_context.structure.window_source_bar_counts.10.slope_required_bars	collected_raw_precursor	numeric	17025	2.76	"{""max"": 10.0, ""mean"": 10.0, ""min"": 10.0}"	computed_or_insufficient				17025
payload.entry_candle_context.structure.window_source_bar_counts.10.slope_time_contiguous	collected_raw_precursor	categorical	17025	2.76	"{""False"": 2155, ""True"": 14870}"	computed_or_insufficient	0.0505	0.04265	0.0342	17025
payload.entry_candle_context.structure.window_source_bar_counts.20.available_completed_bars	collected_raw_precursor	numeric	17025	2.76	"{""max"": 369.0, ""mean"": 156.99947136563875, ""min"": 0.0}"	computed_or_insufficient	-0.03254	0.03429	-0.00661	17025
payload.entry_candle_context.structure.window_source_bar_counts.20.range_complete	collected_raw_precursor	categorical	17025	2.76	"{""False"": 3482, ""True"": 13543}"	computed_or_insufficient	0.05276	0.04779	0.02213	17025
payload.entry_candle_context.structure.window_source_bar_counts.20.range_required_bars	collected_raw_precursor	numeric	17025	2.76	"{""max"": 20.0, ""mean"": 20.0, ""min"": 20.0}"	computed_or_insufficient				17025
payload.entry_candle_context.structure.window_source_bar_counts.20.range_time_contiguous	collected_raw_precursor	categorical	17025	2.76	"{""False"": 3482, ""True"": 13543}"	computed_or_insufficient	0.05276	0.04779	0.02213	17025
payload.entry_candle_context.structure.window_source_bar_counts.20.return_complete	collected_raw_precursor	categorical	17025	2.76	"{""False"": 3605, ""True"": 13420}"	computed_or_insufficient	0.05491	0.04982	0.02269	17025
payload.entry_candle_context.structure.window_source_bar_counts.20.return_required_bars	collected_raw_precursor	numeric	17025	2.76	"{""max"": 21.0, ""mean"": 21.0, ""min"": 21.0}"	computed_or_insufficient				17025
payload.entry_candle_context.structure.window_source_bar_counts.20.return_time_contiguous	collected_raw_precursor	categorical	17025	2.76	"{""False"": 3605, ""True"": 13420}"	computed_or_insufficient	0.05491	0.04982	0.02269	17025
payload.entry_candle_context.structure.window_source_bar_counts.20.slope_complete	collected_raw_precursor	categorical	17025	2.76	"{""False"": 3482, ""True"": 13543}"	computed_or_insufficient	0.05276	0.04779	0.02213	17025
payload.entry_candle_context.structure.window_source_bar_counts.20.slope_required_bars	collected_raw_precursor	numeric	17025	2.76	"{""max"": 20.0, ""mean"": 20.0, ""min"": 20.0}"	computed_or_insufficient				17025
payload.entry_candle_context.structure.window_source_bar_counts.20.slope_time_contiguous	collected_raw_precursor	categorical	17025	2.76	"{""False"": 3482, ""True"": 13543}"	computed_or_insufficient	0.05276	0.04779	0.02213	17025
payload.entry_candle_context.structure.window_source_bar_counts.3.available_completed_bars	collected_raw_precursor	numeric	17025	2.76	"{""max"": 369.0, ""mean"": 156.99947136563875, ""min"": 0.0}"	computed_or_insufficient	-0.03254	0.03429	-0.00661	17025
payload.entry_candle_context.structure.window_source_bar_counts.3.range_complete	collected_raw_precursor	categorical	17025	2.76	"{""False"": 579, ""True"": 16446}"	computed_or_insufficient	0.03194	0.02686	0.0221	17025
payload.entry_candle_context.structure.window_source_bar_counts.3.range_required_bars	collected_raw_precursor	numeric	17025	2.76	"{""max"": 3.0, ""mean"": 3.0, ""min"": 3.0}"	computed_or_insufficient				17025
payload.entry_candle_context.structure.window_source_bar_counts.3.range_time_contiguous	collected_raw_precursor	categorical	17025	2.76	"{""False"": 579, ""True"": 16446}"	computed_or_insufficient	0.03194	0.02686	0.0221	17025
payload.entry_candle_context.structure.window_source_bar_counts.3.return_complete	collected_raw_precursor	categorical	17025	2.76	"{""False"": 888, ""True"": 16137}"	computed_or_insufficient	0.05571	0.04945	0.02763	17025
payload.entry_candle_context.structure.window_source_bar_counts.3.return_required_bars	collected_raw_precursor	numeric	17025	2.76	"{""max"": 4.0, ""mean"": 4.0, ""min"": 4.0}"	computed_or_insufficient				17025
payload.entry_candle_context.structure.window_source_bar_counts.3.return_time_contiguous	collected_raw_precursor	categorical	17025	2.76	"{""False"": 888, ""True"": 16137}"	computed_or_insufficient	0.05571	0.04945	0.02763	17025
payload.entry_candle_context.structure.window_source_bar_counts.3.slope_complete	collected_raw_precursor	categorical	17025	2.76	"{""False"": 579, ""True"": 16446}"	computed_or_insufficient	0.03194	0.02686	0.0221	17025
payload.entry_candle_context.structure.window_source_bar_counts.3.slope_required_bars	collected_raw_precursor	numeric	17025	2.76	"{""max"": 3.0, ""mean"": 3.0, ""min"": 3.0}"	computed_or_insufficient				17025
payload.entry_candle_context.structure.window_source_bar_counts.3.slope_time_contiguous	collected_raw_precursor	categorical	17025	2.76	"{""False"": 579, ""True"": 16446}"	computed_or_insufficient	0.03194	0.02686	0.0221	17025
payload.entry_candle_context.structure.window_source_bar_counts.5.available_completed_bars	collected_raw_precursor	numeric	17025	2.76	"{""max"": 369.0, ""mean"": 156.99947136563875, ""min"": 0.0}"	computed_or_insufficient	-0.03254	0.03429	-0.00661	17025
payload.entry_candle_context.structure.window_source_bar_counts.5.range_complete	collected_raw_precursor	categorical	17025	2.76	"{""False"": 1158, ""True"": 15867}"	computed_or_insufficient	0.05973	0.0525	0.03182	17025
payload.entry_candle_context.structure.window_source_bar_counts.5.range_required_bars	collected_raw_precursor	numeric	17025	2.76	"{""max"": 5.0, ""mean"": 5.0, ""min"": 5.0}"	computed_or_insufficient				17025
payload.entry_candle_context.structure.window_source_bar_counts.5.range_time_contiguous	collected_raw_precursor	categorical	17025	2.76	"{""False"": 1158, ""True"": 15867}"	computed_or_insufficient	0.05973	0.0525	0.03182	17025
payload.entry_candle_context.structure.window_source_bar_counts.5.return_complete	collected_raw_precursor	categorical	17025	2.76	"{""False"": 1398, ""True"": 15627}"	computed_or_insufficient	0.05254	0.04446	0.03523	17025
payload.entry_candle_context.structure.window_source_bar_counts.5.return_required_bars	collected_raw_precursor	numeric	17025	2.76	"{""max"": 6.0, ""mean"": 6.0, ""min"": 6.0}"	computed_or_insufficient				17025
payload.entry_candle_context.structure.window_source_bar_counts.5.return_time_contiguous	collected_raw_precursor	categorical	17025	2.76	"{""False"": 1398, ""True"": 15627}"	computed_or_insufficient	0.05254	0.04446	0.03523	17025
payload.entry_candle_context.structure.window_source_bar_counts.5.slope_complete	collected_raw_precursor	categorical	17025	2.76	"{""False"": 1158, ""True"": 15867}"	computed_or_insufficient	0.05973	0.0525	0.03182	17025
payload.entry_candle_context.structure.window_source_bar_counts.5.slope_required_bars	collected_raw_precursor	numeric	17025	2.76	"{""max"": 5.0, ""mean"": 5.0, ""min"": 5.0}"	computed_or_insufficient				17025
payload.entry_candle_context.structure.window_source_bar_counts.5.slope_time_contiguous	collected_raw_precursor	categorical	17025	2.76	"{""False"": 1158, ""True"": 15867}"	computed_or_insufficient	0.05973	0.0525	0.03182	17025
payload.entry_candle_context.structure.window_source_bar_counts.60.available_completed_bars	collected_raw_precursor	numeric	17025	2.76	"{""max"": 369.0, ""mean"": 156.99947136563875, ""min"": 0.0}"	computed_or_insufficient	-0.03254	0.03429	-0.00661	17025
payload.entry_candle_context.structure.window_source_bar_counts.60.range_complete	collected_raw_precursor	categorical	17025	2.76	"{""False"": 7287, ""True"": 9738}"	computed_or_insufficient	0.04889	0.04728	0.0079	17025
payload.entry_candle_context.structure.window_source_bar_counts.60.range_required_bars	collected_raw_precursor	numeric	17025	2.76	"{""max"": 60.0, ""mean"": 60.0, ""min"": 60.0}"	computed_or_insufficient				17025
payload.entry_candle_context.structure.window_source_bar_counts.60.range_time_contiguous	collected_raw_precursor	categorical	17025	2.76	"{""False"": 7287, ""True"": 9738}"	computed_or_insufficient	0.04889	0.04728	0.0079	17025
payload.entry_candle_context.structure.window_source_bar_counts.60.return_complete	collected_raw_precursor	categorical	17025	2.76	"{""False"": 7368, ""True"": 9657}"	computed_or_insufficient	0.04939	0.04752	0.00902	17025
payload.entry_candle_context.structure.window_source_bar_counts.60.return_required_bars	collected_raw_precursor	numeric	17025	2.76	"{""max"": 61.0, ""mean"": 61.0, ""min"": 61.0}"	computed_or_insufficient				17025
payload.entry_candle_context.structure.window_source_bar_counts.60.return_time_contiguous	collected_raw_precursor	categorical	17025	2.76	"{""False"": 7368, ""True"": 9657}"	computed_or_insufficient	0.04939	0.04752	0.00902	17025
payload.entry_candle_context.structure.window_source_bar_counts.60.slope_complete	collected_raw_precursor	categorical	17025	2.76	"{""False"": 7287, ""True"": 9738}"	computed_or_insufficient	0.04889	0.04728	0.0079	17025
payload.entry_candle_context.structure.window_source_bar_counts.60.slope_required_bars	collected_raw_precursor	numeric	17025	2.76	"{""max"": 60.0, ""mean"": 60.0, ""min"": 60.0}"	computed_or_insufficient				17025
payload.entry_candle_context.structure.window_source_bar_counts.60.slope_time_contiguous	collected_raw_precursor	categorical	17025	2.76	"{""False"": 7287, ""True"": 9738}"	computed_or_insufficient	0.04889	0.04728	0.0079	17025
payload.entry_candle_context.venue	collected_raw_precursor	categorical	17025	2.76	"{""KRX"": 9295, ""KRX_NXT_INTEGRATED"": 6762, ""PREMARKET_KRX_LIKE"": 968}"	computed_or_insufficient	0.07128	0.06829	0.01806	17025
payload.entry_candle_context.ws_route	collected_raw_precursor	categorical	17025	2.76	"{""krx_nxt_integrated"": 7730, ""krx_only"": 9295}"	computed_or_insufficient	0.06779	0.0657	0.01037	17025
payload.entry_evaluation_attempt_id	collected_raw_precursor	none	0	100.0	{}	no_observed_value				0
payload.entry_machine_input_trace.entry_machine_input_as_of	collected_raw_precursor	numeric	2210	87.38	"{""max"": 1790159949.063699, ""mean"": 1790087313.0972626, ""min"": 1789974284.492503}"	computed_or_insufficient	-0.01093	-0.01001	0.03948	2210
payload.entry_machine_input_trace.entry_machine_input_bbo_received_at	collected_raw_precursor	categorical	2210	87.38	{}	identity_or_clock				2210
payload.entry_machine_input_trace.entry_machine_input_canonical_revalidation_ms	collected_raw_precursor	numeric	2164	87.64	"{""max"": 479.659, ""mean"": 21.931079020332678, ""min"": 1.462}"	computed_or_insufficient	-0.00553	-0.00214	0.01415	2164
payload.entry_machine_input_trace.entry_machine_input_feature_build_ms	collected_raw_precursor	numeric	2210	87.38	"{""max"": 334.457, ""mean"": 4.258681900452487, ""min"": 0.883}"	computed_or_insufficient	0.01601	-0.03209	0.03348	2210
payload.entry_machine_input_trace.entry_machine_input_local_refresh_ms	collected_raw_precursor	numeric	2164	87.64	"{""max"": 971.922, ""mean"": 93.52038216266182, ""min"": 1.995}"	computed_or_insufficient	0.00289	-0.00084	-0.0036	2164
payload.entry_machine_input_trace.entry_machine_input_parent_snapshot_id	collected_raw_precursor	categorical	2210	87.38	{}	identity_or_clock				2210
payload.entry_machine_input_trace.entry_machine_input_preparation_ms	collected_raw_precursor	numeric	2210	87.38	"{""max"": 34080.088, ""mean"": 566.4204371040751, ""min"": 9.049}"	computed_or_insufficient	0.04516	-0.02603	-0.03152	2210
payload.entry_machine_input_trace.entry_machine_input_preparation_stages_ms.context_capture_ms	collected_raw_precursor	numeric	2164	87.64	"{""max"": 33963.852, ""mean"": 402.63185628465845, ""min"": 0.067}"	computed_or_insufficient	0.0613	-0.0402	-0.0329	2164
payload.entry_machine_input_trace.entry_machine_input_preparation_stages_ms.micro_source_prepare_ms	collected_raw_precursor	numeric	2164	87.64	"{""max"": 520.427, ""mean"": 66.14521164510167, ""min"": 6.723}"	computed_or_insufficient	-0.01831	0.01588	0.00233	2164
payload.entry_machine_input_trace.entry_machine_input_preparation_stages_ms.other_preparation_ms	collected_raw_precursor	numeric	2164	87.64	"{""max"": 0.279, ""mean"": 0.03256330868761583, ""min"": 0.024}"	computed_or_insufficient	0.04149	-0.02501	-0.02653	2164
payload.entry_machine_input_trace.entry_machine_input_preparation_stages_ms.policy_resolve_ms	collected_raw_precursor	numeric	2164	87.64	"{""max"": 848.195, ""mean"": 80.34563817005552, ""min"": 1.497}"	computed_or_insufficient	0.00489	-0.00348	-0.0021	2164
payload.entry_machine_input_trace.entry_machine_input_preparation_stages_ms.runtime_context_ms	collected_raw_precursor	numeric	2164	87.64	"{""max"": 17.988, ""mean"": 0.09534935304990723, ""min"": 0.068}"	computed_or_insufficient	-0.01048	0.01288	-0.00601	2164
payload.entry_machine_input_trace.entry_machine_input_prepared_snapshot_age_ms	collected_raw_precursor	numeric	2210	87.38	"{""max"": 34104.207, ""mean"": 747.6601429864228, ""min"": 16.996}"	computed_or_insufficient	0.03239	-0.04449	0.02784	2210
payload.entry_machine_input_trace.entry_machine_input_quote_clock_comparison.as_of	collected_raw_precursor	numeric	2164	87.64	"{""max"": 1790159949.063699, ""mean"": 1790089684.5055435, ""min"": 1789977237.2539692}"	computed_or_insufficient	-0.01438	-0.00172	0.02931	2164
payload.entry_machine_input_trace.entry_machine_input_quote_clock_comparison.canonical_age_ms	collected_raw_precursor	numeric	2164	87.64	"{""max"": 2994.31, ""mean"": 592.2144602587812, ""min"": 18.17}"	computed_or_insufficient	-0.0016	0.01986	-0.03558	2164
payload.entry_machine_input_trace.entry_machine_input_quote_clock_comparison.canonical_observed_at	collected_raw_precursor	categorical	2164	87.64	{}	identity_or_clock				2164
payload.entry_machine_input_trace.entry_machine_input_quote_clock_comparison.canonical_source	collected_raw_precursor	categorical	2164	87.64	"{""ws_0B_inline_quote"": 352, ""ws_0D"": 1812}"	computed_or_insufficient	0.02022	0.00029	0.03711	2164
payload.entry_machine_input_trace.entry_machine_input_quote_clock_comparison.canonical_value.best_ask	collected_raw_precursor	numeric	2164	87.64	"{""max"": 1916000.0, ""mean"": 63315.687615526804, ""min"": 1024.0}"	computed_or_insufficient	-0.02316	0.0304	-0.01702	2164
payload.entry_machine_input_trace.entry_machine_input_quote_clock_comparison.canonical_value.best_bid	collected_raw_precursor	numeric	2164	87.64	"{""max"": 1915000.0, ""mean"": 63242.63955637708, ""min"": 1004.0}"	computed_or_insufficient	-0.02314	0.03039	-0.01704	2164
payload.entry_machine_input_trace.entry_machine_input_quote_clock_comparison.feature_age_ms	collected_raw_precursor	numeric	2164	87.64	"{""max"": 2994.309902191162, ""mean"": 592.2144655819961, ""min"": 18.17035675048828}"	computed_or_insufficient	-0.0016	0.01986	-0.03558	2164
payload.entry_machine_input_trace.entry_machine_input_quote_clock_comparison.feature_receipt.best_ask	collected_raw_precursor	numeric	2164	87.64	"{""max"": 1916000.0, ""mean"": 63315.687615526804, ""min"": 1024.0}"	computed_or_insufficient	-0.02316	0.0304	-0.01702	2164
payload.entry_machine_input_trace.entry_machine_input_quote_clock_comparison.feature_receipt.best_bid	collected_raw_precursor	numeric	2164	87.64	"{""max"": 1915000.0, ""mean"": 63242.63955637708, ""min"": 1004.0}"	computed_or_insufficient	-0.02314	0.03039	-0.01704	2164
payload.entry_machine_input_trace.entry_machine_input_quote_clock_comparison.feature_receipt.depth_receipt.item	collected_raw_precursor	categorical	2164	87.64	{}	high_cardinality				2164
payload.entry_machine_input_trace.entry_machine_input_quote_clock_comparison.feature_receipt.depth_receipt.market_route	collected_raw_precursor	categorical	2164	87.64	"{""krx_nxt_integrated"": 1186, ""krx_only"": 978}"	computed_or_insufficient	0.0284	0.04006	0.02627	2164
payload.entry_machine_input_trace.entry_machine_input_quote_clock_comparison.feature_receipt.depth_receipt.observed_epoch	collected_raw_precursor	numeric	2164	87.64	"{""max"": 1790159948.054, ""mean"": 1790089683.884989, ""min"": 1789977237.11}"	identity_or_clock				2164
payload.entry_machine_input_trace.entry_machine_input_quote_clock_comparison.feature_receipt.depth_receipt.transport_epoch	collected_raw_precursor	numeric	2164	87.64	"{""max"": 2.0, ""mean"": 1.0448243992606285, ""min"": 1.0}"	identity_or_clock				2164
payload.entry_machine_input_trace.entry_machine_input_quote_clock_comparison.feature_receipt.item	collected_raw_precursor	categorical	2164	87.64	{}	high_cardinality				2164
payload.entry_machine_input_trace.entry_machine_input_quote_clock_comparison.feature_receipt.market_route	collected_raw_precursor	categorical	2164	87.64	"{""krx_nxt_integrated"": 1186, ""krx_only"": 978}"	computed_or_insufficient	0.0284	0.04006	0.02627	2164
payload.entry_machine_input_trace.entry_machine_input_quote_clock_comparison.feature_receipt.observed_epoch	collected_raw_precursor	numeric	2164	87.64	"{""max"": 1790159948.054, ""mean"": 1790089683.9133291, ""min"": 1789977237.11}"	identity_or_clock				2164
payload.entry_machine_input_trace.entry_machine_input_quote_clock_comparison.feature_receipt.route_sequence	collected_raw_precursor	numeric	2164	87.64	"{""max"": 56293.0, ""mean"": 2047.2925138632163, ""min"": 3.0}"	computed_or_insufficient	0.08634	-0.05948	-0.04081	2164
payload.entry_machine_input_trace.entry_machine_input_quote_clock_comparison.feature_receipt.source_type	collected_raw_precursor	categorical	2164	87.64	"{""0B"": 352, ""0D"": 1812}"	computed_or_insufficient	0.02022	0.00029	0.03711	2164
payload.entry_machine_input_trace.entry_machine_input_quote_clock_comparison.feature_receipt.transport_epoch	collected_raw_precursor	numeric	2164	87.64	"{""max"": 2.0, ""mean"": 1.0448243992606285, ""min"": 1.0}"	identity_or_clock				2164
payload.entry_machine_input_trace.entry_machine_input_refresh_ms	collected_raw_precursor	numeric	2210	87.38	"{""max"": 1350.207, ""mean"": 141.76912986425353, ""min"": 5.466}"	computed_or_insufficient	0.00545	-0.00245	-0.00516	2210
payload.entry_machine_input_trace.entry_machine_input_snapshot_at	collected_raw_precursor	categorical	2210	87.38	{}	identity_or_clock				2210
payload.entry_machine_input_trace.entry_machine_input_ws_snapshot_refresh_age_ms	collected_raw_precursor	numeric	2210	87.38	"{""max"": 2936.402, ""mean"": 505.1508248868777, ""min"": 5.196}"	computed_or_insufficient	0.00685	0.01613	-0.04399	2210
payload.entry_machine_input_trace.entry_machine_input_ws_snapshot_refresh_age_owner	collected_raw_precursor	categorical	2210	87.38	"{""upstream_context"": 2210}"	computed_or_insufficient				2210
payload.entry_machine_input_trace.entry_machine_input_ws_snapshot_refresh_applied	collected_raw_precursor	categorical	2210	87.38	"{""False"": 30, ""True"": 2180}"	computed_or_insufficient	0.02947	0.00831	0.03751	2210
payload.entry_machine_input_trace.entry_machine_input_ws_snapshot_refresh_best_ask	collected_raw_precursor	numeric	2210	87.38	"{""max"": 1916000.0, ""mean"": 62928.01266968326, ""min"": 1024.0}"	computed_or_insufficient	-0.02293	0.02981	-0.01641	2210
payload.entry_machine_input_trace.entry_machine_input_ws_snapshot_refresh_best_bid	collected_raw_precursor	numeric	2210	87.38	"{""max"": 1915000.0, ""mean"": 62856.401357466064, ""min"": 1004.0}"	computed_or_insufficient	-0.02291	0.0298	-0.01643	2210
payload.entry_machine_input_trace.entry_machine_input_ws_snapshot_refresh_enabled	collected_raw_precursor	categorical	2210	87.38	"{""True"": 2210}"	computed_or_insufficient				2210
payload.entry_machine_input_trace.entry_machine_input_ws_snapshot_refresh_latest_price	collected_raw_precursor	numeric	2210	87.38	"{""max"": 1915500.0, ""mean"": 62899.18235294118, ""min"": 1024.0}"	computed_or_insufficient	-0.02296	0.02984	-0.0164	2210
payload.entry_machine_input_trace.entry_machine_input_ws_snapshot_refresh_max_age_ms	collected_raw_precursor	numeric	2210	87.38	"{""max"": 3000.0, ""mean"": 3000.0, ""min"": 3000.0}"	computed_or_insufficient				2210
payload.entry_machine_input_trace.entry_machine_input_ws_snapshot_refresh_reason	collected_raw_precursor	categorical	2210	87.38	"{""latest_best_levels_invalid"": 30, ""latest_ws_snapshot_fresh"": 2180}"	computed_or_insufficient	0.02947	0.00831	0.03751	2210
payload.entry_machine_input_trace.entry_machine_input_ws_snapshot_refresh_source	collected_raw_precursor	categorical	2210	87.38	"{""ws_manager_latest_data"": 2210}"	computed_or_insufficient				2210
payload.entry_timing_context.actual_order_submitted	collected_raw_precursor	categorical	17463	0.26	"{""False"": 17463}"	computed_or_insufficient				17463
payload.entry_timing_context.allowed_runtime_apply	collected_raw_precursor	categorical	17463	0.26	"{""False"": 17463}"	computed_or_insufficient				17463
payload.entry_timing_context.broker_order_forbidden	collected_raw_precursor	categorical	17463	0.26	"{""True"": 17463}"	computed_or_insufficient				17463
payload.entry_timing_context.cohort_filter_applied	collected_raw_precursor	categorical	17463	0.26	"{""True"": 17463}"	computed_or_insufficient				17463
payload.entry_timing_context.context_sha256	collected_raw_precursor	categorical	17463	0.26	{}	identity_or_clock				17463
payload.entry_timing_context.current_promotion_age_sec	collected_raw_precursor	numeric	14565	16.81	"{""max"": 1823.4719, ""mean"": 236.79217601784978, ""min"": 1.0737}"	identity_or_clock				14565
payload.entry_timing_context.current_promotion_epoch	collected_raw_precursor	numeric	14565	16.81	"{""max"": 1790159055.808, ""mean"": 1789575967.2958176, ""min"": 1789344203.496}"	identity_or_clock				14565
payload.entry_timing_context.decision_epoch	collected_raw_precursor	numeric	17463	0.26	"{""max"": 1790159948.8143, ""mean"": 1789589907.6823797, ""min"": 1789342330.5482}"	identity_or_clock				17463
payload.entry_timing_context.decision_price	collected_raw_precursor	numeric	17463	0.26	"{""max"": 1915000.0, ""mean"": 38758.63408349081, ""min"": 947.0}"	computed_or_insufficient	-0.05882	0.05755	0.00699	17463
payload.entry_timing_context.effective_venue	collected_raw_precursor	categorical	17463	0.26	"{""KRX"": 13409, ""KRX_NXT_INTEGRATED"": 2897, ""PREMARKET_KRX_LIKE"": 977, ""UNKNOWN"": 180}"	computed_or_insufficient	0.07958	0.08138	0.01585	17463
payload.entry_timing_context.first_watch_epoch	collected_raw_precursor	numeric	14565	16.81	"{""max"": 1790148510.695, ""mean"": 1789569010.987807, ""min"": 1789344203.496}"	identity_or_clock				14565
payload.entry_timing_context.first_watch_price	collected_raw_precursor	numeric	14565	16.81	"{""max"": 1926000.0, ""mean"": 34656.365396498455, ""min"": 886.0}"	computed_or_insufficient	-0.05373	0.05251	0.00682	14565
payload.entry_timing_context.latest_event_not_after_decision	collected_raw_precursor	categorical	17463	0.26	"{""False"": 2898, ""True"": 14565}"	computed_or_insufficient	0.07227	0.07284	0.0007	17463
payload.entry_timing_context.no_lookahead_filter_applied	collected_raw_precursor	categorical	17463	0.26	"{""True"": 17463}"	computed_or_insufficient				17463
payload.entry_timing_context.price_delta_since_first_watch_pct	collected_raw_precursor	numeric	14565	16.81	"{""max"": 29.1667, ""mean"": 3.7634273463782697, ""min"": -13.9042}"	computed_or_insufficient	0.01098	-0.0117	0.00281	14565
payload.entry_timing_context.promotion_count_as_of_decision	collected_raw_precursor	numeric	17463	0.26	"{""max"": 37.0, ""mean"": 6.208612494989406, ""min"": 0.0}"	identity_or_clock				17463
payload.entry_timing_context.promotion_ids_sha256	collected_raw_precursor	categorical	14565	16.81	{}	identity_or_clock				14565
payload.entry_timing_context.runtime_effect	collected_raw_precursor	categorical	17463	0.26	"{""False"": 17463}"	computed_or_insufficient				17463
payload.entry_timing_context.schema	collected_raw_precursor	categorical	17463	0.26	"{""entry_timing_context_v1"": 17463}"	computed_or_insufficient				17463
payload.entry_timing_context.source_kind	collected_raw_precursor	categorical	17463	0.26	"{""scanner_promotion_events"": 17463}"	computed_or_insufficient				17463
payload.entry_timing_context.source_status	collected_raw_precursor	categorical	17463	0.26	"{""exact_scanner_promotion_asof"": 14565, ""insufficient"": 2898}"	computed_or_insufficient	0.07227	0.07284	0.0007	17463
payload.entry_timing_context.version	collected_raw_precursor	categorical	17463	0.26	"{""entry_timing_late_unreset_policy_v1"": 17463}"	computed_or_insufficient				17463
payload.entry_timing_context.watch_age_sec	collected_raw_precursor	numeric	14565	16.81	"{""max"": 21951.1236, ""mean"": 7193.10034338487, ""min"": 1.0737}"	computed_or_insufficient	-0.065	0.06877	-0.01445	14565
payload.evaluation_attempt_id	collected_raw_precursor	categorical	2996	82.89	{}	identity_or_clock				2996
payload.features.ask_depth_ratio	collected_raw_precursor	numeric	17509	0.0	"{""max"": 6711.83, ""mean"": 187.11530184476635, ""min"": 0.81}"	computed_or_insufficient	0.01282	-0.01622	0.01415	17509
payload.features.buy_pressure_10t	collected_raw_precursor	numeric	17509	0.0	"{""max"": 100.0, ""mean"": 49.67212062367933, ""min"": 0.0}"	computed_or_insufficient	-0.28004	0.25001	0.13473	17509
payload.features.curr_vs_ma5_bp	collected_raw_precursor	numeric	17509	0.0	"{""max"": 1237.37, ""mean"": 16.87277971329038, ""min"": -885.07}"	computed_or_insufficient	-0.05969	0.0413	0.07967	17509
payload.features.curr_vs_micro_vwap_bp	collected_raw_precursor	numeric	17509	0.0	"{""max"": 1390.76, ""mean"": 6.035009994859801, ""min"": -877.84}"	computed_or_insufficient	-0.08058	0.06153	0.08304	17509
payload.features.distance_from_day_high_pct	collected_raw_precursor	numeric	17509	0.0	"{""max"": 1.778, ""mean"": -3.8676293334856195, ""min"": -30.422}"	computed_or_insufficient	-0.01998	0.00587	0.06049	17509
payload.features.entry_context_missing_features	collected_raw_precursor	categorical	139	99.21	"{""micro_vwap,minute_candle"": 20, ""order_flow_pressure"": 85, ""quote_freshness"": 33, ""tick_context,order_flow_pressure"": 1}"	computed_or_insufficient	0.50268	0.50268		139
payload.features.entry_context_quality	collected_raw_precursor	categorical	17509	0.0	"{""complete"": 17370, ""partial"": 105, ""stale"": 34}"	computed_or_insufficient	0.04414	0.04471	0.01039	17509
payload.features.entry_liquidity_score	collected_raw_precursor	numeric	17509	0.0	"{""max"": 100.0, ""mean"": 61.20189616768519, ""min"": 2.0}"	computed_or_insufficient	-0.14057	0.12471	0.07096	17509
payload.features.entry_liquidity_status	collected_raw_precursor	categorical	17509	0.0	"{""adverse"": 4079, ""good"": 2566, ""stale"": 33, ""thin"": 10831}"	computed_or_insufficient	0.14152	0.12496	0.07582	17509
payload.features.entry_momentum_score	collected_raw_precursor	numeric	17509	0.0	"{""max"": 96.0, ""mean"": 52.38117539551088, ""min"": 0.0}"	computed_or_insufficient	-0.08542	0.05334	0.13854	17509
payload.features.entry_momentum_status	collected_raw_precursor	categorical	17509	0.0	"{""accelerating"": 3709, ""fading"": 5874, ""flat"": 7926}"	computed_or_insufficient	0.07959	0.06192	0.16253	17509
payload.features.entry_order_flow_status	collected_raw_precursor	categorical	17509	0.0	"{""adverse"": 8137, ""neutral"": 3138, ""supportive"": 6148, ""unknown"": 86}"	computed_or_insufficient	0.32234	0.29532	0.143	17509
payload.features.evaluation_as_of	collected_raw_precursor	numeric	2210	87.38	"{""max"": 1790159949.0637, ""mean"": 1790087313.0972629, ""min"": 1789974284.4925}"	computed_or_insufficient	-0.01093	-0.01001	0.03948	2210
payload.features.fillability_score	collected_raw_precursor	numeric	17509	0.0	"{""max"": 100.0, ""mean"": 47.92078359700725, ""min"": 0.0}"	computed_or_insufficient	-0.1616	0.14596	0.07055	17509
payload.features.intraday_range_pct	collected_raw_precursor	numeric	17509	0.0	"{""max"": 70.883, ""mean"": 16.69063504483404, ""min"": 1.069}"	computed_or_insufficient	0.06082	-0.05405	-0.0303	17509
payload.features.large_buy_print_detected	collected_raw_precursor	categorical	17509	0.0	"{""False"": 12079, ""True"": 5430}"	computed_or_insufficient	0.16155	0.14787	0.06222	17509
payload.features.large_sell_print_detected	collected_raw_precursor	categorical	17509	0.0	"{""False"": 11959, ""True"": 5550}"	computed_or_insufficient	0.52328	0.50778	0.07911	17509
payload.features.latest_strength	collected_raw_precursor	numeric	17509	0.0	"{""max"": 500.0, ""mean"": 111.45397052944134, ""min"": 30.48}"	computed_or_insufficient	-0.00089	-0.02022	0.08979	17509
payload.features.ma5_available	collected_raw_precursor	categorical	17509	0.0	"{""False"": 20, ""True"": 17489}"	computed_or_insufficient	0.02067	0.02171	0.00393	17509
payload.features.micro_vwap_available	collected_raw_precursor	categorical	17509	0.0	"{""False"": 20, ""True"": 17489}"	computed_or_insufficient	0.02067	0.02171	0.00393	17509
payload.features.microstructure_reaction_ask_sweep_score	collected_raw_precursor	numeric	17509	0.0	"{""max"": 100.0, ""mean"": 44.35170483751214, ""min"": 0.0}"	computed_or_insufficient	-0.29931	0.26422	0.15668	17509
payload.features.microstructure_reaction_bid_replenishment_score	collected_raw_precursor	numeric	17509	0.0	"{""max"": 85.0, ""mean"": 65.77680050259866, ""min"": 35.0}"	computed_or_insufficient	-0.05213	0.04609	0.02698	17509
payload.features.microstructure_reaction_context_id	collected_raw_precursor	categorical	17509	0.0	{}	identity_or_clock				17509
payload.features.microstructure_reaction_context_status	collected_raw_precursor	categorical	17509	0.0	"{""insufficient_window"": 182, ""ok"": 17042, ""source_quality_partial"": 100, ""stale"": 185}"	computed_or_insufficient	0.05815	0.06081	0.01922	17509
payload.features.microstructure_reaction_context_version	collected_raw_precursor	categorical	17509	0.0	"{""microstructure_reaction_context_v2"": 17509}"	computed_or_insufficient				17509
payload.features.microstructure_reaction_entry_reaction_quality	collected_raw_precursor	categorical	17509	0.0	"{""favorable_reaction"": 1305, ""mixed_reaction"": 4257, ""neutral_unusable"": 467, ""risk_context_only"": 5477, ""weak_reaction"": 6003}"	computed_or_insufficient	0.25404	0.21676	0.21186	17509
payload.features.microstructure_reaction_post_sweep_hold_score	collected_raw_precursor	numeric	17509	0.0	"{""max"": 87.0, ""mean"": 51.45902107487578, ""min"": 10.0}"	computed_or_insufficient	-0.14133	0.11607	0.11093	17509
payload.features.microstructure_reaction_quote_stale_threshold_ms	collected_raw_precursor	numeric	17509	0.0	"{""max"": 3000.0, ""mean"": 3000.0, ""min"": 3000.0}"	computed_or_insufficient				17509
payload.features.microstructure_reaction_reference_price	collected_raw_precursor	numeric	17509	0.0	"{""max"": 1915500.0, ""mean"": 38765.751385002, ""min"": 949.0}"	computed_or_insufficient	-0.05911	0.05736	0.00893	17509
payload.features.microstructure_reaction_reference_time	collected_raw_precursor	categorical	17509	0.0	{}	high_cardinality				17509
payload.features.microstructure_reaction_source_quality	collected_raw_precursor	categorical	17509	0.0	"{""fresh_short_window"": 17042, ""invalid_tick_age"": 19, ""stale_tick_or_quote"": 185, ""tick_aggressor_pressure_unusable"": 81, ""tick_sample_lt5"": 182}"	computed_or_insufficient	0.05877	0.06142	0.01922	17509
payload.features.microstructure_reaction_tick_aggressor_pressure_usable	collected_raw_precursor	categorical	17509	0.0	"{""False"": 467, ""True"": 17042}"	computed_or_insufficient	0.02818	0.03287	0.01922	17509
payload.features.microstructure_reaction_tick_aggressor_trusted_count	collected_raw_precursor	numeric	17509	0.0	"{""max"": 10.0, ""mean"": 9.653606716545777, ""min"": 0.0}"	computed_or_insufficient	0.03364	-0.03947	0.0239	17509
payload.features.microstructure_reaction_venue	collected_raw_precursor	categorical	9543	45.5	"{""KRX"": 9543}"	computed_or_insufficient				9543
payload.features.microstructure_reaction_vi_proximity_risk	collected_raw_precursor	numeric	17509	0.0	"{""max"": 77.0, ""mean"": 1.0655662801987549, ""min"": 0.0}"	computed_or_insufficient	-0.04172	0.03226	0.04127	17509
payload.features.microstructure_reaction_wall_replenishment_risk_score	collected_raw_precursor	numeric	17509	0.0	"{""max"": 100.0, ""mean"": 57.958878291164545, ""min"": 25.0}"	computed_or_insufficient	0.20094	-0.18174	-0.08667	17509
payload.features.minute_candle_context_quality	collected_raw_precursor	categorical	17509	0.0	"{""fresh_bar_window"": 17489, ""stale_bar_window"": 20}"	computed_or_insufficient	0.02067	0.02171	0.00393	17509
payload.features.minute_candle_window_fresh	collected_raw_precursor	categorical	17509	0.0	"{""False"": 20, ""True"": 17489}"	computed_or_insufficient	0.02067	0.02171	0.00393	17509
payload.features.net_aggressive_delta_10t	collected_raw_precursor	numeric	17509	0.0	"{""max"": 93254.0, ""mean"": -70.74984293791765, ""min"": -57061.0}"	computed_or_insufficient	-0.10895	0.09271	0.07179	17509
payload.features.net_ask_depth	collected_raw_precursor	numeric	17509	0.0	"{""max"": 3094416.0, ""mean"": 6568.30401507796, ""min"": -267023.0}"	computed_or_insufficient	-0.01549	0.01483	0.00317	17509
payload.features.order_flow_pressure_score	collected_raw_precursor	numeric	17509	0.0	"{""max"": 100.0, ""mean"": 47.72584956308189, ""min"": 0.0}"	computed_or_insufficient	-0.33416	0.30458	0.1342	17509
payload.features.order_flow_pressure_source	collected_raw_precursor	categorical	17509	0.0	"{""trusted_aggressor"": 17423, ""untrusted_or_missing"": 86}"	computed_or_insufficient	0.0176	0.01962	0.00816	17509
payload.features.orderbook_total_ratio	collected_raw_precursor	numeric	17509	0.0	"{""max"": 67.118, ""mean"": 1.8713081272488377, ""min"": 0.008}"	computed_or_insufficient	0.01272	-0.01612	0.01414	17509
payload.features.prev_5tick_seconds	collected_raw_precursor	numeric	17509	0.0	"{""max"": 999.0, ""mean"": 41.95059683591296, ""min"": 0.0}"	computed_or_insufficient	-0.05302	0.05874	-0.02296	17509
payload.features.price_change_10t_pct	collected_raw_precursor	numeric	17509	0.0	"{""max"": 39.098, ""mean"": 0.005502941344451439, ""min"": -3.387}"	computed_or_insufficient	-0.04986	0.04059	0.04065	17509
payload.features.quote_age_ms	collected_raw_precursor	numeric	17509	0.0	"{""max"": 58287.6573, ""mean"": 435.440635296133, ""min"": 17.0}"	computed_or_insufficient	-0.00281	0.00133	0.00637	17509
payload.features.quote_depth_present	collected_raw_precursor	categorical	17509	0.0	"{""True"": 17509}"	computed_or_insufficient				17509
payload.features.quote_fresh_for_entry	collected_raw_precursor	categorical	17509	0.0	"{""False"": 33, ""True"": 17476}"	computed_or_insufficient	0.03552	0.03454	0.00505	17509
payload.features.quote_stale	collected_raw_precursor	categorical	17509	0.0	"{""False"": 17476, ""True"": 33}"	computed_or_insufficient	0.03552	0.03454	0.00505	17509
payload.features.recent_5tick_seconds	collected_raw_precursor	numeric	17509	0.0	"{""max"": 86399.0, ""mean"": 24.640070820720773, ""min"": 0.0}"	computed_or_insufficient	0.0031	-0.00249	-0.00269	17509
payload.features.same_price_buy_absorption	collected_raw_precursor	numeric	17509	0.0	"{""max"": 6.0, ""mean"": 2.7055228739505397, ""min"": 0.0}"	computed_or_insufficient	-0.20548	0.19341	0.05651	17509
payload.features.spread_bp	collected_raw_precursor	numeric	17509	0.0	"{""max"": 1703.7, ""mean"": 56.09743960248987, ""min"": 0.0}"	computed_or_insufficient	0.19961	-0.18396	-0.0716	17509
payload.features.tick_accel_source	collected_raw_precursor	categorical	17509	0.0	"{""computed_10ticks"": 13699, ""insufficient_ticks"": 660, ""no_ticks"": 1, ""same_second_burst_10ticks"": 3143, ""same_second_burst_insufficient_previous_window"": 6}"	computed_or_insufficient	0.06641	0.0721	0.02421	17509
payload.features.tick_acceleration_ratio	collected_raw_precursor	numeric	17509	0.0	"{""max"": 56.0, ""mean"": 1.0737921069164416, ""min"": 0.0}"	computed_or_insufficient	0.00479	-0.01055	0.02435	17509
payload.features.tick_aggressor_pressure_usable	collected_raw_precursor	categorical	17509	0.0	"{""False"": 86, ""True"": 17423}"	computed_or_insufficient	0.0176	0.01962	0.00816	17509
payload.features.tick_aggressor_price_heuristic_count	collected_raw_precursor	numeric	17509	0.0	"{""max"": 9.0, ""mean"": 0.020389513964246958, ""min"": 0.0}"	computed_or_insufficient	-0.01805	0.01981	-0.00705	17509
payload.features.tick_aggressor_trusted_count	collected_raw_precursor	numeric	17509	0.0	"{""max"": 10.0, ""mean"": 9.798046718830316, ""min"": 0.0}"	computed_or_insufficient	0.05225	-0.0575	0.021	17509
payload.features.tick_context_quality	collected_raw_precursor	categorical	17509	0.0	"{""accel_insufficient_ticks"": 651, ""accel_same_second_burst_insufficient_previous_window"": 6, ""fresh_computed"": 16665, ""missing_ticks"": 1, ""stale_tick"": 186}"	computed_or_insufficient	0.05172	0.05711	0.02614	17509
payload.features.tick_context_stale	collected_raw_precursor	categorical	17509	0.0	"{""False"": 17322, ""True"": 186, ""not_available_tick_latest_age"": 1}"	computed_or_insufficient	0.00879	0.00693	0.01207	17509
payload.features.tick_latest_age_ms	collected_raw_precursor	mixed	17509	0.0	{}	mixed_type				17509
payload.features.top1_ask_notional	collected_raw_precursor	numeric	17509	0.0	"{""max"": 208290428000.0, ""mean"": 120021231.53858016, ""min"": 1153.0}"	computed_or_insufficient	-0.02284	0.02349	-0.00218	17509
payload.features.top1_bid_notional	collected_raw_precursor	numeric	17509	0.0	"{""max"": 85356220500.0, ""mean"": 69312250.07264835, ""min"": 1264.0}"	computed_or_insufficient	-0.02925	0.02998	-0.00237	17509
payload.features.top3_ask_notional	collected_raw_precursor	numeric	17509	0.0	"{""max"": 698352354000.0, ""mean"": 503081851.40019417, ""min"": 4386.0}"	computed_or_insufficient	-0.02242	0.02316	-0.00258	17509
payload.features.top3_bid_notional	collected_raw_precursor	numeric	17509	0.0	"{""max"": 168029026500.0, ""mean"": 220562366.43000743, ""min"": 9825.0}"	computed_or_insufficient	-0.03033	0.03114	-0.00267	17509
payload.features.top3_depth_ratio	collected_raw_precursor	numeric	17509	0.0	"{""max"": 729.667, ""mean"": 2.979012222285691, ""min"": 0.0}"	computed_or_insufficient	0.03784	-0.03321	-0.02064	17509
payload.features.volume_ratio_pct	collected_raw_precursor	numeric	17509	0.0	"{""max"": 55444.54, ""mean"": 420.12037466445577, ""min"": 0.0}"	computed_or_insufficient	0.02417	-0.02848	0.01774	17509
payload.features.would_fill_now	collected_raw_precursor	categorical	17509	0.0	"{""False"": 11013, ""True"": 6496}"	computed_or_insufficient	0.1226	0.11251	0.04597	17509
payload.input_schema	collected_raw_precursor	categorical	17509	0.0	"{""entry_screen_hot_v1"": 17509}"	computed_or_insufficient				17509
payload.latest_tick.aggressor_quality	collected_raw_precursor	categorical	17486	0.13	"{""price_down_vs_previous_print"": 239, ""price_up_vs_previous_print"": 242, ""same_price_or_oldest_tick"": 754, ""signed_trade_volume_negative"": 7403, ""signed_trade_volume_positive"": 8848}"	computed_or_insufficient	0.11081	0.09845	0.05887	17486
payload.latest_tick.dir	collected_raw_precursor	categorical	17486	0.13	"{""BUY"": 8848, ""SELL"": 7403, ""UNKNOWN"": 1235}"	computed_or_insufficient	0.11042	0.09776	0.05746	17486
payload.latest_tick.price	collected_raw_precursor	numeric	17486	0.13	"{""max"": 1915500.0, ""mean"": 38768.58246597278, ""min"": 949.0}"	computed_or_insufficient	-0.05896	0.05721	0.00893	17486
payload.latest_tick.strength	collected_raw_precursor	numeric	17509	0.0	"{""max"": 500.0, ""mean"": 111.34793420526516, ""min"": 0.0}"	computed_or_insufficient	-0.0012	-0.01987	0.0896	17509
payload.latest_tick.time	collected_raw_precursor	categorical	17486	0.13	{}	identity_or_clock				17486
payload.latest_tick.volume	collected_raw_precursor	numeric	17486	0.13	"{""max"": 26945.0, ""mean"": 96.94990277936635, ""min"": 1.0}"	computed_or_insufficient	0.05218	-0.05353	0.00443	17486
payload.mechanistic_micro_window.action	collected_raw_precursor	categorical	17509	0.0	"{""CONTINUE"": 7453, ""DEFER_ADVERSE_FLOW"": 1, ""SOURCE_UNAVAILABLE"": 10055}"	computed_or_insufficient	0.03608	0.03631	0.0009	17509
payload.mechanistic_micro_window.bid_end	collected_raw_precursor	numeric	7454	57.43	"{""max"": 1898000.0, ""mean"": 18879.631338878455, ""min"": 990.0}"	computed_or_insufficient	-0.08259	0.07426	0.03755	7454
payload.mechanistic_micro_window.bid_min	collected_raw_precursor	numeric	7454	57.43	"{""max"": 1898000.0, ""mean"": 18878.26925140864, ""min"": 990.0}"	computed_or_insufficient	-0.08259	0.07427	0.03755	7454
payload.mechanistic_micro_window.bid_start	collected_raw_precursor	numeric	7454	57.43	"{""max"": 1898000.0, ""mean"": 18879.676415347465, ""min"": 990.0}"	computed_or_insufficient	-0.08259	0.07426	0.03754	7454
payload.mechanistic_micro_window.buy_qty_halves.length	collected_raw_precursor	numeric	7454	57.43	"{""max"": 2.0, ""mean"": 2.0, ""min"": 2.0}"	computed_or_insufficient				7454
payload.mechanistic_micro_window.buy_qty_halves.numeric_last	collected_raw_precursor	numeric	7454	57.43	"{""max"": 715.0, ""mean"": 0.632143815401127, ""min"": 0.0}"	computed_or_insufficient	0.01407	-0.01348	-0.00292	7454
payload.mechanistic_micro_window.buy_qty_halves.numeric_max	collected_raw_precursor	numeric	7454	57.43	"{""max"": 34618.0, ""mean"": 183.54440568822108, ""min"": 0.0}"	computed_or_insufficient	-0.00171	0.00255	-0.00348	7454
payload.mechanistic_micro_window.buy_qty_halves.numeric_mean	collected_raw_precursor	numeric	7454	57.43	"{""max"": 17309.0, ""mean"": 92.0273678561846, ""min"": 0.0}"	computed_or_insufficient	-0.00152	0.00237	-0.00353	7454
payload.mechanistic_micro_window.buy_qty_halves.numeric_min	collected_raw_precursor	numeric	7454	57.43	"{""max"": 527.0, ""mean"": 0.5103300241481084, ""min"": 0.0}"	computed_or_insufficient	0.01447	-0.01371	-0.00365	7454
payload.mechanistic_micro_window.checks.bid_declining	collected_raw_precursor	categorical	7454	57.43	"{""False"": 6904, ""True"": 550}"	computed_or_insufficient	0.06595	0.06184	0.0193	7454
payload.mechanistic_micro_window.checks.no_bid_recovery	collected_raw_precursor	categorical	7454	57.43	"{""False"": 595, ""True"": 6859}"	computed_or_insufficient	0.0454	0.04583	0.00042	7454
payload.mechanistic_micro_window.checks.sell_dominant_both_halves	collected_raw_precursor	categorical	7454	57.43	"{""False"": 7450, ""True"": 4}"	computed_or_insufficient	0.00569	0.00637	0.00269	7454
payload.mechanistic_micro_window.checks.sell_speed_not_easing	collected_raw_precursor	categorical	7454	57.43	"{""False"": 2992, ""True"": 4462}"	computed_or_insufficient	0.11902	0.11151	0.03524	7454
payload.mechanistic_micro_window.contract	collected_raw_precursor	categorical	17509	0.0	"{""machine_entry_adverse_flow_v1"": 17509}"	computed_or_insufficient				17509
payload.mechanistic_micro_window.cutoff_ms	collected_raw_precursor	numeric	17509	0.0	"{""max"": 1790159949063.0, ""mean"": 1789591058596.6667, ""min"": 1789341994637.0}"	computed_or_insufficient	-0.18592	0.15925	0.11808	17509
payload.mechanistic_micro_window.effective_venue	collected_raw_precursor	categorical	2297	86.88	"{""KRX"": 1879, ""KRX_NXT_INTEGRATED"": 418}"	computed_or_insufficient	0.27478	0.22991	0.13514	2297
payload.mechanistic_micro_window.epoch	collected_raw_precursor	numeric	7454	57.43	"{""max"": 2.0, ""mean"": 1.0040246847330292, ""min"": 1.0}"	computed_or_insufficient	-0.01561	0.01748	-0.00738	7454
payload.mechanistic_micro_window.feature.aggressive_buy_qty_before_max_depletion	collected_raw_precursor	numeric	7426	57.59	"{""max"": 14877.0, ""mean"": 63.362106113654725, ""min"": 0.0}"	computed_or_insufficient	-0.00499	0.0049	0.00054	7426
payload.mechanistic_micro_window.feature.aggressive_buy_trade_backed_ratio	collected_raw_precursor	numeric	7426	57.59	"{""max"": 1.0, ""mean"": 0.19163338094222226, ""min"": 0.0}"	computed_or_insufficient	0.0061	-0.0018	-0.01829	7426
payload.mechanistic_micro_window.feature.anchor_depth.ask	collected_raw_precursor	numeric	7454	57.43	"{""max"": 1899000.0, ""mean"": 18905.24939629729, ""min"": 994.0}"	computed_or_insufficient	-0.08261	0.07428	0.03758	7454
payload.mechanistic_micro_window.feature.anchor_depth.asks.length	collected_raw_precursor	numeric	7454	57.43	"{""max"": 5.0, ""mean"": 4.999463375368929, ""min"": 2.0}"	computed_or_insufficient	-0.00395	0.00357	0.0017	7454
payload.mechanistic_micro_window.feature.anchor_depth.at_ms	collected_raw_precursor	numeric	7454	57.43	"{""max"": 1790159948054.0, ""mean"": 1789539477534.8079, ""min"": 1789344223412.0}"	computed_or_insufficient	-0.21142	0.17071	0.17786	7454
payload.mechanistic_micro_window.feature.anchor_depth.bid	collected_raw_precursor	numeric	7454	57.43	"{""max"": 1898000.0, ""mean"": 18879.676415347465, ""min"": 990.0}"	computed_or_insufficient	-0.08259	0.07426	0.03754	7454
payload.mechanistic_micro_window.feature.anchor_depth.epoch	collected_raw_precursor	numeric	7454	57.43	"{""max"": 2.0, ""mean"": 1.0040246847330292, ""min"": 1.0}"	computed_or_insufficient	-0.01561	0.01748	-0.00738	7454
payload.mechanistic_micro_window.feature.anchor_depth.item	collected_raw_precursor	categorical	7454	57.43	{}	high_cardinality				7454
payload.mechanistic_micro_window.feature.anchor_depth.quantity	collected_raw_precursor	numeric	7454	57.43	"{""max"": 733531.0, ""mean"": 2148.78306949289, ""min"": 1.0}"	computed_or_insufficient	-0.03632	0.03726	-0.00285	7454
payload.mechanistic_micro_window.feature.anchor_depth.sequence	collected_raw_precursor	numeric	7454	57.43	"{""max"": 45183.0, ""mean"": 1784.9961094714247, ""min"": 5.0}"	computed_or_insufficient	-0.01721	0.02655	-0.03881	7454
payload.mechanistic_micro_window.feature.best_ask_depletion_velocity_qty_per_sec	collected_raw_precursor	numeric	7426	57.59	"{""max"": 1190857.142857143, ""mean"": 2304.895302903773, ""min"": 0.0}"	computed_or_insufficient	-0.00179	0.00211	-0.0013	7426
payload.mechanistic_micro_window.feature.checkpoint_at_ms	collected_raw_precursor	numeric	7454	57.43	"{""max"": 1790159949063.0, ""mean"": 1789539478729.3652, ""min"": 1789344225197.0}"	computed_or_insufficient	-0.21142	0.17071	0.17786	7454
payload.mechanistic_micro_window.feature.depth_observation_count	collected_raw_precursor	numeric	7454	57.43	"{""max"": 20.0, ""mean"": 2.3426348269385566, ""min"": 1.0}"	computed_or_insufficient	0.07188	-0.06492	-0.03147	7454
payload.mechanistic_micro_window.feature.downward_reprice_observed	collected_raw_precursor	categorical	7454	57.43	"{""False"": 6854, ""True"": 600}"	computed_or_insufficient	0.0888	0.0864	0.01279	7454
payload.mechanistic_micro_window.feature.eligible_for_feature_ablation	collected_raw_precursor	categorical	7454	57.43	"{""False"": 28, ""True"": 7426}"	computed_or_insufficient	0.03911	0.0377	0.00712	7454
payload.mechanistic_micro_window.feature.endpoint_depth.ask	collected_raw_precursor	numeric	7454	57.43	"{""max"": 1899000.0, ""mean"": 18905.199221894283, ""min"": 994.0}"	computed_or_insufficient	-0.08261	0.07428	0.03758	7454
payload.mechanistic_micro_window.feature.endpoint_depth.asks.length	collected_raw_precursor	numeric	7454	57.43	"{""max"": 5.0, ""mean"": 4.999463375368929, ""min"": 2.0}"	computed_or_insufficient	-0.00395	0.00357	0.0017	7454
payload.mechanistic_micro_window.feature.endpoint_depth.at_ms	collected_raw_precursor	numeric	7454	57.43	"{""max"": 1790159948054.0, ""mean"": 1789539477810.449, ""min"": 1789344224394.0}"	computed_or_insufficient	-0.21142	0.17071	0.17786	7454
payload.mechanistic_micro_window.feature.endpoint_depth.bid	collected_raw_precursor	numeric	7454	57.43	"{""max"": 1898000.0, ""mean"": 18879.631338878455, ""min"": 990.0}"	computed_or_insufficient	-0.08259	0.07426	0.03755	7454
payload.mechanistic_micro_window.feature.endpoint_depth.epoch	collected_raw_precursor	numeric	7454	57.43	"{""max"": 2.0, ""mean"": 1.0040246847330292, ""min"": 1.0}"	computed_or_insufficient	-0.01561	0.01748	-0.00738	7454
payload.mechanistic_micro_window.feature.endpoint_depth.item	collected_raw_precursor	categorical	7454	57.43	{}	high_cardinality				7454
payload.mechanistic_micro_window.feature.endpoint_depth.quantity	collected_raw_precursor	numeric	7454	57.43	"{""max"": 733454.0, ""mean"": 2127.6491816474377, ""min"": 1.0}"	computed_or_insufficient	-0.03736	0.03828	-0.00275	7454
payload.mechanistic_micro_window.feature.endpoint_depth.sequence	collected_raw_precursor	numeric	7454	57.43	"{""max"": 45184.0, ""mean"": 1786.3387442983633, ""min"": 5.0}"	computed_or_insufficient	-0.01717	0.02651	-0.03883	7454
payload.mechanistic_micro_window.feature.endpoint_trade.at_ms	collected_raw_precursor	numeric	7454	57.43	"{""max"": 1790159947854.0, ""mean"": 1789539477751.173, ""min"": 1789344224415.0}"	computed_or_insufficient	-0.21142	0.17071	0.17786	7454
payload.mechanistic_micro_window.feature.endpoint_trade.epoch	collected_raw_precursor	numeric	7454	57.43	"{""max"": 2.0, ""mean"": 1.0040246847330292, ""min"": 1.0}"	computed_or_insufficient	-0.01561	0.01748	-0.00738	7454
payload.mechanistic_micro_window.feature.endpoint_trade.item	collected_raw_precursor	categorical	7454	57.43	{}	high_cardinality				7454
payload.mechanistic_micro_window.feature.endpoint_trade.price	collected_raw_precursor	numeric	7454	57.43	"{""max"": 1898000.0, ""mean"": 18893.955594311778, ""min"": 990.0}"	computed_or_insufficient	-0.08263	0.0743	0.03759	7454
payload.mechanistic_micro_window.feature.endpoint_trade.provider_trade_date_basis	collected_raw_precursor	categorical	800	95.43	"{""local_receive_calendar_date_not_provider_date"": 800}"	computed_or_insufficient				800
payload.mechanistic_micro_window.feature.endpoint_trade.provider_trade_epoch	collected_raw_precursor	numeric	800	95.43	"{""max"": 1790159947.0, ""mean"": 1790095531.53625, ""min"": 1789962030.0}"	identity_or_clock				800
payload.mechanistic_micro_window.feature.endpoint_trade.provider_trade_time_precision_ms	collected_raw_precursor	numeric	800	95.43	"{""max"": 1000.0, ""mean"": 1000.0, ""min"": 1000.0}"	computed_or_insufficient				800
payload.mechanistic_micro_window.feature.endpoint_trade.quantity	collected_raw_precursor	numeric	7454	57.43	"{""max"": 22809.0, ""mean"": 130.8950898846257, ""min"": 1.0}"	computed_or_insufficient	0.01991	-0.01751	-0.01072	7454
payload.mechanistic_micro_window.feature.endpoint_trade.sequence	collected_raw_precursor	numeric	7454	57.43	"{""max"": 75732.0, ""mean"": 3087.5468204990607, ""min"": 2.0}"	computed_or_insufficient	0.0246	-0.01508	-0.04085	7454
payload.mechanistic_micro_window.feature.endpoint_trade.side	collected_raw_precursor	categorical	7454	57.43	"{""BUY"": 4079, ""SELL"": 3375}"	computed_or_insufficient	0.08658	0.07947	0.03255	7454
payload.mechanistic_micro_window.feature.feature_version	collected_raw_precursor	categorical	7454	57.43	"{""machine_confirmation_fixed_price_window_v1"": 7454}"	computed_or_insufficient				7454
payload.mechanistic_micro_window.feature.horizon_ms	collected_raw_precursor	numeric	7454	57.43	"{""max"": 1000.0, ""mean"": 1000.0, ""min"": 1000.0}"	computed_or_insufficient				7454
payload.mechanistic_micro_window.feature.market_observation_count	collected_raw_precursor	numeric	7454	57.43	"{""max"": 113.0, ""mean"": 2.1285215991414006, ""min"": 0.0}"	computed_or_insufficient	0.06202	-0.05844	-0.01693	7454
payload.mechanistic_micro_window.feature.max_best_ask_depletion_qty	collected_raw_precursor	numeric	7426	57.59	"{""max"": 27742.0, ""mean"": 107.28979262052249, ""min"": 0.0}"	computed_or_insufficient	0.00922	-0.00754	-0.00733	7426
payload.mechanistic_micro_window.feature.refill_half_life_ms	collected_raw_precursor	numeric	232	98.67	"{""max"": 409.0, ""mean"": 125.375, ""min"": 7.0}"	computed_or_insufficient	-0.03145	0.00253	0.12142	232
payload.mechanistic_micro_window.feature.refill_ratio	collected_raw_precursor	numeric	7426	57.59	"{""max"": 1004.0, ""mean"": 1.5189651667576578, ""min"": 0.0}"	computed_or_insufficient	0.0243	-0.02303	-0.00608	7426
payload.mechanistic_micro_window.feature.source_gap_reasons.contains:fixed_ask_level_unobserved	collected_raw_precursor	categorical	7454	57.43	"{""False"": 7426, ""True"": 28}"	computed_or_insufficient	0.03911	0.0377	0.00712	7454
payload.mechanistic_micro_window.feature.source_gap_reasons.contains:initial_or_fixed_depth_invalid	collected_raw_precursor	categorical	7454	57.43	"{""False"": 7426, ""True"": 28}"	computed_or_insufficient	0.03911	0.0377	0.00712	7454
payload.mechanistic_micro_window.feature.source_gap_reasons.length	collected_raw_precursor	numeric	7454	57.43	"{""max"": 2.0, ""mean"": 0.007512744834987926, ""min"": 0.0}"	computed_or_insufficient	0.03911	-0.0377	-0.00712	7454
payload.mechanistic_micro_window.feature.source_quality_status	collected_raw_precursor	categorical	7454	57.43	"{""eligible"": 7426, ""source_gap"": 28}"	computed_or_insufficient	0.03911	0.0377	0.00712	7454
payload.mechanistic_micro_window.feature.unexplained_or_cancel_like_depletion_ratio	collected_raw_precursor	numeric	7426	57.59	"{""max"": 1.0, ""mean"": 0.14960012296297562, ""min"": 0.0}"	computed_or_insufficient	0.01385	-0.01653	0.01086	7426
payload.mechanistic_micro_window.feature.window_source_sha256	collected_raw_precursor	categorical	7454	57.43	{}	identity_or_clock				7454
payload.mechanistic_micro_window.feature.window_started_at_ms	collected_raw_precursor	numeric	7454	57.43	"{""max"": 1790159948063.0, ""mean"": 1789539477729.3652, ""min"": 1789344224197.0}"	computed_or_insufficient	-0.21142	0.17071	0.17786	7454
payload.mechanistic_micro_window.item	collected_raw_precursor	categorical	7454	57.43	{}	high_cardinality				7454
payload.mechanistic_micro_window.machine_market_route_binding.confirmation_route	collected_raw_precursor	categorical	2545	85.46	"{""KRX"": 1170, ""SOR"": 1375}"	computed_or_insufficient	0.05667	0.06469	0.02246	2545
payload.mechanistic_micro_window.machine_market_route_binding.effective_venue	collected_raw_precursor	categorical	2545	85.46	"{""KRX"": 1820, ""KRX_NXT_INTEGRATED"": 609, ""PREMARKET_KRX_LIKE"": 116}"	computed_or_insufficient	0.04345	0.06338	0.04818	2545
payload.mechanistic_micro_window.machine_market_route_binding.market_data_route	collected_raw_precursor	categorical	2545	85.46	"{""krx_nxt_integrated"": 1375, ""krx_only"": 1170}"	computed_or_insufficient	0.05667	0.06469	0.02246	2545
payload.mechanistic_micro_window.machine_market_route_binding.session_bucket	collected_raw_precursor	categorical	2545	85.46	"{""krx_nxt_aftermarket"": 609, ""krx_regular"": 1820, ""premarket_krx_like"": 116}"	computed_or_insufficient	0.04345	0.06338	0.04818	2545
payload.mechanistic_micro_window.machine_market_route_binding.snapshot_id	collected_raw_precursor	categorical	2545	85.46	{}	identity_or_clock				2545
payload.mechanistic_micro_window.market_data_health.as_of_epoch	collected_raw_precursor	numeric	2544	85.47	"{""max"": 1790159949.063, ""mean"": 1790071434.174463, ""min"": 1789962030.655}"	identity_or_clock				2544
payload.mechanistic_micro_window.market_data_health.decision_authority	collected_raw_precursor	categorical	2544	85.47	"{""False"": 2544}"	computed_or_insufficient				2544
payload.mechanistic_micro_window.market_data_health.executable_quote_receive_age_ms	collected_raw_precursor	numeric	2543	85.48	"{""max"": 63113.00015449524, ""mean"": 1636.103025253392, ""min"": 260.9999179840088}"	computed_or_insufficient	0.03371	-0.01798	-0.03042	2543
payload.mechanistic_micro_window.market_data_health.missing_values_imputed	collected_raw_precursor	categorical	2544	85.47	"{""False"": 2544}"	computed_or_insufficient				2544
payload.mechanistic_micro_window.market_data_health.quiet_tape_after_ms	collected_raw_precursor	numeric	2544	85.47	"{""max"": 10000.0, ""mean"": 10000.0, ""min"": 10000.0}"	computed_or_insufficient				2544
payload.mechanistic_micro_window.market_data_health.quote_max_age_ms	collected_raw_precursor	numeric	2544	85.47	"{""max"": 1500.0, ""mean"": 1500.0, ""min"": 1500.0}"	computed_or_insufficient				2544
payload.mechanistic_micro_window.market_data_health.rest_quote	collected_raw_precursor	none	0	100.0	{}	no_observed_value				0
payload.mechanistic_micro_window.market_data_health.routes.KRX|krx_only.effective_venue	collected_raw_precursor	categorical	1233	92.96	"{""KRX"": 1233}"	computed_or_insufficient				1233
payload.mechanistic_micro_window.market_data_health.routes.KRX|krx_only.item	collected_raw_precursor	categorical	1233	92.96	{}	high_cardinality				1233
payload.mechanistic_micro_window.market_data_health.routes.KRX|krx_only.market_data_scope	collected_raw_precursor	categorical	1233	92.96	"{""KRX"": 1233}"	computed_or_insufficient				1233
payload.mechanistic_micro_window.market_data_health.routes.KRX|krx_only.market_no_print_proven	collected_raw_precursor	categorical	1233	92.96	"{""False"": 1233}"	computed_or_insufficient				1233
payload.mechanistic_micro_window.market_data_health.routes.KRX|krx_only.market_route	collected_raw_precursor	categorical	1233	92.96	"{""krx_only"": 1233}"	computed_or_insufficient				1233
payload.mechanistic_micro_window.market_data_health.routes.KRX|krx_only.observation_continuity_proven	collected_raw_precursor	categorical	1233	92.96	"{""False"": 672, ""True"": 561}"	computed_or_insufficient	0.02503	0.00191	0.04681	1233
payload.mechanistic_micro_window.market_data_health.routes.KRX|krx_only.provider_trade_date_basis	collected_raw_precursor	categorical	1233	92.96	"{""local_receive_calendar_date_not_provider_date"": 1233}"	computed_or_insufficient				1233
payload.mechanistic_micro_window.market_data_health.routes.KRX|krx_only.provider_trade_time_precision_ms	collected_raw_precursor	numeric	1233	92.96	"{""max"": 1000.0, ""mean"": 1000.0, ""min"": 1000.0}"	computed_or_insufficient				1233
payload.mechanistic_micro_window.market_data_health.routes.KRX|krx_only.quiet_episode_count	collected_raw_precursor	numeric	561	96.8	"{""max"": 1.0, ""mean"": 0.0071301247771836, ""min"": 0.0}"	computed_or_insufficient	-0.01071	0.02206	-0.02284	561
payload.mechanistic_micro_window.market_data_health.routes.KRX|krx_only.quote_receive_age_ms	collected_raw_precursor	numeric	1233	92.96	"{""max"": 83304.99982833862, ""mean"": 1807.3925355151719, ""min"": 513.9999389648438}"	computed_or_insufficient	0.0136	-0.00321	-0.02086	1233
payload.mechanistic_micro_window.market_data_health.routes.KRX|krx_only.quote_state	collected_raw_precursor	categorical	1233	92.96	"{""fresh"": 570, ""stale"": 662, ""unproven"": 1}"	computed_or_insufficient	0.04063	0.02454	0.05058	1233
payload.mechanistic_micro_window.market_data_health.routes.KRX|krx_only.trade_activity_state	collected_raw_precursor	categorical	1233	92.96	"{""OBSERVATION_UNPROVEN"": 672, ""RECENT_TRADE"": 561}"	computed_or_insufficient	0.02503	0.00191	0.04681	1233
payload.mechanistic_micro_window.market_data_health.routes.KRX|krx_only.trade_event_age_ms	collected_raw_precursor	numeric	1233	92.96	"{""max"": 116471.99988365173, ""mean"": 2949.0811010733523, ""min"": 654.9999713897705}"	computed_or_insufficient	0.01019	0.00016	-0.02103	1233
payload.mechanistic_micro_window.market_data_health.routes.KRX|krx_only.trade_receive_age_ms	collected_raw_precursor	numeric	1233	92.96	"{""max"": 86415.60530662537, ""mean"": 2180.5281544350455, ""min"": 509.0806484222412}"	computed_or_insufficient	0.01483	-0.0013	-0.02738	1233
payload.mechanistic_micro_window.market_data_health.routes.KRX|krx_only.transport_epoch	collected_raw_precursor	numeric	1233	92.96	"{""max"": 2.0, ""mean"": 1.0413625304136254, ""min"": 1.0}"	identity_or_clock				1233
payload.mechanistic_micro_window.market_data_health.routes.KRX|krx_only.underlying_event_venue_proven	collected_raw_precursor	categorical	1233	92.96	"{""False"": 1, ""True"": 1232}"	computed_or_insufficient	0.0196	0.02217	0.00694	1233
payload.mechanistic_micro_window.market_data_health.routes._AL|krx_nxt_integrated.effective_venue	collected_raw_precursor	categorical	1383	92.1	"{""UNKNOWN"": 1383}"	computed_or_insufficient				1383
payload.mechanistic_micro_window.market_data_health.routes._AL|krx_nxt_integrated.item	collected_raw_precursor	categorical	1383	92.1	{}	high_cardinality				1383
payload.mechanistic_micro_window.market_data_health.routes._AL|krx_nxt_integrated.market_data_scope	collected_raw_precursor	categorical	1383	92.1	"{""KRX_NXT_INTEGRATED"": 1382, ""UNKNOWN"": 1}"	computed_or_insufficient	0.04467	0.03984	0.00597	1383
payload.mechanistic_micro_window.market_data_health.routes._AL|krx_nxt_integrated.market_no_print_proven	collected_raw_precursor	categorical	1383	92.1	"{""False"": 1383}"	computed_or_insufficient				1383
payload.mechanistic_micro_window.market_data_health.routes._AL|krx_nxt_integrated.market_route	collected_raw_precursor	categorical	1383	92.1	"{""krx_nxt_integrated"": 1383}"	computed_or_insufficient				1383
payload.mechanistic_micro_window.market_data_health.routes._AL|krx_nxt_integrated.observation_continuity_proven	collected_raw_precursor	categorical	1383	92.1	"{""False"": 674, ""True"": 709}"	computed_or_insufficient	0.03816	0.00318	0.08665	1383
payload.mechanistic_micro_window.market_data_health.routes._AL|krx_nxt_integrated.provider_trade_date_basis	collected_raw_precursor	categorical	1382	92.11	"{""local_receive_calendar_date_not_provider_date"": 1382}"	computed_or_insufficient				1382
payload.mechanistic_micro_window.market_data_health.routes._AL|krx_nxt_integrated.provider_trade_time_precision_ms	collected_raw_precursor	numeric	1382	92.11	"{""max"": 1000.0, ""mean"": 1000.0, ""min"": 1000.0}"	computed_or_insufficient				1382
payload.mechanistic_micro_window.market_data_health.routes._AL|krx_nxt_integrated.quiet_episode_count	collected_raw_precursor	numeric	709	95.95	"{""max"": 2.0, ""mean"": 0.023977433004231313, ""min"": 0.0}"	computed_or_insufficient	-0.02503	0.02527	-0.00364	709
payload.mechanistic_micro_window.market_data_health.routes._AL|krx_nxt_integrated.quote_receive_age_ms	collected_raw_precursor	numeric	1383	92.1	"{""max"": 202333.99987220764, ""mean"": 2105.8481534322104, ""min"": 260.9999179840088}"	computed_or_insufficient	0.07332	-0.06063	-0.02023	1383
payload.mechanistic_micro_window.market_data_health.routes._AL|krx_nxt_integrated.quote_state	collected_raw_precursor	categorical	1383	92.1	"{""fresh"": 729, ""invalid"": 4, ""stale"": 649, ""unproven"": 1}"	computed_or_insufficient	0.04786	0.02845	0.08075	1383
payload.mechanistic_micro_window.market_data_health.routes._AL|krx_nxt_integrated.trade_activity_state	collected_raw_precursor	categorical	1383	92.1	"{""OBSERVATION_UNPROVEN"": 674, ""RECENT_TRADE"": 709}"	computed_or_insufficient	0.03816	0.00318	0.08665	1383
payload.mechanistic_micro_window.market_data_health.routes._AL|krx_nxt_integrated.trade_event_age_ms	collected_raw_precursor	numeric	1382	92.11	"{""max"": 205361.9999885559, ""mean"": 3074.3386383167053, ""min"": 548.0000972747803}"	computed_or_insufficient	0.05624	-0.04195	-0.02545	1382
payload.mechanistic_micro_window.market_data_health.routes._AL|krx_nxt_integrated.trade_receive_age_ms	collected_raw_precursor	numeric	1382	92.11	"{""max"": 204606.93287849426, ""mean"": 2388.872056207505, ""min"": 333.06312561035156}"	computed_or_insufficient	0.05929	-0.04493	-0.0253	1382
payload.mechanistic_micro_window.market_data_health.routes._AL|krx_nxt_integrated.transport_epoch	collected_raw_precursor	numeric	1383	92.1	"{""max"": 2.0, ""mean"": 1.0535068691250904, ""min"": 1.0}"	identity_or_clock				1383
payload.mechanistic_micro_window.market_data_health.routes._AL|krx_nxt_integrated.underlying_event_venue_proven	collected_raw_precursor	categorical	1383	92.1	"{""False"": 1383}"	computed_or_insufficient				1383
payload.mechanistic_micro_window.market_data_health.schema	collected_raw_precursor	categorical	2544	85.47	"{""kiwoom_market_data_health_v1"": 2544}"	computed_or_insufficient				2544
payload.mechanistic_micro_window.market_data_health.transport_receive_age_ms	collected_raw_precursor	numeric	2544	85.47	"{""max"": 7545.000076293945, ""mean"": 1534.1606085780281, ""min"": 260.9999179840088}"	computed_or_insufficient	0.01324	0.01191	-0.05247	2544
payload.mechanistic_micro_window.market_session	collected_raw_precursor	categorical	2297	86.88	"{""UNKNOWN"": 1497, ""krx_nxt_aftermarket"": 183, ""krx_regular"": 539, ""premarket_krx_like"": 78}"	computed_or_insufficient	0.39897	0.33547	0.20315	2297
payload.mechanistic_micro_window.reason	collected_raw_precursor	categorical	10055	42.57	"{""ending_depth_stale_or_missing"": 76, ""ending_depth_stale_or_missing,starting_depth_stale,trade_watermark_stale_or_missing"": 257, ""ending_depth_stale_or_missing,trade_watermark_stale_or_missing"": 1437, ""ending_depth_stale_or_missing,trade_watermark_stale_or_missing,window_source_invalid:ValueError"": 40, ""exact_route_missing_or_duplicate"": 5907, ""machine_payload_market_route_missing_or_conflicting"": 484, ""starting_depth_stale"": 41, ""trade_watermark_stale_or_missing"": 1729}"	computed_or_insufficient	0.25463	0.24028	0.08324	10055
payload.mechanistic_micro_window.route_identity_source	collected_raw_precursor	categorical	2297	86.88	"{""exact_integrated_market_route"": 418, ""exact_realtime_type_effective_venue"": 1879}"	computed_or_insufficient	0.27478	0.22991	0.13514	2297
payload.mechanistic_micro_window.sell_qty_halves.length	collected_raw_precursor	numeric	7454	57.43	"{""max"": 2.0, ""mean"": 2.0, ""min"": 2.0}"	computed_or_insufficient				7454
payload.mechanistic_micro_window.sell_qty_halves.numeric_last	collected_raw_precursor	numeric	7454	57.43	"{""max"": 5827.0, ""mean"": 1.1455594311778912, ""min"": 0.0}"	computed_or_insufficient	0.01045	-0.01014	-0.00162	7454
payload.mechanistic_micro_window.sell_qty_halves.numeric_max	collected_raw_precursor	numeric	7454	57.43	"{""max"": 30142.0, ""mean"": 201.64086396565602, ""min"": 0.0}"	computed_or_insufficient	0.03818	-0.0353	-0.01327	7454
payload.mechanistic_micro_window.sell_qty_halves.numeric_mean	collected_raw_precursor	numeric	7454	57.43	"{""max"": 15071.0, ""mean"": 100.92997048564528, ""min"": 0.0}"	computed_or_insufficient	0.03821	-0.03533	-0.01329	7454
payload.mechanistic_micro_window.sell_qty_halves.numeric_min	collected_raw_precursor	numeric	7454	57.43	"{""max"": 448.0, ""mean"": 0.21907700563455862, ""min"": 0.0}"	computed_or_insufficient	0.00733	-0.00667	-0.003	7454
payload.mechanistic_micro_window.sell_rate_qty_per_sec.length	collected_raw_precursor	numeric	7454	57.43	"{""max"": 2.0, ""mean"": 2.0, ""min"": 2.0}"	computed_or_insufficient				7454
payload.mechanistic_micro_window.sell_rate_qty_per_sec.numeric_last	collected_raw_precursor	numeric	7454	57.43	"{""max"": 11654.0, ""mean"": 2.2911188623557823, ""min"": 0.0}"	computed_or_insufficient	0.01045	-0.01014	-0.00162	7454
payload.mechanistic_micro_window.sell_rate_qty_per_sec.numeric_max	collected_raw_precursor	numeric	7454	57.43	"{""max"": 60284.0, ""mean"": 403.28172793131205, ""min"": 0.0}"	computed_or_insufficient	0.03818	-0.0353	-0.01327	7454
payload.mechanistic_micro_window.sell_rate_qty_per_sec.numeric_mean	collected_raw_precursor	numeric	7454	57.43	"{""max"": 30142.0, ""mean"": 201.85994097129057, ""min"": 0.0}"	computed_or_insufficient	0.03821	-0.03533	-0.01329	7454
payload.mechanistic_micro_window.sell_rate_qty_per_sec.numeric_min	collected_raw_precursor	numeric	7454	57.43	"{""max"": 896.0, ""mean"": 0.43815401126911724, ""min"": 0.0}"	computed_or_insufficient	0.00733	-0.00667	-0.003	7454
payload.mechanistic_micro_window.source_quality_status	collected_raw_precursor	categorical	17509	0.0	"{""eligible"": 7454, ""source_gap"": 10055}"	computed_or_insufficient	0.03479	0.03495	0.0002	17509
payload.mechanistic_micro_window.source_sha256	collected_raw_precursor	categorical	7454	57.43	{}	identity_or_clock				7454
payload.orderbook_top1.ask.price	collected_raw_precursor	numeric	17509	0.0	"{""max"": 1916000.0, ""mean"": 38917.7020389514, ""min"": 976.0}"	computed_or_insufficient	-0.05892	0.0572	0.00882	17509
payload.orderbook_top1.ask.volume	collected_raw_precursor	numeric	17509	0.0	"{""max"": 733417.0, ""mean"": 2463.103660974356, ""min"": 1.0}"	computed_or_insufficient	0.00217	0.00016	-0.00993	17509
payload.orderbook_top1.bid.price	collected_raw_precursor	numeric	17509	0.0	"{""max"": 1915000.0, ""mean"": 38736.86932434748, ""min"": 952.0}"	computed_or_insufficient	-0.05907	0.05733	0.0089	17509
payload.orderbook_top1.bid.volume	collected_raw_precursor	numeric	17509	0.0	"{""max"": 298971.0, ""mean"": 1371.2381061168542, ""min"": 1.0}"	computed_or_insufficient	-0.03299	0.0337	-0.00219	17509
payload.quote.ask_total_depth	collected_raw_precursor	numeric	17509	0.0	"{""max"": 4397600.0, ""mean"": 28483.26843337712, ""min"": 26.0}"	computed_or_insufficient	-0.018	0.01948	-0.00584	17509
payload.quote.best_ask	collected_raw_precursor	numeric	17509	0.0	"{""max"": 1916000.0, ""mean"": 38917.7020389514, ""min"": 976.0}"	computed_or_insufficient	-0.05892	0.0572	0.00882	17509
payload.quote.best_bid	collected_raw_precursor	numeric	17509	0.0	"{""max"": 1915000.0, ""mean"": 38736.86932434748, ""min"": 952.0}"	computed_or_insufficient	-0.05907	0.05733	0.0089	17509
payload.quote.bid_total_depth	collected_raw_precursor	numeric	17509	0.0	"{""max"": 1319011.0, ""mean"": 21915.020275286995, ""min"": 49.0}"	computed_or_insufficient	-0.01676	0.02147	-0.01959	17509
payload.quote.evaluation_as_of	collected_raw_precursor	numeric	2210	87.38	"{""max"": 1790159949.0637, ""mean"": 1790087313.0972629, ""min"": 1789974284.4925}"	computed_or_insufficient	-0.01093	-0.01001	0.03948	2210
payload.quote.quote_age_ms	collected_raw_precursor	numeric	2210	87.38	"{""max"": 2994.3101, ""mean"": 595.5010278280542, ""min"": 18.1708}"	computed_or_insufficient	0.00042	0.01816	-0.03622	2210
payload.quote.quote_stale	collected_raw_precursor	categorical	17509	0.0	"{""False"": 17509}"	computed_or_insufficient				17509
payload.quote.spread	collected_raw_precursor	numeric	17509	0.0	"{""max"": 5000.0, ""mean"": 180.832714603918, ""min"": 0.0}"	computed_or_insufficient	0.00387	-0.00016	-0.01584	17509
payload.quote.spread_bp	collected_raw_precursor	numeric	17509	0.0	"{""max"": 1663.653, ""mean"": 56.1701706550923, ""min"": 0.0}"	computed_or_insufficient	0.19981	-0.18414	-0.07164	17509
payload.runtime_context.entry_adm.applied	collected_raw_precursor	categorical	17509	0.0	"{""False"": 17509}"	computed_or_insufficient				17509
payload.runtime_context.entry_adm.cache_token	collected_raw_precursor	categorical	17509	0.0	"{""redacted"": ""identifier_or_token""}"	identity_or_clock				17509
payload.runtime_context.entry_adm.entry_adm_application_mode	collected_raw_precursor	categorical	17509	0.0	"{""archive_only"": 17509}"	computed_or_insufficient				17509
payload.runtime_context.entry_adm.entry_adm_bucket_token	collected_raw_precursor	categorical	17509	0.0	"{""redacted"": ""identifier_or_token""}"	identity_or_clock				17509
payload.runtime_context.entry_adm.entry_adm_cache_token	collected_raw_precursor	categorical	17509	0.0	"{""redacted"": ""identifier_or_token""}"	identity_or_clock				17509
payload.runtime_context.entry_adm.entry_adm_feature_enabled	collected_raw_precursor	categorical	17509	0.0	"{""False"": 17509}"	computed_or_insufficient				17509
payload.runtime_context.entry_adm.entry_adm_loaded_from	collected_raw_precursor	categorical	17509	0.0	"{""-"": 17509}"	computed_or_insufficient				17509
payload.runtime_context.entry_adm.entry_adm_prompt_applied	collected_raw_precursor	categorical	17509	0.0	"{""False"": 17509}"	computed_or_insufficient				17509
payload.runtime_context.entry_adm.entry_adm_source_date	collected_raw_precursor	categorical	17509	0.0	"{""-"": 17509}"	computed_or_insufficient				17509
payload.runtime_context.entry_adm.entry_adm_status	collected_raw_precursor	categorical	17509	0.0	"{""retired"": 17509}"	computed_or_insufficient				17509
payload.runtime_context.entry_adm.entry_adm_version	collected_raw_precursor	categorical	17509	0.0	"{""-"": 17509}"	computed_or_insufficient				17509
payload.runtime_context.entry_adm.status	collected_raw_precursor	categorical	17509	0.0	"{""retired"": 17509}"	computed_or_insufficient				17509
payload.runtime_context.holding_exit_matrix.cache_token	collected_raw_precursor	categorical	17509	0.0	"{""redacted"": ""identifier_or_token""}"	identity_or_clock				17509
payload.runtime_context.holding_exit_matrix.status	collected_raw_precursor	categorical	17509	0.0	"{""retired"": 17509}"	computed_or_insufficient				17509
payload.runtime_context.lifecycle_ai.applied	collected_raw_precursor	categorical	17509	0.0	"{""False"": 17509}"	computed_or_insufficient				17509
payload.runtime_context.lifecycle_ai.cache_token	collected_raw_precursor	categorical	17509	0.0	"{""redacted"": ""identifier_or_token""}"	identity_or_clock				17509
payload.runtime_context.lifecycle_ai.status	collected_raw_precursor	categorical	17509	0.0	"{""retired"": 17509}"	computed_or_insufficient				17509
payload.scanner_promotion_id	collected_raw_precursor	categorical	13780	21.3	{}	identity_or_clock				13780
payload.session_bucket	collected_raw_precursor	categorical	17509	0.0	"{""krx_nxt_aftermarket"": 3083, ""krx_regular"": 13458, ""premarket_krx_like"": 968}"	computed_or_insufficient	0.0783	0.07949	0.01095	17509
payload.snapshot_id	collected_raw_precursor	categorical	2996	82.89	{}	identity_or_clock				2996
payload.source_quality.candle_count	collected_raw_precursor	numeric	17509	0.0	"{""max"": 430.0, ""mean"": 430.0, ""min"": 430.0}"	computed_or_insufficient				17509
payload.source_quality.orderbook_present	collected_raw_precursor	categorical	17509	0.0	"{""True"": 17509}"	computed_or_insufficient				17509
payload.source_quality.price_change_heuristic_is_not_aggressor	collected_raw_precursor	categorical	17509	0.0	"{""True"": 17509}"	computed_or_insufficient				17509
payload.source_quality.tick_count	collected_raw_precursor	numeric	17509	0.0	"{""max"": 120.0, ""mean"": 92.92204009366611, ""min"": 0.0}"	computed_or_insufficient	0.07076	-0.06219	-0.03819	17509
payload.stock_code	collected_raw_precursor	categorical	17509	0.0	{}	identity_or_clock				17509
payload.strategy_metadata.market_cap.adjustment_basis	collected_raw_precursor	categorical	996	94.31	"{""reported_market_cap_no_price_or_share_splice"": 996}"	computed_or_insufficient				996
payload.strategy_metadata.market_cap.corporate_action_consistent	collected_raw_precursor	categorical	996	94.31	"{""True"": 996}"	computed_or_insufficient				996
payload.strategy_metadata.market_cap.effective_at	collected_raw_precursor	categorical	996	94.31	{}	identity_or_clock				996
payload.strategy_metadata.market_cap.known_at	collected_raw_precursor	categorical	996	94.31	{}	identity_or_clock				996
payload.strategy_metadata.market_cap.source_sha256	collected_raw_precursor	categorical	996	94.31	{}	identity_or_clock				996
payload.strategy_metadata.market_cap.unit	collected_raw_precursor	categorical	996	94.31	"{""KRW"": 996}"	computed_or_insufficient				996
payload.strategy_metadata.market_cap.value	collected_raw_precursor	numeric	996	94.31	"{""max"": 1622342300000000.0, ""mean"": 33932533333333.332, ""min"": 18500000000.0}"	computed_or_insufficient	-0.00152	0.02358	-0.04045	996
payload.strategy_metadata.observed_at	collected_raw_precursor	categorical	996	94.31	{}	identity_or_clock				996
payload.strategy_metadata.source.api_id	collected_raw_precursor	categorical	996	94.31	"{""ka10001"": 996}"	identity_or_clock				996
payload.strategy_metadata.source.mac	collected_raw_precursor	categorical	996	94.31	{}	high_cardinality				996
payload.strategy_metadata.source.observed_at	collected_raw_precursor	categorical	996	94.31	{}	identity_or_clock				996
payload.strategy_metadata.source.stock_code	collected_raw_precursor	categorical	996	94.31	{}	identity_or_clock				996
payload.strategy_metadata.source.unit	collected_raw_precursor	categorical	996	94.31	"{""100000000_KRW"": 996}"	computed_or_insufficient				996
payload.strategy_metadata.stock_code	collected_raw_precursor	categorical	996	94.31	{}	identity_or_clock				996
payload.strategy_observed_at	collected_raw_precursor	categorical	2049	88.3	{}	identity_or_clock				2049
setup.actual_order_submitted	machine_decision_input	categorical	17509	0.0	"{""False"": 17509}"	computed_or_insufficient				17509
setup.allowed_runtime_apply	machine_decision_input	categorical	17509	0.0	"{""False"": 17509}"	computed_or_insufficient				17509
setup.broker_order_forbidden	machine_decision_input	categorical	17509	0.0	"{""True"": 17509}"	computed_or_insufficient				17509
setup.context_observations.actual_order_submitted	machine_decision_input	categorical	17509	0.0	"{""False"": 17509}"	computed_or_insufficient				17509
setup.context_observations.allowed_runtime_apply	machine_decision_input	categorical	17509	0.0	"{""False"": 17509}"	computed_or_insufficient				17509
setup.context_observations.broker_order_forbidden	machine_decision_input	categorical	17509	0.0	"{""True"": 17509}"	computed_or_insufficient				17509
setup.context_observations.decision_authority	machine_decision_input	categorical	17509	0.0	"{""bounded_nonblocking_risk_corroboration_only"": 17509}"	computed_or_insufficient				17509
setup.context_observations.external_market.observed_at	machine_decision_input	none	0	100.0	{}	no_observed_value				0
setup.context_observations.external_market.risk_state	machine_decision_input	categorical	17509	0.0	"{""UNKNOWN"": 17509}"	computed_or_insufficient				17509
setup.context_observations.external_market.source	machine_decision_input	none	0	100.0	{}	no_observed_value				0
setup.context_observations.external_market.source_quality	machine_decision_input	categorical	17509	0.0	"{""unknown"": 17509}"	computed_or_insufficient				17509
setup.context_observations.external_market.status	machine_decision_input	categorical	17509	0.0	"{""unavailable"": 17509}"	computed_or_insufficient				17509
setup.context_observations.external_market.usable_for_risk	machine_decision_input	categorical	17509	0.0	"{""False"": 17509}"	computed_or_insufficient				17509
setup.context_observations.forbidden_uses.contains:broker_or_safety_guard_bypass	machine_decision_input	categorical	17509	0.0	"{""False"": 0, ""True"": 17509}"	computed_or_insufficient	0.0	0.0	0.0	17509
setup.context_observations.forbidden_uses.contains:create_or_promote_setup	machine_decision_input	categorical	17509	0.0	"{""False"": 0, ""True"": 17509}"	computed_or_insufficient	0.0	0.0	0.0	17509
setup.context_observations.forbidden_uses.contains:cross_venue_or_cross_session_imputation	machine_decision_input	categorical	17509	0.0	"{""False"": 0, ""True"": 17509}"	computed_or_insufficient	0.0	0.0	0.0	17509
setup.context_observations.forbidden_uses.contains:missing_as_adverse_evidence	machine_decision_input	categorical	17509	0.0	"{""False"": 0, ""True"": 17509}"	computed_or_insufficient	0.0	0.0	0.0	17509
setup.context_observations.forbidden_uses.contains:provider_model_price_quantity_or_threshold_change	machine_decision_input	categorical	17509	0.0	"{""False"": 0, ""True"": 17509}"	computed_or_insufficient	0.0	0.0	0.0	17509
setup.context_observations.forbidden_uses.contains:standalone_live_entry_or_block	machine_decision_input	categorical	17509	0.0	"{""False"": 0, ""True"": 17509}"	computed_or_insufficient	0.0	0.0	0.0	17509
setup.context_observations.forbidden_uses.length	machine_decision_input	numeric	17509	0.0	"{""max"": 6.0, ""mean"": 6.0, ""min"": 6.0}"	computed_or_insufficient				17509
setup.context_observations.investor_flow.foreign_net	machine_decision_input	numeric	16058	8.29	"{""max"": 4511627.0, ""mean"": 26261.96493959397, ""min"": -3595382.0}"	computed_or_insufficient	0.00722	-0.00681	-0.00191	16058
setup.context_observations.investor_flow.institutional_net	machine_decision_input	numeric	16058	8.29	"{""max"": 1856000.0, ""mean"": 20479.799601444764, ""min"": -1583357.0}"	computed_or_insufficient	-0.00678	0.00558	0.00516	16058
setup.context_observations.investor_flow.observed_at	machine_decision_input	categorical	16058	8.29	{}	identity_or_clock				16058
setup.context_observations.investor_flow.source	machine_decision_input	categorical	17025	2.76	"{""ka10059_process_cache_or_live"": 16058, ""runtime_context"": 967}"	computed_or_insufficient	0.00275	5e-05	0.01143	17025
setup.context_observations.investor_flow.source_quality	machine_decision_input	categorical	17509	0.0	"{""fresh"": 16058, ""missing"": 967, ""unknown"": 484}"	computed_or_insufficient	0.13785	0.13403	0.02267	17509
setup.context_observations.investor_flow.status	machine_decision_input	categorical	17509	0.0	"{""observed"": 15102, ""observed_zero_or_not_yet_reported"": 956, ""unavailable"": 1451}"	computed_or_insufficient	0.08077	0.07771	0.03102	17509
setup.context_observations.investor_flow.usable_for_risk	machine_decision_input	categorical	17509	0.0	"{""False"": 2407, ""True"": 15102}"	computed_or_insufficient	0.06908	0.06948	4e-05	17509
setup.context_observations.market_relative.reason	machine_decision_input	categorical	14480	17.3	"{""market_index_code_missing"": 14480}"	computed_or_insufficient				14480
setup.context_observations.market_relative.return_15m_pct_point	machine_decision_input	none	0	100.0	{}	no_observed_value				0
setup.context_observations.market_relative.return_5m_pct_point	machine_decision_input	none	0	100.0	{}	no_observed_value				0
setup.context_observations.market_relative.source	machine_decision_input	categorical	14480	17.3	"{""kiwoom_ka20005"": 14480}"	computed_or_insufficient				14480
setup.context_observations.market_relative.source_quality	machine_decision_input	categorical	17509	0.0	"{""source_unavailable"": 14480, ""unknown"": 3029}"	computed_or_insufficient	0.1842	0.15688	0.12083	17509
setup.context_observations.market_relative.status	machine_decision_input	categorical	17509	0.0	"{""unavailable"": 17509}"	computed_or_insufficient				17509
setup.context_observations.market_relative.usable_for_risk	machine_decision_input	categorical	17509	0.0	"{""False"": 17509}"	computed_or_insufficient				17509
setup.context_observations.metric_role	machine_decision_input	categorical	17509	0.0	"{""entry_risk_context_observation"": 17509}"	computed_or_insufficient				17509
setup.context_observations.primary_decision_metric	machine_decision_input	categorical	17509	0.0	"{""candidate_probe_cost_adjusted_ev_pct"": 17509}"	computed_or_insufficient				17509
setup.context_observations.program_flow.delta_qty	machine_decision_input	numeric	15352	12.32	"{""max"": 411923.0, ""mean"": -122.20948410630537, ""min"": -272718.0}"	computed_or_insufficient	-0.0178	0.01578	0.00888	15352
setup.context_observations.program_flow.net_qty	machine_decision_input	numeric	15352	12.32	"{""max"": 4415566.0, ""mean"": 56293.12480458572, ""min"": -2440416.0}"	computed_or_insufficient	-0.02594	0.02548	0.00255	15352
setup.context_observations.program_flow.observed_at	machine_decision_input	categorical	15967	8.81	{}	identity_or_clock				15967
setup.context_observations.program_flow.source	machine_decision_input	categorical	17025	2.76	"{""ws_0w"": 17025}"	computed_or_insufficient				17025
setup.context_observations.program_flow.source_quality	machine_decision_input	categorical	17509	0.0	"{""fresh"": 15352, ""missing"": 1673, ""unknown"": 484}"	computed_or_insufficient	0.14859	0.1455	0.01984	17509
setup.context_observations.program_flow.status	machine_decision_input	categorical	17509	0.0	"{""observed"": 15352, ""unavailable"": 2157}"	computed_or_insufficient	0.0124	0.00972	0.01168	17509
setup.context_observations.program_flow.usable_for_risk	machine_decision_input	categorical	17509	0.0	"{""False"": 2157, ""True"": 15352}"	computed_or_insufficient	0.0124	0.00972	0.01168	17509
setup.context_observations.runtime_effect	machine_decision_input	categorical	17509	0.0	"{""False"": 17509}"	computed_or_insufficient				17509
setup.context_observations.sample_floor	machine_decision_input	categorical	17509	0.0	"{""one_fresh_observation_starts_attribution_only"": 17509}"	computed_or_insufficient				17509
setup.context_observations.schema	machine_decision_input	categorical	17509	0.0	"{""entry_setup_context_observations_v1"": 17509}"	computed_or_insufficient				17509
setup.context_observations.sector_relative.reason	machine_decision_input	categorical	14480	17.3	"{""sector_index_code_missing"": 14480}"	computed_or_insufficient				14480
setup.context_observations.sector_relative.return_15m_pct_point	machine_decision_input	none	0	100.0	{}	no_observed_value				0
setup.context_observations.sector_relative.return_5m_pct_point	machine_decision_input	none	0	100.0	{}	no_observed_value				0
setup.context_observations.sector_relative.source	machine_decision_input	categorical	14480	17.3	"{""kiwoom_ka20005"": 14480}"	computed_or_insufficient				14480
setup.context_observations.sector_relative.source_quality	machine_decision_input	categorical	17509	0.0	"{""source_unavailable"": 14480, ""unknown"": 3029}"	computed_or_insufficient	0.1842	0.15688	0.12083	17509
setup.context_observations.sector_relative.status	machine_decision_input	categorical	17509	0.0	"{""unavailable"": 17509}"	computed_or_insufficient				17509
setup.context_observations.sector_relative.usable_for_risk	machine_decision_input	categorical	17509	0.0	"{""False"": 17509}"	computed_or_insufficient				17509
setup.context_observations.source_quality_gate	machine_decision_input	categorical	17509	0.0	"{""fresh_explicit_source_and_exact_observation_time"": 17509}"	computed_or_insufficient				17509
setup.context_observations.version	machine_decision_input	categorical	17509	0.0	"{""entry_setup_context_observations_policy_v1"": 17509}"	computed_or_insufficient				17509
setup.context_observations.window_policy	machine_decision_input	categorical	17509	0.0	"{""same_exact_payload_snapshot_no_cross_venue_fill"": 17509}"	computed_or_insufficient				17509
setup.contradicting_facts.contains:ask_wall_wide_spread	machine_decision_input	categorical	17509	0.0	"{""False"": 14431, ""True"": 3078}"	computed_or_insufficient	0.26819	0.25717	0.05363	17509
setup.contradicting_facts.contains:foreign_institutional_joint_sell	machine_decision_input	categorical	17509	0.0	"{""False"": 16826, ""True"": 683}"	computed_or_insufficient	0.04661	0.04997	0.0131	17509
setup.contradicting_facts.contains:liquidity_adverse	machine_decision_input	categorical	17509	0.0	"{""False"": 10300, ""True"": 7209}"	computed_or_insufficient	0.14032	0.12044	0.08804	17509
setup.contradicting_facts.contains:micro_continuation_unconfirmed	machine_decision_input	categorical	17509	0.0	"{""False"": 17360, ""True"": 149}"	computed_or_insufficient	0.11334	0.11654	0.01076	17509
setup.contradicting_facts.contains:multi_horizon_direction_conflict	machine_decision_input	categorical	17509	0.0	"{""False"": 7665, ""True"": 9844}"	computed_or_insufficient	0.05236	0.03259	0.08539	17509
setup.contradicting_facts.contains:no_supported_setup	machine_decision_input	categorical	17509	0.0	"{""False"": 14461, ""True"": 3048}"	computed_or_insufficient	0.43931	0.45446	0.05332	17509
setup.contradicting_facts.contains:program_flow_net_and_delta_sell	machine_decision_input	categorical	17509	0.0	"{""False"": 13799, ""True"": 3710}"	computed_or_insufficient	0.04193	0.03662	0.02363	17509
setup.contradicting_facts.contains:structural_edge_vs_blocking_liquidity	machine_decision_input	categorical	17509	0.0	"{""False"": 16125, ""True"": 1384}"	computed_or_insufficient	0.15955	0.1525	0.03402	17509
setup.contradicting_facts.contains:supportive_micro_tape_vs_adverse_distribution	machine_decision_input	categorical	17509	0.0	"{""False"": 17378, ""True"": 131}"	computed_or_insufficient	0.07097	0.06902	0.01008	17509
setup.contradicting_facts.contains:supportive_micro_tape_vs_program_net_sell	machine_decision_input	categorical	17509	0.0	"{""False"": 14695, ""True"": 2814}"	computed_or_insufficient	0.14341	0.13642	0.03332	17509
setup.contradicting_facts.contains:supportive_tape_ratio_from_thin_sample	machine_decision_input	categorical	17509	0.0	"{""False"": 17177, ""True"": 332}"	computed_or_insufficient	0.08035	0.08462	0.01615	17509
setup.contradicting_facts.contains:tail_liquidity_fragility	machine_decision_input	categorical	17509	0.0	"{""False"": 17331, ""True"": 178}"	computed_or_insufficient	0.05844	0.05602	0.01177	17509
setup.contradicting_facts.contains:tape_adverse	machine_decision_input	categorical	17509	0.0	"{""False"": 9372, ""True"": 8137}"	computed_or_insufficient	0.31553	0.29194	0.10821	17509
setup.contradicting_facts.contains:tape_sample_too_thin	machine_decision_input	categorical	17509	0.0	"{""False"": 16757, ""True"": 752}"	computed_or_insufficient	0.05507	0.06119	0.0246	17509
setup.contradicting_facts.contains:trigger_confirmation_missing	machine_decision_input	categorical	17509	0.0	"{""False"": 1374, ""True"": 16135}"	computed_or_insufficient	0.0419	0.05147	0.39797	17509
setup.contradicting_facts.contains:volume_confirmation_missing	machine_decision_input	categorical	17509	0.0	"{""False"": 9723, ""True"": 7786}"	computed_or_insufficient	0.01444	1e-05	0.0618	17509
setup.contradicting_facts.length	machine_decision_input	numeric	17509	0.0	"{""max"": 11.0, ""mean"": 3.7335084813524473, ""min"": 0.0}"	computed_or_insufficient	0.12647	-0.07276	-0.23155	17509
setup.corroborated_risk_codes.contains:ADVERSE_TAPE	machine_decision_input	categorical	17509	0.0	"{""False"": 5687, ""True"": 11822}"	computed_or_insufficient	0.1999	0.17822	0.09719	17509
setup.corroborated_risk_codes.contains:CONFIRMATION_MISSING	machine_decision_input	categorical	17509	0.0	"{""False"": 646, ""True"": 16863}"	computed_or_insufficient	0.12011	0.00737	0.48229	17509
setup.corroborated_risk_codes.contains:DISTRIBUTION_RISK	machine_decision_input	categorical	17509	0.0	"{""False"": 17061, ""True"": 448}"	computed_or_insufficient	0.13246	0.12882	0.01882	17509
setup.corroborated_risk_codes.contains:LIQUIDITY_FRAGILE	machine_decision_input	categorical	17509	0.0	"{""False"": 11092, ""True"": 6417}"	computed_or_insufficient	0.14689	0.12698	0.08833	17509
setup.corroborated_risk_codes.contains:LIQUIDITY_UNUSABLE	machine_decision_input	categorical	17509	0.0	"{""False"": 15102, ""True"": 2407}"	computed_or_insufficient	0.32633	0.31736	0.04636	17509
setup.corroborated_risk_codes.contains:OVEREXTENSION_CHASE	machine_decision_input	categorical	17509	0.0	"{""False"": 17363, ""True"": 146}"	computed_or_insufficient	0.07496	0.0729	0.01065	17509
setup.corroborated_risk_codes.contains:SOURCE_QUALITY_GAP	machine_decision_input	categorical	17509	0.0	"{""False"": 17004, ""True"": 505}"	computed_or_insufficient	0.14087	0.137	0.02001	17509
setup.corroborated_risk_codes.contains:STRUCTURE_INVALIDATED	machine_decision_input	categorical	17509	0.0	"{""False"": 8581, ""True"": 8928}"	computed_or_insufficient	0.80253	0.77943	0.11846	17509
setup.corroborated_risk_codes.length	machine_decision_input	numeric	17509	0.0	"{""max"": 6.0, ""mean"": 2.7149465988919985, ""min"": 0.0}"	computed_or_insufficient	0.68889	-0.63662	-0.23956	17509
setup.decision_authority	machine_decision_input	categorical	17509	0.0	"{""offline_replay_and_attribution_only"": 17509}"	computed_or_insufficient				17509
setup.entry_timing_observation_v1.actual_order_submitted	machine_decision_input	categorical	17509	0.0	"{""False"": 17509}"	computed_or_insufficient				17509
setup.entry_timing_observation_v1.age_only_never_adverse	machine_decision_input	categorical	17509	0.0	"{""True"": 17509}"	computed_or_insufficient				17509
setup.entry_timing_observation_v1.allowed_runtime_apply	machine_decision_input	categorical	17509	0.0	"{""False"": 17509}"	computed_or_insufficient				17509
setup.entry_timing_observation_v1.broker_order_forbidden	machine_decision_input	categorical	17509	0.0	"{""True"": 17509}"	computed_or_insufficient				17509
setup.entry_timing_observation_v1.completed_peak_drawdown_pct	machine_decision_input	numeric	17022	2.78	"{""max"": 0.0, ""mean"": -3.2150005639760137, ""min"": -19.4828}"	computed_or_insufficient	-0.04198	0.02892	0.05598	17022
setup.entry_timing_observation_v1.completed_structure_phase	machine_decision_input	categorical	17509	0.0	"{""continuation"": 2623, ""distribution"": 2268, ""early_continuation_probe"": 53, ""failed_breakout"": 4931, ""pullback"": 646, ""range_or_no_setup"": 3619, ""rebound_attempt"": 1972, ""recovery_continuation"": 1397}"	computed_or_insufficient	0.5324	0.50995	0.19935	17509
setup.entry_timing_observation_v1.completed_uptrend_horizon_min	machine_decision_input	numeric	17509	0.0	"{""max"": 60.0, ""mean"": 22.243417670912102, ""min"": 0.0}"	computed_or_insufficient	-0.04506	0.03793	0.03143	17509
setup.entry_timing_observation_v1.completed_uptrend_return_pct	machine_decision_input	numeric	17509	0.0	"{""max"": 16.5372, ""mean"": 1.8942200525444157, ""min"": 0.0}"	computed_or_insufficient	0.05003	-0.0631	0.05431	17509
setup.entry_timing_observation_v1.completed_uptrend_role	machine_decision_input	categorical	17509	0.0	"{""window_return_not_continuous_trend_duration"": 17509}"	computed_or_insufficient				17509
setup.entry_timing_observation_v1.context_sha256	machine_decision_input	categorical	17463	0.26	{}	identity_or_clock				17463
setup.entry_timing_observation_v1.current_promotion_age_sec	machine_decision_input	numeric	14565	16.81	"{""max"": 1823.4719, ""mean"": 236.79217601784978, ""min"": 1.0737}"	identity_or_clock				14565
setup.entry_timing_observation_v1.decision_authority	machine_decision_input	categorical	17509	0.0	"{""bounded_entry_risk_corroboration_only"": 17509}"	computed_or_insufficient				17509
setup.entry_timing_observation_v1.fact_id	machine_decision_input	none	0	100.0	{}	no_observed_value				0
setup.entry_timing_observation_v1.first_observed_promotion_age_sec	machine_decision_input	numeric	14565	16.81	"{""max"": 21951.1236, ""mean"": 7193.10034338487, ""min"": 1.0737}"	identity_or_clock				14565
setup.entry_timing_observation_v1.first_observed_promotion_epoch	machine_decision_input	numeric	14565	16.81	"{""max"": 1790148510.695, ""mean"": 1789569010.987807, ""min"": 1789344203.496}"	identity_or_clock				14565
setup.entry_timing_observation_v1.first_watch_epoch	machine_decision_input	none	0	100.0	{}	no_observed_value				0
setup.entry_timing_observation_v1.first_watch_missing_reason	machine_decision_input	categorical	17509	0.0	"{""promotion_is_not_first_watch_evidence"": 17509}"	computed_or_insufficient				17509
setup.entry_timing_observation_v1.late_promotion_threshold_sec	machine_decision_input	numeric	17509	0.0	"{""max"": 600.0, ""mean"": 600.0, ""min"": 600.0}"	identity_or_clock				17509
setup.entry_timing_observation_v1.material_extension_threshold_pct	machine_decision_input	numeric	17509	0.0	"{""max"": 1.0, ""mean"": 1.0, ""min"": 1.0}"	computed_or_insufficient				17509
setup.entry_timing_observation_v1.missing_timing_never_adverse	machine_decision_input	categorical	17509	0.0	"{""True"": 17509}"	computed_or_insufficient				17509
setup.entry_timing_observation_v1.price_delta_missing_reason	machine_decision_input	categorical	17509	0.0	"{""first_watch_price_time_not_bound"": 17509}"	computed_or_insufficient				17509
setup.entry_timing_observation_v1.price_delta_since_first_watch_pct	machine_decision_input	none	0	100.0	{}	no_observed_value				0
setup.entry_timing_observation_v1.promotion_count_as_of_decision	machine_decision_input	numeric	17509	0.0	"{""max"": 37.0, ""mean"": 6.1923011022902505, ""min"": 0.0}"	identity_or_clock				17509
setup.entry_timing_observation_v1.repromotion_floor	machine_decision_input	numeric	17509	0.0	"{""max"": 3.0, ""mean"": 3.0, ""min"": 3.0}"	identity_or_clock				17509
setup.entry_timing_observation_v1.reset_observed	machine_decision_input	categorical	17509	0.0	"{""False"": 13612, ""True"": 3897}"	computed_or_insufficient	0.21466	0.21083	0.02174	17509
setup.entry_timing_observation_v1.runtime_effect	machine_decision_input	categorical	17509	0.0	"{""False"": 17509}"	computed_or_insufficient				17509
setup.entry_timing_observation_v1.schema	machine_decision_input	categorical	17509	0.0	"{""entry_timing_observation_v1"": 17509}"	computed_or_insufficient				17509
setup.entry_timing_observation_v1.source_status	machine_decision_input	categorical	17509	0.0	"{""exact_scanner_promotion_asof"": 14565, ""insufficient"": 2944}"	computed_or_insufficient	0.07599	0.07336	0.01309	17509
setup.entry_timing_observation_v1.state	machine_decision_input	categorical	17509	0.0	"{""insufficient"": 17509}"	computed_or_insufficient				17509
setup.entry_timing_observation_v1.timing_proxy_never_hard_veto	machine_decision_input	categorical	17509	0.0	"{""True"": 17509}"	computed_or_insufficient				17509
setup.entry_timing_observation_v1.version	machine_decision_input	categorical	17509	0.0	"{""entry_timing_late_unreset_policy_v1"": 17509}"	computed_or_insufficient				17509
setup.entry_timing_observation_v1.watch_age_sec	machine_decision_input	none	0	100.0	{}	no_observed_value				0
setup.execution_readiness_role	machine_decision_input	categorical	17509	0.0	"{""intrabar_tape_quote_risk_recheck"": 17509}"	computed_or_insufficient				17509
setup.execution_readiness_state	machine_decision_input	categorical	17509	0.0	"{""INSUFFICIENT"": 505, ""INVALID"": 8578, ""READY"": 801, ""UNCONFIRMED"": 3048, ""WAIT_CONFIRMATION"": 4577}"	computed_or_insufficient	0.85076	0.83149	0.5304	17509
setup.forbidden_uses.contains:bot_restart	machine_decision_input	categorical	17509	0.0	"{""False"": 0, ""True"": 17509}"	computed_or_insufficient	0.0	0.0	0.0	17509
setup.forbidden_uses.contains:broker_or_safety_guard_bypass	machine_decision_input	categorical	17509	0.0	"{""False"": 0, ""True"": 17509}"	computed_or_insufficient	0.0	0.0	0.0	17509
setup.forbidden_uses.contains:provider_or_model_change	machine_decision_input	categorical	17509	0.0	"{""False"": 0, ""True"": 17509}"	computed_or_insufficient	0.0	0.0	0.0	17509
setup.forbidden_uses.contains:score_only_buy	machine_decision_input	categorical	17509	0.0	"{""False"": 0, ""True"": 17509}"	computed_or_insufficient	0.0	0.0	0.0	17509
setup.forbidden_uses.contains:standalone_live_entry	machine_decision_input	categorical	17509	0.0	"{""False"": 0, ""True"": 17509}"	computed_or_insufficient	0.0	0.0	0.0	17509
setup.forbidden_uses.contains:threshold_price_quantity_or_cap_change	machine_decision_input	categorical	17509	0.0	"{""False"": 0, ""True"": 17509}"	computed_or_insufficient	0.0	0.0	0.0	17509
setup.forbidden_uses.contains:widget_runtime_or_policy_change	machine_decision_input	categorical	17509	0.0	"{""False"": 0, ""True"": 17509}"	computed_or_insufficient	0.0	0.0	0.0	17509
setup.forbidden_uses.length	machine_decision_input	numeric	17509	0.0	"{""max"": 7.0, ""mean"": 7.0, ""min"": 7.0}"	computed_or_insufficient				17509
setup.invalidation_facts.contains:adverse_distribution_no_edge	machine_decision_input	categorical	17509	0.0	"{""False"": 17061, ""True"": 448}"	computed_or_insufficient	0.13246	0.12882	0.01882	17509
setup.invalidation_facts.contains:blocking_overextension	machine_decision_input	categorical	17509	0.0	"{""False"": 17363, ""True"": 146}"	computed_or_insufficient	0.07496	0.0729	0.01065	17509
setup.invalidation_facts.contains:completed_bars_missing	machine_decision_input	categorical	17509	0.0	"{""False"": 17022, ""True"": 487}"	computed_or_insufficient	0.13826	0.13446	0.01964	17509
setup.invalidation_facts.contains:hard_blocker:blocking_overextension	machine_decision_input	categorical	17509	0.0	"{""False"": 17363, ""True"": 146}"	computed_or_insufficient	0.07496	0.0729	0.01065	17509
setup.invalidation_facts.contains:hard_blocker:failed_structure	machine_decision_input	categorical	17509	0.0	"{""False"": 12578, ""True"": 4931}"	computed_or_insufficient	0.5118	0.49773	0.07271	17509
setup.invalidation_facts.contains:hard_blocker:large_sell_print_present	machine_decision_input	categorical	17509	0.0	"{""False"": 11959, ""True"": 5550}"	computed_or_insufficient	0.52328	0.50778	0.07911	17509
setup.invalidation_facts.contains:hard_blocker:source_unusable	machine_decision_input	categorical	17509	0.0	"{""False"": 17004, ""True"": 505}"	computed_or_insufficient	0.14087	0.137	0.02001	17509
setup.invalidation_facts.contains:hard_blocker:spread_extreme_or_unusable	machine_decision_input	categorical	17509	0.0	"{""False"": 17243, ""True"": 266}"	computed_or_insufficient	0.10153	0.09873	0.01442	17509
setup.invalidation_facts.contains:liquidity_extreme_or_unusable	machine_decision_input	categorical	17509	0.0	"{""False"": 17243, ""True"": 266}"	computed_or_insufficient	0.10153	0.09873	0.01442	17509
setup.invalidation_facts.contains:source_quality_unusable	machine_decision_input	categorical	17509	0.0	"{""False"": 17004, ""True"": 505}"	computed_or_insufficient	0.14087	0.137	0.02001	17509
setup.invalidation_facts.length	machine_decision_input	numeric	17509	0.0	"{""max"": 6.0, ""mean"": 0.7567536695413787, ""min"": 0.0}"	computed_or_insufficient	0.71559	-0.6953	-0.1043	17509
setup.local_breakout.available_at	machine_decision_input	numeric	743	95.76	"{""max"": 1790159760.0, ""mean"": 1790089128.129206, ""min"": 1789974960.0}"	identity_or_clock				743
setup.local_breakout.bar_time_precision	machine_decision_input	categorical	2210	87.38	"{""1m"": 2210}"	computed_or_insufficient				2210
setup.local_breakout.breakout_confirmed_bar_at	machine_decision_input	categorical	743	95.76	{}	identity_or_clock				743
setup.local_breakout.episode_id	machine_decision_input	categorical	743	95.76	{}	identity_or_clock				743
setup.local_breakout.episode_scope	machine_decision_input	categorical	2210	87.38	"{""last_three_completed_bars_only"": 2210}"	computed_or_insufficient				2210
setup.local_breakout.event_window_bars	machine_decision_input	numeric	2210	87.38	"{""max"": 3.0, ""mean"": 3.0, ""min"": 3.0}"	computed_or_insufficient				2210
setup.local_breakout.last_evaluated_bar_at	machine_decision_input	categorical	743	95.76	{}	identity_or_clock				743
setup.local_breakout.lookback_bars	machine_decision_input	numeric	2210	87.38	"{""max"": 10.0, ""mean"": 10.0, ""min"": 10.0}"	computed_or_insufficient				2210
setup.local_breakout.recheck_required	machine_decision_input	categorical	2210	87.38	"{""False"": 1706, ""True"": 504}"	computed_or_insufficient	0.02693	0.04415	0.13533	2210
setup.local_breakout.resistance_anchor_bar_at	machine_decision_input	categorical	743	95.76	{}	identity_or_clock				743
setup.local_breakout.resistance_price	machine_decision_input	numeric	743	95.76	"{""max"": 1897000.0, ""mean"": 62299.99865410498, ""min"": 1035.0}"	computed_or_insufficient	-0.0498	0.05887	-0.02599	743
setup.local_breakout.resistance_window_end	machine_decision_input	categorical	743	95.76	{}	high_cardinality				743
setup.local_breakout.resistance_window_start	machine_decision_input	categorical	743	95.76	{}	high_cardinality				743
setup.local_breakout.source_sha256	machine_decision_input	categorical	743	95.76	{}	identity_or_clock				743
setup.local_breakout.status	machine_decision_input	categorical	2210	87.38	"{""breakout_holding"": 672, ""failed_breakout"": 29, ""insufficient"": 269, ""no_confirmed_breakout"": 1198, ""retest_pending"": 42}"	computed_or_insufficient	0.28459	0.19245	0.22223	2210
setup.local_breakout.support_price	machine_decision_input	numeric	743	95.76	"{""max"": 1893000.0, ""mean"": 61643.63122476447, ""min"": 1013.0}"	computed_or_insufficient	-0.04993	0.059	-0.02603	743
setup.local_breakout.version	machine_decision_input	categorical	2210	87.38	"{""entry_local_breakout_completed_v1"": 2210}"	computed_or_insufficient				2210
setup.mechanistic_context.context_sha256	machine_decision_input	categorical	17509	0.0	{}	identity_or_clock				17509
setup.mechanistic_context.flow.actual_order_submitted	machine_decision_input	categorical	17509	0.0	"{""False"": 17509}"	computed_or_insufficient				17509
setup.mechanistic_context.flow.allowed_runtime_apply	machine_decision_input	categorical	17509	0.0	"{""False"": 17509}"	computed_or_insufficient				17509
setup.mechanistic_context.flow.broker_order_forbidden	machine_decision_input	categorical	17509	0.0	"{""True"": 17509}"	computed_or_insufficient				17509
setup.mechanistic_context.flow.completed_structure.alignment	machine_decision_input	categorical	17025	2.76	"{""adverse"": 7825, ""neutral"": 6193, ""positive"": 3007}"	computed_or_insufficient	0.41291	0.39047	0.16297	17025
setup.mechanistic_context.flow.completed_structure.bars_since_20m_high	machine_decision_input	numeric	14306	18.29	"{""max"": 20.0, ""mean"": 7.071718160212498, ""min"": 0.0}"	computed_or_insufficient	-0.07807	0.09581	-0.07001	14306
setup.mechanistic_context.flow.completed_structure.bars_since_20m_low	machine_decision_input	numeric	14306	18.29	"{""max"": 20.0, ""mean"": 11.36222563959178, ""min"": 0.0}"	computed_or_insufficient	0.05098	-0.0585	0.02932	14306
setup.mechanistic_context.flow.completed_structure.bars_since_session_high	machine_decision_input	numeric	17022	2.78	"{""max"": 366.0, ""mean"": 64.17870990482905, ""min"": 0.0}"	computed_or_insufficient	-0.02222	0.02624	-0.01646	17022
setup.mechanistic_context.flow.completed_structure.bars_since_session_low	machine_decision_input	numeric	17022	2.78	"{""max"": 368.0, ""mean"": 132.5179179884855, ""min"": 0.0}"	computed_or_insufficient	-0.02833	0.0299	-0.00596	17022
setup.mechanistic_context.flow.completed_structure.peak_drawdown_pct	machine_decision_input	numeric	17022	2.78	"{""max"": 0.0, ""mean"": -3.2150005639760137, ""min"": -19.4828}"	computed_or_insufficient	-0.04198	0.02892	0.05598	17022
setup.mechanistic_context.flow.completed_structure.phase	machine_decision_input	categorical	17509	0.0	"{""continuation"": 2623, ""distribution"": 2268, ""early_continuation_probe"": 53, ""failed_breakout"": 4931, ""pullback"": 646, ""range_or_no_setup"": 3619, ""rebound_attempt"": 1972, ""recovery_continuation"": 1397}"	computed_or_insufficient	0.5324	0.50995	0.19935	17509
setup.mechanistic_context.flow.completed_structure.regime	machine_decision_input	categorical	17025	2.76	"{""breakout"": 1923, ""downtrend_bounce"": 758, ""failed_breakout"": 4931, ""healthy_pullback"": 1084, ""lower_high_distribution"": 2136, ""opening_flow"": 35, ""range"": 6158}"	computed_or_insufficient	0.5399	0.52209	0.19415	17025
setup.mechanistic_context.flow.completed_structure.returns_pct.10m	machine_decision_input	numeric	14725	15.9	"{""max"": 16.3551, ""mean"": 0.8601770797962677, ""min"": -8.3942}"	computed_or_insufficient	0.07024	-0.08789	0.06951	14725
setup.mechanistic_context.flow.completed_structure.returns_pct.1m	machine_decision_input	numeric	16721	4.5	"{""max"": 12.0513, ""mean"": 0.0488180371987324, ""min"": -8.5608}"	computed_or_insufficient	-0.13173	0.11341	0.07952	16721
setup.mechanistic_context.flow.completed_structure.returns_pct.20m	machine_decision_input	numeric	13420	23.35	"{""max"": 15.1839, ""mean"": 1.0458929508196821, ""min"": -9.4502}"	computed_or_insufficient	0.06988	-0.08504	0.05984	13420
setup.mechanistic_context.flow.completed_structure.returns_pct.3m	machine_decision_input	numeric	16137	7.84	"{""max"": 13.9453, ""mean"": 0.30546035198612054, ""min"": -9.932}"	computed_or_insufficient	0.01619	-0.0355	0.07906	16137
setup.mechanistic_context.flow.completed_structure.returns_pct.5m	machine_decision_input	numeric	15627	10.75	"{""max"": 14.0459, ""mean"": 0.5675039674921628, ""min"": -11.3737}"	computed_or_insufficient	0.08673	-0.10409	0.06842	15627
setup.mechanistic_context.flow.completed_structure.returns_pct.60m	machine_decision_input	numeric	9657	44.85	"{""max"": 16.5372, ""mean"": 1.2259595733664725, ""min"": -10.7143}"	computed_or_insufficient	0.06617	-0.07607	0.03953	9657
setup.mechanistic_context.flow.completed_structure.rolling_20m_low_rebound_pct	machine_decision_input	numeric	14306	18.29	"{""max"": 16.4269, ""mean"": 2.2883605969523453, ""min"": 0.0}"	computed_or_insufficient	0.09531	-0.10738	0.04675	14306
setup.mechanistic_context.flow.completed_structure.rolling_20m_peak_drawdown_pct	machine_decision_input	numeric	14306	18.29	"{""max"": 0.0, ""mean"": -1.2675128687263977, ""min"": -13.7973}"	computed_or_insufficient	-0.06755	0.04795	0.08047	14306
setup.mechanistic_context.flow.completed_structure.slopes_pct_per_bar.10m	machine_decision_input	numeric	14870	15.07	"{""max"": 1.8332, ""mean"": 0.10066170141223925, ""min"": -1.1221}"	computed_or_insufficient	0.12968	-0.14143	0.04436	14870
setup.mechanistic_context.flow.completed_structure.slopes_pct_per_bar.1m	machine_decision_input	numeric	16721	4.5	"{""max"": 12.0513, ""mean"": 0.04881804317923596, ""min"": -8.5608}"	computed_or_insufficient	-0.13173	0.11341	0.07952	16721
setup.mechanistic_context.flow.completed_structure.slopes_pct_per_bar.20m	machine_decision_input	numeric	13543	22.65	"{""max"": 0.8545, ""mean"": 0.05317905190873503, ""min"": -0.4649}"	computed_or_insufficient	0.08865	-0.09764	0.03455	13543
setup.mechanistic_context.flow.completed_structure.slopes_pct_per_bar.3m	machine_decision_input	numeric	16446	6.07	"{""max"": 6.3816, ""mean"": 0.07969373707892466, ""min"": -5.8926}"	computed_or_insufficient	-0.07995	0.06075	0.0814	16446
setup.mechanistic_context.flow.completed_structure.slopes_pct_per_bar.5m	machine_decision_input	numeric	15867	9.38	"{""max"": 4.0265, ""mean"": 0.11593925127623354, ""min"": -2.6061}"	computed_or_insufficient	0.08262	-0.09919	0.06582	15867
setup.mechanistic_context.flow.completed_structure.slopes_pct_per_bar.60m	machine_decision_input	numeric	9738	44.38	"{""max"": 0.316, ""mean"": 0.017419654959950678, ""min"": -0.1979}"	computed_or_insufficient	0.04634	-0.04985	0.01363	9738
setup.mechanistic_context.flow.execution_context.buy_pressure_pct	machine_decision_input	numeric	17509	0.0	"{""max"": 100.0, ""mean"": 49.67212062367933, ""min"": 0.0}"	computed_or_insufficient	-0.28004	0.25001	0.13473	17509
setup.mechanistic_context.flow.execution_context.fillability_score	machine_decision_input	numeric	17509	0.0	"{""max"": 100.0, ""mean"": 47.92078359700725, ""min"": 0.0}"	computed_or_insufficient	-0.1616	0.14596	0.07055	17509
setup.mechanistic_context.flow.execution_context.net_aggressive_delta_shares	machine_decision_input	numeric	17509	0.0	"{""max"": 93254.0, ""mean"": -70.74984293791765, ""min"": -57061.0}"	computed_or_insufficient	-0.10895	0.09271	0.07179	17509
setup.mechanistic_context.flow.execution_context.program_net_qty	machine_decision_input	numeric	15352	12.32	"{""max"": 4415566.0, ""mean"": 56293.12480458572, ""min"": -2440416.0}"	computed_or_insufficient	-0.02594	0.02548	0.00255	15352
setup.mechanistic_context.flow.execution_context.spread_bp	machine_decision_input	numeric	17509	0.0	"{""max"": 1703.7, ""mean"": 56.09743960248987, ""min"": 0.0}"	computed_or_insufficient	0.19961	-0.18396	-0.0716	17509
setup.mechanistic_context.flow.execution_context.top1_ask_to_bid_ratio	machine_decision_input	numeric	17509	0.0	"{""max"": 57228.0, ""mean"": 45.22549092465753, ""min"": 0.00012679092177000128}"	computed_or_insufficient	0.02193	-0.02195	-0.00048	17509
setup.mechanistic_context.flow.execution_context.top3_ask_to_bid_ratio	machine_decision_input	numeric	17509	0.0	"{""max"": 729.6666666666666, ""mean"": 2.979012956895215, ""min"": 0.0002842524161455372}"	computed_or_insufficient	0.03784	-0.03321	-0.02064	17509
setup.mechanistic_context.flow.execution_context.volume_ratio	machine_decision_input	numeric	17010	2.85	"{""max"": 826.042, ""mean"": 2.0406482069371, ""min"": 0.001}"	computed_or_insufficient	-0.0141	0.01013	0.01704	17010
setup.mechanistic_context.flow.family_boundaries_are_offline_research_only	machine_decision_input	categorical	17509	0.0	"{""True"": 17509}"	computed_or_insufficient				17509
setup.mechanistic_context.flow.family_memberships.DEPTH_SUPPORTED	machine_decision_input	categorical	17509	0.0	"{""False"": 12896, ""True"": 4613}"	computed_or_insufficient	0.01675	0.02015	0.01402	17509
setup.mechanistic_context.flow.family_memberships.DEPTH_SUPPORTED_STAIRCASE	machine_decision_input	categorical	17509	0.0	"{""False"": 17132, ""True"": 377}"	computed_or_insufficient	0.01767	0.02261	0.02055	17509
setup.mechanistic_context.flow.family_memberships.HIGH_VELOCITY_CONTINUATION	machine_decision_input	categorical	17509	0.0	"{""False"": 17107, ""True"": 402}"	computed_or_insufficient	0.03892	0.04279	0.01548	17509
setup.mechanistic_context.flow.family_memberships.MID_HORIZON_STAIRCASE	machine_decision_input	categorical	17509	0.0	"{""False"": 15419, ""True"": 2090}"	computed_or_insufficient	0.00436	0.01747	0.05563	17509
setup.mechanistic_context.flow.family_memberships.REBOUND_DECELERATION	machine_decision_input	categorical	17509	0.0	"{""False"": 16770, ""True"": 739}"	computed_or_insufficient	0.02087	0.02498	0.01694	17509
setup.mechanistic_context.flow.family_memberships.RECENT_SESSION_HIGH	machine_decision_input	categorical	17509	0.0	"{""False"": 14866, ""True"": 2643}"	computed_or_insufficient	0.03724	0.01328	0.10279	17509
setup.mechanistic_context.flow.family_memberships.STAIRCASE_RECENT_HIGH	machine_decision_input	categorical	17509	0.0	"{""False"": 17092, ""True"": 417}"	computed_or_insufficient	0.0382	0.02117	0.07339	17509
setup.mechanistic_context.flow.family_memberships.VOLUME_EXPANSION	machine_decision_input	categorical	17509	0.0	"{""False"": 16149, ""True"": 1360}"	computed_or_insufficient	0.01948	0.02218	0.01099	17509
setup.mechanistic_context.flow.flow_match_authorizes_recheck_only	machine_decision_input	categorical	17509	0.0	"{""True"": 17509}"	computed_or_insufficient				17509
setup.mechanistic_context.flow.flow_observation_sha256	machine_decision_input	categorical	17509	0.0	{}	identity_or_clock				17509
setup.mechanistic_context.flow.future_outcome_fields_forbidden	machine_decision_input	categorical	17509	0.0	"{""True"": 17509}"	computed_or_insufficient				17509
setup.mechanistic_context.flow.future_outcome_fields_used	machine_decision_input	categorical	17509	0.0	"{""False"": 17509}"	computed_or_insufficient				17509
setup.mechanistic_context.flow.matched_families.contains:DEPTH_SUPPORTED	machine_decision_input	categorical	17509	0.0	"{""False"": 12896, ""True"": 4613}"	computed_or_insufficient	0.01675	0.02015	0.01402	17509
setup.mechanistic_context.flow.matched_families.contains:DEPTH_SUPPORTED_STAIRCASE	machine_decision_input	categorical	17509	0.0	"{""False"": 17132, ""True"": 377}"	computed_or_insufficient	0.01767	0.02261	0.02055	17509
setup.mechanistic_context.flow.matched_families.contains:HIGH_VELOCITY_CONTINUATION	machine_decision_input	categorical	17509	0.0	"{""False"": 17107, ""True"": 402}"	computed_or_insufficient	0.03892	0.04279	0.01548	17509
setup.mechanistic_context.flow.matched_families.contains:MID_HORIZON_STAIRCASE	machine_decision_input	categorical	17509	0.0	"{""False"": 15419, ""True"": 2090}"	computed_or_insufficient	0.00436	0.01747	0.05563	17509
setup.mechanistic_context.flow.matched_families.contains:REBOUND_DECELERATION	machine_decision_input	categorical	17509	0.0	"{""False"": 16770, ""True"": 739}"	computed_or_insufficient	0.02087	0.02498	0.01694	17509
setup.mechanistic_context.flow.matched_families.contains:RECENT_SESSION_HIGH	machine_decision_input	categorical	17509	0.0	"{""False"": 14866, ""True"": 2643}"	computed_or_insufficient	0.03724	0.01328	0.10279	17509
setup.mechanistic_context.flow.matched_families.contains:STAIRCASE_RECENT_HIGH	machine_decision_input	categorical	17509	0.0	"{""False"": 17092, ""True"": 417}"	computed_or_insufficient	0.0382	0.02117	0.07339	17509
setup.mechanistic_context.flow.matched_families.contains:VOLUME_EXPANSION	machine_decision_input	categorical	17509	0.0	"{""False"": 16149, ""True"": 1360}"	computed_or_insufficient	0.01948	0.02218	0.01099	17509
setup.mechanistic_context.flow.matched_families.length	machine_decision_input	numeric	17509	0.0	"{""max"": 6.0, ""mean"": 0.7219715574847222, ""min"": 0.0}"	computed_or_insufficient	-0.01822	0.00068	0.075	17509
setup.mechanistic_context.flow.micro_confirmation_required_for_enter	machine_decision_input	categorical	17509	0.0	"{""True"": 17509}"	computed_or_insufficient				17509
setup.mechanistic_context.flow.missing_fields.contains:returns_pct.10m	machine_decision_input	categorical	17509	0.0	"{""False"": 14725, ""True"": 2784}"	computed_or_insufficient	0.10075	0.09268	0.03687	17509
setup.mechanistic_context.flow.missing_fields.contains:returns_pct.1m	machine_decision_input	categorical	17509	0.0	"{""False"": 16721, ""True"": 788}"	computed_or_insufficient	0.10998	0.1047	0.02521	17509
setup.mechanistic_context.flow.missing_fields.contains:returns_pct.20m	machine_decision_input	categorical	17509	0.0	"{""False"": 13420, ""True"": 4089}"	computed_or_insufficient	0.09389	0.08796	0.02758	17509
setup.mechanistic_context.flow.missing_fields.contains:returns_pct.3m	machine_decision_input	categorical	17509	0.0	"{""False"": 16137, ""True"": 1372}"	computed_or_insufficient	0.12471	0.11748	0.03386	17509
setup.mechanistic_context.flow.missing_fields.contains:returns_pct.5m	machine_decision_input	categorical	17509	0.0	"{""False"": 15627, ""True"": 1882}"	computed_or_insufficient	0.11245	0.10363	0.0403	17509
setup.mechanistic_context.flow.missing_fields.contains:returns_pct.60m	machine_decision_input	categorical	17509	0.0	"{""False"": 9657, ""True"": 7852}"	computed_or_insufficient	0.07383	0.07132	0.01252	17509
setup.mechanistic_context.flow.missing_fields.contains:slopes_pct_per_bar.10m	machine_decision_input	categorical	17509	0.0	"{""False"": 14870, ""True"": 2639}"	computed_or_insufficient	0.101	0.09238	0.03917	17509
setup.mechanistic_context.flow.missing_fields.contains:slopes_pct_per_bar.1m	machine_decision_input	categorical	17509	0.0	"{""False"": 16721, ""True"": 788}"	computed_or_insufficient	0.10998	0.1047	0.02521	17509
setup.mechanistic_context.flow.missing_fields.contains:slopes_pct_per_bar.20m	machine_decision_input	categorical	17509	0.0	"{""False"": 13543, ""True"": 3966}"	computed_or_insufficient	0.0926	0.08677	0.02712	17509
setup.mechanistic_context.flow.missing_fields.contains:slopes_pct_per_bar.3m	machine_decision_input	categorical	17509	0.0	"{""False"": 16446, ""True"": 1063}"	computed_or_insufficient	0.11508	0.10881	0.02953	17509
setup.mechanistic_context.flow.missing_fields.contains:slopes_pct_per_bar.5m	machine_decision_input	categorical	17509	0.0	"{""False"": 15867, ""True"": 1642}"	computed_or_insufficient	0.12262	0.11456	0.03736	17509
setup.mechanistic_context.flow.missing_fields.contains:slopes_pct_per_bar.60m	machine_decision_input	categorical	17509	0.0	"{""False"": 9738, ""True"": 7771}"	computed_or_insufficient	0.07356	0.07131	0.01145	17509
setup.mechanistic_context.flow.missing_fields.length	machine_decision_input	numeric	17509	0.0	"{""max"": 12.0, ""mean"": 2.0924096179107887, ""min"": 0.0}"	computed_or_insufficient	0.12395	-0.11653	-0.03467	17509
setup.mechanistic_context.flow.runtime_effect	machine_decision_input	categorical	17509	0.0	"{""False"": 17509}"	computed_or_insufficient				17509
setup.mechanistic_context.flow.schema	machine_decision_input	categorical	17509	0.0	"{""mechanistic_entry_flow_observation_v1"": 17509}"	computed_or_insufficient				17509
setup.mechanistic_context.flow.source_analysis_sha256	machine_decision_input	categorical	17509	0.0	{}	identity_or_clock				17509
setup.mechanistic_context.flow.source_quality.completed_bar_count	machine_decision_input	numeric	17509	0.0	"{""max"": 369.0, ""mean"": 152.65954651893313, ""min"": 0.0}"	computed_or_insufficient	-0.06564	0.06639	-0.00151	17509
setup.mechanistic_context.flow.source_quality.forming_bar_excluded	machine_decision_input	categorical	17025	2.76	"{""True"": 17025}"	computed_or_insufficient				17025
setup.mechanistic_context.flow.source_quality.status	machine_decision_input	categorical	17025	2.76	"{""fresh_consistent"": 17025}"	computed_or_insufficient				17025
setup.mechanistic_context.group.actual_order_submitted	machine_decision_input	categorical	17509	0.0	"{""False"": 17509}"	computed_or_insufficient				17509
setup.mechanistic_context.group.allowed_runtime_apply	machine_decision_input	categorical	17509	0.0	"{""False"": 17509}"	computed_or_insufficient				17509
setup.mechanistic_context.group.broker_order_forbidden	machine_decision_input	categorical	17509	0.0	"{""True"": 17509}"	computed_or_insufficient				17509
setup.mechanistic_context.group.feature_time_boundary	machine_decision_input	categorical	17509	0.0	"{""decision_time_or_completed_bar_only"": 17509}"	computed_or_insufficient				17509
setup.mechanistic_context.group.future_outcome_fields_forbidden	machine_decision_input	categorical	17509	0.0	"{""True"": 17509}"	computed_or_insufficient				17509
setup.mechanistic_context.group.group_key	machine_decision_input	categorical	17509	0.0	{}	high_cardinality				17509
setup.mechanistic_context.group.group_observation_sha256	machine_decision_input	categorical	17509	0.0	{}	identity_or_clock				17509
setup.mechanistic_context.group.key_parts.extension_band	machine_decision_input	categorical	17509	0.0	"{""UNKNOWN"": 17509}"	computed_or_insufficient				17509
setup.mechanistic_context.group.key_parts.liquidity_band	machine_decision_input	categorical	17509	0.0	"{""BOUNDED"": 9027, ""FRAGILE"": 4383, ""SUPPORTIVE"": 4099}"	computed_or_insufficient	0.14593	0.12524	0.09164	17509
setup.mechanistic_context.group.key_parts.price_tick_band	machine_decision_input	categorical	17509	0.0	"{""5_TO_10BP"": 7653, ""GE_10BP"": 9856}"	computed_or_insufficient	0.08405	0.07978	0.02026	17509
setup.mechanistic_context.group.key_parts.session_bucket	machine_decision_input	categorical	17509	0.0	"{""KRX_NXT_AFTERMARKET"": 3083, ""KRX_REGULAR"": 13458, ""PREMARKET_KRX_LIKE"": 968}"	computed_or_insufficient	0.0783	0.07949	0.01095	17509
setup.mechanistic_context.group.key_parts.structure_phase	machine_decision_input	categorical	17509	0.0	"{""continuation"": 2623, ""distribution"": 2268, ""early_continuation_probe"": 53, ""failed_breakout"": 4931, ""pullback"": 646, ""range_or_no_setup"": 3619, ""rebound_attempt"": 1972, ""recovery_continuation"": 1397}"	computed_or_insufficient	0.5324	0.50995	0.19935	17509
setup.mechanistic_context.group.key_parts.venue	machine_decision_input	categorical	17509	0.0	"{""KRX"": 13458, ""KRX_NXT_INTEGRATED"": 3083, ""PREMARKET_KRX_LIKE"": 968}"	computed_or_insufficient	0.0783	0.07949	0.01095	17509
setup.mechanistic_context.group.key_parts.volatility_band	machine_decision_input	categorical	17509	0.0	"{""HIGH"": 1317, ""LOW"": 9079, ""MEDIUM"": 6594, ""UNKNOWN"": 519}"	computed_or_insufficient	0.17405	0.16603	0.04237	17509
setup.mechanistic_context.group.key_parts.watch_age_band	machine_decision_input	categorical	17509	0.0	"{""UNKNOWN"": 17509}"	computed_or_insufficient				17509
setup.mechanistic_context.group.missing_dimensions.contains:extension_band	machine_decision_input	categorical	17509	0.0	"{""False"": 0, ""True"": 17509}"	computed_or_insufficient	0.0	0.0	0.0	17509
setup.mechanistic_context.group.missing_dimensions.contains:volatility_band	machine_decision_input	categorical	17509	0.0	"{""False"": 16990, ""True"": 519}"	computed_or_insufficient	0.13118	0.12719	0.0203	17509
setup.mechanistic_context.group.missing_dimensions.contains:watch_age_band	machine_decision_input	categorical	17509	0.0	"{""False"": 0, ""True"": 17509}"	computed_or_insufficient	0.0	0.0	0.0	17509
setup.mechanistic_context.group.missing_dimensions.length	machine_decision_input	numeric	17509	0.0	"{""max"": 3.0, ""mean"": 2.0296418984522244, ""min"": 2.0}"	computed_or_insufficient	0.13118	-0.12719	-0.0203	17509
setup.mechanistic_context.group.price	machine_decision_input	numeric	17509	0.0	"{""max"": 1915500.0, ""mean"": 38765.751385002, ""min"": 949.0}"	computed_or_insufficient	-0.05911	0.05736	0.00893	17509
setup.mechanistic_context.group.realized_volatility_pct	machine_decision_input	numeric	16990	2.96	"{""max"": 16.932778872677964, ""mean"": 0.6472802075258332, ""min"": 0.00010146026689361598}"	computed_or_insufficient	0.09629	-0.08858	-0.03462	16990
setup.mechanistic_context.group.runtime_effect	machine_decision_input	categorical	17509	0.0	"{""False"": 17509}"	computed_or_insufficient				17509
setup.mechanistic_context.group.schema	machine_decision_input	categorical	17509	0.0	"{""entry_predecision_group_observation_v1"": 17509}"	computed_or_insufficient				17509
setup.mechanistic_context.group.symbol_specific_threshold_active	machine_decision_input	categorical	17509	0.0	"{""False"": 17509}"	computed_or_insufficient				17509
setup.mechanistic_context.group.tick_pct	machine_decision_input	numeric	17509	0.0	"{""max"": 0.25, ""mean"": 0.12016565454551642, ""min"": 0.05002501250625312}"	computed_or_insufficient	0.08805	-0.08251	-0.02578	17509
setup.mechanistic_context.group.tick_size	machine_decision_input	numeric	17509	0.0	"{""max"": 1000.0, ""mean"": 45.10126220800731, ""min"": 1.0}"	computed_or_insufficient	-0.05106	0.04876	0.0111	17509
setup.mechanistic_context.micro_window.action	machine_decision_input	categorical	17509	0.0	"{""CONTINUE"": 7453, ""DEFER_ADVERSE_FLOW"": 1, ""SOURCE_UNAVAILABLE"": 10055}"	computed_or_insufficient	0.03608	0.03631	0.0009	17509
setup.mechanistic_context.micro_window.bid_end	machine_decision_input	numeric	7454	57.43	"{""max"": 1898000.0, ""mean"": 18879.631338878455, ""min"": 990.0}"	computed_or_insufficient	-0.08259	0.07426	0.03755	7454
setup.mechanistic_context.micro_window.bid_min	machine_decision_input	numeric	7454	57.43	"{""max"": 1898000.0, ""mean"": 18878.26925140864, ""min"": 990.0}"	computed_or_insufficient	-0.08259	0.07427	0.03755	7454
setup.mechanistic_context.micro_window.bid_start	machine_decision_input	numeric	7454	57.43	"{""max"": 1898000.0, ""mean"": 18879.676415347465, ""min"": 990.0}"	computed_or_insufficient	-0.08259	0.07426	0.03754	7454
setup.mechanistic_context.micro_window.buy_qty_halves.length	machine_decision_input	numeric	7454	57.43	"{""max"": 2.0, ""mean"": 2.0, ""min"": 2.0}"	computed_or_insufficient				7454
setup.mechanistic_context.micro_window.buy_qty_halves.numeric_last	machine_decision_input	numeric	7454	57.43	"{""max"": 715.0, ""mean"": 0.632143815401127, ""min"": 0.0}"	computed_or_insufficient	0.01407	-0.01348	-0.00292	7454
setup.mechanistic_context.micro_window.buy_qty_halves.numeric_max	machine_decision_input	numeric	7454	57.43	"{""max"": 34618.0, ""mean"": 183.54440568822108, ""min"": 0.0}"	computed_or_insufficient	-0.00171	0.00255	-0.00348	7454
setup.mechanistic_context.micro_window.buy_qty_halves.numeric_mean	machine_decision_input	numeric	7454	57.43	"{""max"": 17309.0, ""mean"": 92.0273678561846, ""min"": 0.0}"	computed_or_insufficient	-0.00152	0.00237	-0.00353	7454
setup.mechanistic_context.micro_window.buy_qty_halves.numeric_min	machine_decision_input	numeric	7454	57.43	"{""max"": 527.0, ""mean"": 0.5103300241481084, ""min"": 0.0}"	computed_or_insufficient	0.01447	-0.01371	-0.00365	7454
setup.mechanistic_context.micro_window.checks.bid_declining	machine_decision_input	categorical	7454	57.43	"{""False"": 6904, ""True"": 550}"	computed_or_insufficient	0.06595	0.06184	0.0193	7454
setup.mechanistic_context.micro_window.checks.no_bid_recovery	machine_decision_input	categorical	7454	57.43	"{""False"": 595, ""True"": 6859}"	computed_or_insufficient	0.0454	0.04583	0.00042	7454
setup.mechanistic_context.micro_window.checks.sell_dominant_both_halves	machine_decision_input	categorical	7454	57.43	"{""False"": 7450, ""True"": 4}"	computed_or_insufficient	0.00569	0.00637	0.00269	7454
setup.mechanistic_context.micro_window.checks.sell_speed_not_easing	machine_decision_input	categorical	7454	57.43	"{""False"": 2992, ""True"": 4462}"	computed_or_insufficient	0.11902	0.11151	0.03524	7454
setup.mechanistic_context.micro_window.contract	machine_decision_input	categorical	17509	0.0	"{""machine_entry_adverse_flow_v1"": 17509}"	computed_or_insufficient				17509
setup.mechanistic_context.micro_window.cutoff_ms	machine_decision_input	numeric	17509	0.0	"{""max"": 1790159949063.0, ""mean"": 1789591058596.6667, ""min"": 1789341994637.0}"	computed_or_insufficient	-0.18592	0.15925	0.11808	17509
setup.mechanistic_context.micro_window.effective_venue	machine_decision_input	categorical	2297	86.88	"{""KRX"": 1879, ""KRX_NXT_INTEGRATED"": 418}"	computed_or_insufficient	0.27478	0.22991	0.13514	2297
setup.mechanistic_context.micro_window.epoch	machine_decision_input	numeric	7454	57.43	"{""max"": 2.0, ""mean"": 1.0040246847330292, ""min"": 1.0}"	computed_or_insufficient	-0.01561	0.01748	-0.00738	7454
setup.mechanistic_context.micro_window.feature.aggressive_buy_qty_before_max_depletion	machine_decision_input	numeric	7426	57.59	"{""max"": 14877.0, ""mean"": 63.362106113654725, ""min"": 0.0}"	computed_or_insufficient	-0.00499	0.0049	0.00054	7426
setup.mechanistic_context.micro_window.feature.aggressive_buy_trade_backed_ratio	machine_decision_input	numeric	7426	57.59	"{""max"": 1.0, ""mean"": 0.19163338094222226, ""min"": 0.0}"	computed_or_insufficient	0.0061	-0.0018	-0.01829	7426
setup.mechanistic_context.micro_window.feature.anchor_depth.ask	machine_decision_input	numeric	7454	57.43	"{""max"": 1899000.0, ""mean"": 18905.24939629729, ""min"": 994.0}"	computed_or_insufficient	-0.08261	0.07428	0.03758	7454
setup.mechanistic_context.micro_window.feature.anchor_depth.asks.length	machine_decision_input	numeric	7454	57.43	"{""max"": 5.0, ""mean"": 4.999463375368929, ""min"": 2.0}"	computed_or_insufficient	-0.00395	0.00357	0.0017	7454
setup.mechanistic_context.micro_window.feature.anchor_depth.at_ms	machine_decision_input	numeric	7454	57.43	"{""max"": 1790159948054.0, ""mean"": 1789539477534.8079, ""min"": 1789344223412.0}"	computed_or_insufficient	-0.21142	0.17071	0.17786	7454
setup.mechanistic_context.micro_window.feature.anchor_depth.bid	machine_decision_input	numeric	7454	57.43	"{""max"": 1898000.0, ""mean"": 18879.676415347465, ""min"": 990.0}"	computed_or_insufficient	-0.08259	0.07426	0.03754	7454
setup.mechanistic_context.micro_window.feature.anchor_depth.epoch	machine_decision_input	numeric	7454	57.43	"{""max"": 2.0, ""mean"": 1.0040246847330292, ""min"": 1.0}"	computed_or_insufficient	-0.01561	0.01748	-0.00738	7454
setup.mechanistic_context.micro_window.feature.anchor_depth.item	machine_decision_input	categorical	7454	57.43	{}	high_cardinality				7454
setup.mechanistic_context.micro_window.feature.anchor_depth.quantity	machine_decision_input	numeric	7454	57.43	"{""max"": 733531.0, ""mean"": 2148.78306949289, ""min"": 1.0}"	computed_or_insufficient	-0.03632	0.03726	-0.00285	7454
setup.mechanistic_context.micro_window.feature.anchor_depth.sequence	machine_decision_input	numeric	7454	57.43	"{""max"": 45183.0, ""mean"": 1784.9961094714247, ""min"": 5.0}"	computed_or_insufficient	-0.01721	0.02655	-0.03881	7454
setup.mechanistic_context.micro_window.feature.best_ask_depletion_velocity_qty_per_sec	machine_decision_input	numeric	7426	57.59	"{""max"": 1190857.142857143, ""mean"": 2304.895302903773, ""min"": 0.0}"	computed_or_insufficient	-0.00179	0.00211	-0.0013	7426
setup.mechanistic_context.micro_window.feature.checkpoint_at_ms	machine_decision_input	numeric	7454	57.43	"{""max"": 1790159949063.0, ""mean"": 1789539478729.3652, ""min"": 1789344225197.0}"	computed_or_insufficient	-0.21142	0.17071	0.17786	7454
setup.mechanistic_context.micro_window.feature.depth_observation_count	machine_decision_input	numeric	7454	57.43	"{""max"": 20.0, ""mean"": 2.3426348269385566, ""min"": 1.0}"	computed_or_insufficient	0.07188	-0.06492	-0.03147	7454
setup.mechanistic_context.micro_window.feature.downward_reprice_observed	machine_decision_input	categorical	7454	57.43	"{""False"": 6854, ""True"": 600}"	computed_or_insufficient	0.0888	0.0864	0.01279	7454
setup.mechanistic_context.micro_window.feature.eligible_for_feature_ablation	machine_decision_input	categorical	7454	57.43	"{""False"": 28, ""True"": 7426}"	computed_or_insufficient	0.03911	0.0377	0.00712	7454
setup.mechanistic_context.micro_window.feature.endpoint_depth.ask	machine_decision_input	numeric	7454	57.43	"{""max"": 1899000.0, ""mean"": 18905.199221894283, ""min"": 994.0}"	computed_or_insufficient	-0.08261	0.07428	0.03758	7454
setup.mechanistic_context.micro_window.feature.endpoint_depth.asks.length	machine_decision_input	numeric	7454	57.43	"{""max"": 5.0, ""mean"": 4.999463375368929, ""min"": 2.0}"	computed_or_insufficient	-0.00395	0.00357	0.0017	7454
setup.mechanistic_context.micro_window.feature.endpoint_depth.at_ms	machine_decision_input	numeric	7454	57.43	"{""max"": 1790159948054.0, ""mean"": 1789539477810.449, ""min"": 1789344224394.0}"	computed_or_insufficient	-0.21142	0.17071	0.17786	7454
setup.mechanistic_context.micro_window.feature.endpoint_depth.bid	machine_decision_input	numeric	7454	57.43	"{""max"": 1898000.0, ""mean"": 18879.631338878455, ""min"": 990.0}"	computed_or_insufficient	-0.08259	0.07426	0.03755	7454
setup.mechanistic_context.micro_window.feature.endpoint_depth.epoch	machine_decision_input	numeric	7454	57.43	"{""max"": 2.0, ""mean"": 1.0040246847330292, ""min"": 1.0}"	computed_or_insufficient	-0.01561	0.01748	-0.00738	7454
setup.mechanistic_context.micro_window.feature.endpoint_depth.item	machine_decision_input	categorical	7454	57.43	{}	high_cardinality				7454
setup.mechanistic_context.micro_window.feature.endpoint_depth.quantity	machine_decision_input	numeric	7454	57.43	"{""max"": 733454.0, ""mean"": 2127.6491816474377, ""min"": 1.0}"	computed_or_insufficient	-0.03736	0.03828	-0.00275	7454
setup.mechanistic_context.micro_window.feature.endpoint_depth.sequence	machine_decision_input	numeric	7454	57.43	"{""max"": 45184.0, ""mean"": 1786.3387442983633, ""min"": 5.0}"	computed_or_insufficient	-0.01717	0.02651	-0.03883	7454
setup.mechanistic_context.micro_window.feature.endpoint_trade.at_ms	machine_decision_input	numeric	7454	57.43	"{""max"": 1790159947854.0, ""mean"": 1789539477751.173, ""min"": 1789344224415.0}"	computed_or_insufficient	-0.21142	0.17071	0.17786	7454
setup.mechanistic_context.micro_window.feature.endpoint_trade.epoch	machine_decision_input	numeric	7454	57.43	"{""max"": 2.0, ""mean"": 1.0040246847330292, ""min"": 1.0}"	computed_or_insufficient	-0.01561	0.01748	-0.00738	7454
setup.mechanistic_context.micro_window.feature.endpoint_trade.item	machine_decision_input	categorical	7454	57.43	{}	high_cardinality				7454
setup.mechanistic_context.micro_window.feature.endpoint_trade.price	machine_decision_input	numeric	7454	57.43	"{""max"": 1898000.0, ""mean"": 18893.955594311778, ""min"": 990.0}"	computed_or_insufficient	-0.08263	0.0743	0.03759	7454
setup.mechanistic_context.micro_window.feature.endpoint_trade.provider_trade_date_basis	machine_decision_input	categorical	800	95.43	"{""local_receive_calendar_date_not_provider_date"": 800}"	computed_or_insufficient				800
setup.mechanistic_context.micro_window.feature.endpoint_trade.provider_trade_epoch	machine_decision_input	numeric	800	95.43	"{""max"": 1790159947.0, ""mean"": 1790095531.53625, ""min"": 1789962030.0}"	identity_or_clock				800
setup.mechanistic_context.micro_window.feature.endpoint_trade.provider_trade_time_precision_ms	machine_decision_input	numeric	800	95.43	"{""max"": 1000.0, ""mean"": 1000.0, ""min"": 1000.0}"	computed_or_insufficient				800
setup.mechanistic_context.micro_window.feature.endpoint_trade.quantity	machine_decision_input	numeric	7454	57.43	"{""max"": 22809.0, ""mean"": 130.8950898846257, ""min"": 1.0}"	computed_or_insufficient	0.01991	-0.01751	-0.01072	7454
setup.mechanistic_context.micro_window.feature.endpoint_trade.sequence	machine_decision_input	numeric	7454	57.43	"{""max"": 75732.0, ""mean"": 3087.5468204990607, ""min"": 2.0}"	computed_or_insufficient	0.0246	-0.01508	-0.04085	7454
setup.mechanistic_context.micro_window.feature.endpoint_trade.side	machine_decision_input	categorical	7454	57.43	"{""BUY"": 4079, ""SELL"": 3375}"	computed_or_insufficient	0.08658	0.07947	0.03255	7454
setup.mechanistic_context.micro_window.feature.feature_version	machine_decision_input	categorical	7454	57.43	"{""machine_confirmation_fixed_price_window_v1"": 7454}"	computed_or_insufficient				7454
setup.mechanistic_context.micro_window.feature.horizon_ms	machine_decision_input	numeric	7454	57.43	"{""max"": 1000.0, ""mean"": 1000.0, ""min"": 1000.0}"	computed_or_insufficient				7454
setup.mechanistic_context.micro_window.feature.market_observation_count	machine_decision_input	numeric	7454	57.43	"{""max"": 113.0, ""mean"": 2.1285215991414006, ""min"": 0.0}"	computed_or_insufficient	0.06202	-0.05844	-0.01693	7454
setup.mechanistic_context.micro_window.feature.max_best_ask_depletion_qty	machine_decision_input	numeric	7426	57.59	"{""max"": 27742.0, ""mean"": 107.28979262052249, ""min"": 0.0}"	computed_or_insufficient	0.00922	-0.00754	-0.00733	7426
setup.mechanistic_context.micro_window.feature.refill_half_life_ms	machine_decision_input	numeric	232	98.67	"{""max"": 409.0, ""mean"": 125.375, ""min"": 7.0}"	computed_or_insufficient	-0.03145	0.00253	0.12142	232
setup.mechanistic_context.micro_window.feature.refill_ratio	machine_decision_input	numeric	7426	57.59	"{""max"": 1004.0, ""mean"": 1.5189651667576578, ""min"": 0.0}"	computed_or_insufficient	0.0243	-0.02303	-0.00608	7426
setup.mechanistic_context.micro_window.feature.source_gap_reasons.contains:fixed_ask_level_unobserved	machine_decision_input	categorical	7454	57.43	"{""False"": 7426, ""True"": 28}"	computed_or_insufficient	0.03911	0.0377	0.00712	7454
setup.mechanistic_context.micro_window.feature.source_gap_reasons.contains:initial_or_fixed_depth_invalid	machine_decision_input	categorical	7454	57.43	"{""False"": 7426, ""True"": 28}"	computed_or_insufficient	0.03911	0.0377	0.00712	7454
setup.mechanistic_context.micro_window.feature.source_gap_reasons.length	machine_decision_input	numeric	7454	57.43	"{""max"": 2.0, ""mean"": 0.007512744834987926, ""min"": 0.0}"	computed_or_insufficient	0.03911	-0.0377	-0.00712	7454
setup.mechanistic_context.micro_window.feature.source_quality_status	machine_decision_input	categorical	7454	57.43	"{""eligible"": 7426, ""source_gap"": 28}"	computed_or_insufficient	0.03911	0.0377	0.00712	7454
setup.mechanistic_context.micro_window.feature.unexplained_or_cancel_like_depletion_ratio	machine_decision_input	numeric	7426	57.59	"{""max"": 1.0, ""mean"": 0.14960012296297562, ""min"": 0.0}"	computed_or_insufficient	0.01385	-0.01653	0.01086	7426
setup.mechanistic_context.micro_window.feature.window_source_sha256	machine_decision_input	categorical	7454	57.43	{}	identity_or_clock				7454
setup.mechanistic_context.micro_window.feature.window_started_at_ms	machine_decision_input	numeric	7454	57.43	"{""max"": 1790159948063.0, ""mean"": 1789539477729.3652, ""min"": 1789344224197.0}"	computed_or_insufficient	-0.21142	0.17071	0.17786	7454
setup.mechanistic_context.micro_window.item	machine_decision_input	categorical	7454	57.43	{}	high_cardinality				7454
setup.mechanistic_context.micro_window.machine_market_route_binding.confirmation_route	machine_decision_input	categorical	2545	85.46	"{""KRX"": 1170, ""SOR"": 1375}"	computed_or_insufficient	0.05667	0.06469	0.02246	2545
setup.mechanistic_context.micro_window.machine_market_route_binding.effective_venue	machine_decision_input	categorical	2545	85.46	"{""KRX"": 1820, ""KRX_NXT_INTEGRATED"": 609, ""PREMARKET_KRX_LIKE"": 116}"	computed_or_insufficient	0.04345	0.06338	0.04818	2545
setup.mechanistic_context.micro_window.machine_market_route_binding.market_data_route	machine_decision_input	categorical	2545	85.46	"{""krx_nxt_integrated"": 1375, ""krx_only"": 1170}"	computed_or_insufficient	0.05667	0.06469	0.02246	2545
setup.mechanistic_context.micro_window.machine_market_route_binding.session_bucket	machine_decision_input	categorical	2545	85.46	"{""krx_nxt_aftermarket"": 609, ""krx_regular"": 1820, ""premarket_krx_like"": 116}"	computed_or_insufficient	0.04345	0.06338	0.04818	2545
setup.mechanistic_context.micro_window.machine_market_route_binding.snapshot_id	machine_decision_input	categorical	2545	85.46	{}	identity_or_clock				2545
setup.mechanistic_context.micro_window.market_data_health.as_of_epoch	machine_decision_input	numeric	2544	85.47	"{""max"": 1790159949.063, ""mean"": 1790071434.174463, ""min"": 1789962030.655}"	identity_or_clock				2544
setup.mechanistic_context.micro_window.market_data_health.decision_authority	machine_decision_input	categorical	2544	85.47	"{""False"": 2544}"	computed_or_insufficient				2544
setup.mechanistic_context.micro_window.market_data_health.executable_quote_receive_age_ms	machine_decision_input	numeric	2543	85.48	"{""max"": 63113.00015449524, ""mean"": 1636.103025253392, ""min"": 260.9999179840088}"	computed_or_insufficient	0.03371	-0.01798	-0.03042	2543
setup.mechanistic_context.micro_window.market_data_health.missing_values_imputed	machine_decision_input	categorical	2544	85.47	"{""False"": 2544}"	computed_or_insufficient				2544
setup.mechanistic_context.micro_window.market_data_health.quiet_tape_after_ms	machine_decision_input	numeric	2544	85.47	"{""max"": 10000.0, ""mean"": 10000.0, ""min"": 10000.0}"	computed_or_insufficient				2544
setup.mechanistic_context.micro_window.market_data_health.quote_max_age_ms	machine_decision_input	numeric	2544	85.47	"{""max"": 1500.0, ""mean"": 1500.0, ""min"": 1500.0}"	computed_or_insufficient				2544
setup.mechanistic_context.micro_window.market_data_health.rest_quote	machine_decision_input	none	0	100.0	{}	no_observed_value				0
setup.mechanistic_context.micro_window.market_data_health.routes.KRX|krx_only.effective_venue	machine_decision_input	categorical	1233	92.96	"{""KRX"": 1233}"	computed_or_insufficient				1233
setup.mechanistic_context.micro_window.market_data_health.routes.KRX|krx_only.item	machine_decision_input	categorical	1233	92.96	{}	high_cardinality				1233
setup.mechanistic_context.micro_window.market_data_health.routes.KRX|krx_only.market_data_scope	machine_decision_input	categorical	1233	92.96	"{""KRX"": 1233}"	computed_or_insufficient				1233
setup.mechanistic_context.micro_window.market_data_health.routes.KRX|krx_only.market_no_print_proven	machine_decision_input	categorical	1233	92.96	"{""False"": 1233}"	computed_or_insufficient				1233
setup.mechanistic_context.micro_window.market_data_health.routes.KRX|krx_only.market_route	machine_decision_input	categorical	1233	92.96	"{""krx_only"": 1233}"	computed_or_insufficient				1233
setup.mechanistic_context.micro_window.market_data_health.routes.KRX|krx_only.observation_continuity_proven	machine_decision_input	categorical	1233	92.96	"{""False"": 672, ""True"": 561}"	computed_or_insufficient	0.02503	0.00191	0.04681	1233
setup.mechanistic_context.micro_window.market_data_health.routes.KRX|krx_only.provider_trade_date_basis	machine_decision_input	categorical	1233	92.96	"{""local_receive_calendar_date_not_provider_date"": 1233}"	computed_or_insufficient				1233
setup.mechanistic_context.micro_window.market_data_health.routes.KRX|krx_only.provider_trade_time_precision_ms	machine_decision_input	numeric	1233	92.96	"{""max"": 1000.0, ""mean"": 1000.0, ""min"": 1000.0}"	computed_or_insufficient				1233
setup.mechanistic_context.micro_window.market_data_health.routes.KRX|krx_only.quiet_episode_count	machine_decision_input	numeric	561	96.8	"{""max"": 1.0, ""mean"": 0.0071301247771836, ""min"": 0.0}"	computed_or_insufficient	-0.01071	0.02206	-0.02284	561
setup.mechanistic_context.micro_window.market_data_health.routes.KRX|krx_only.quote_receive_age_ms	machine_decision_input	numeric	1233	92.96	"{""max"": 83304.99982833862, ""mean"": 1807.3925355151719, ""min"": 513.9999389648438}"	computed_or_insufficient	0.0136	-0.00321	-0.02086	1233
setup.mechanistic_context.micro_window.market_data_health.routes.KRX|krx_only.quote_state	machine_decision_input	categorical	1233	92.96	"{""fresh"": 570, ""stale"": 662, ""unproven"": 1}"	computed_or_insufficient	0.04063	0.02454	0.05058	1233
setup.mechanistic_context.micro_window.market_data_health.routes.KRX|krx_only.trade_activity_state	machine_decision_input	categorical	1233	92.96	"{""OBSERVATION_UNPROVEN"": 672, ""RECENT_TRADE"": 561}"	computed_or_insufficient	0.02503	0.00191	0.04681	1233
setup.mechanistic_context.micro_window.market_data_health.routes.KRX|krx_only.trade_event_age_ms	machine_decision_input	numeric	1233	92.96	"{""max"": 116471.99988365173, ""mean"": 2949.0811010733523, ""min"": 654.9999713897705}"	computed_or_insufficient	0.01019	0.00016	-0.02103	1233
setup.mechanistic_context.micro_window.market_data_health.routes.KRX|krx_only.trade_receive_age_ms	machine_decision_input	numeric	1233	92.96	"{""max"": 86415.60530662537, ""mean"": 2180.5281544350455, ""min"": 509.0806484222412}"	computed_or_insufficient	0.01483	-0.0013	-0.02738	1233
setup.mechanistic_context.micro_window.market_data_health.routes.KRX|krx_only.transport_epoch	machine_decision_input	numeric	1233	92.96	"{""max"": 2.0, ""mean"": 1.0413625304136254, ""min"": 1.0}"	identity_or_clock				1233
setup.mechanistic_context.micro_window.market_data_health.routes.KRX|krx_only.underlying_event_venue_proven	machine_decision_input	categorical	1233	92.96	"{""False"": 1, ""True"": 1232}"	computed_or_insufficient	0.0196	0.02217	0.00694	1233
setup.mechanistic_context.micro_window.market_data_health.routes._AL|krx_nxt_integrated.effective_venue	machine_decision_input	categorical	1383	92.1	"{""UNKNOWN"": 1383}"	computed_or_insufficient				1383
setup.mechanistic_context.micro_window.market_data_health.routes._AL|krx_nxt_integrated.item	machine_decision_input	categorical	1383	92.1	{}	high_cardinality				1383
setup.mechanistic_context.micro_window.market_data_health.routes._AL|krx_nxt_integrated.market_data_scope	machine_decision_input	categorical	1383	92.1	"{""KRX_NXT_INTEGRATED"": 1382, ""UNKNOWN"": 1}"	computed_or_insufficient	0.04467	0.03984	0.00597	1383
setup.mechanistic_context.micro_window.market_data_health.routes._AL|krx_nxt_integrated.market_no_print_proven	machine_decision_input	categorical	1383	92.1	"{""False"": 1383}"	computed_or_insufficient				1383
setup.mechanistic_context.micro_window.market_data_health.routes._AL|krx_nxt_integrated.market_route	machine_decision_input	categorical	1383	92.1	"{""krx_nxt_integrated"": 1383}"	computed_or_insufficient				1383
setup.mechanistic_context.micro_window.market_data_health.routes._AL|krx_nxt_integrated.observation_continuity_proven	machine_decision_input	categorical	1383	92.1	"{""False"": 674, ""True"": 709}"	computed_or_insufficient	0.03816	0.00318	0.08665	1383
setup.mechanistic_context.micro_window.market_data_health.routes._AL|krx_nxt_integrated.provider_trade_date_basis	machine_decision_input	categorical	1382	92.11	"{""local_receive_calendar_date_not_provider_date"": 1382}"	computed_or_insufficient				1382
setup.mechanistic_context.micro_window.market_data_health.routes._AL|krx_nxt_integrated.provider_trade_time_precision_ms	machine_decision_input	numeric	1382	92.11	"{""max"": 1000.0, ""mean"": 1000.0, ""min"": 1000.0}"	computed_or_insufficient				1382
setup.mechanistic_context.micro_window.market_data_health.routes._AL|krx_nxt_integrated.quiet_episode_count	machine_decision_input	numeric	709	95.95	"{""max"": 2.0, ""mean"": 0.023977433004231313, ""min"": 0.0}"	computed_or_insufficient	-0.02503	0.02527	-0.00364	709
setup.mechanistic_context.micro_window.market_data_health.routes._AL|krx_nxt_integrated.quote_receive_age_ms	machine_decision_input	numeric	1383	92.1	"{""max"": 202333.99987220764, ""mean"": 2105.8481534322104, ""min"": 260.9999179840088}"	computed_or_insufficient	0.07332	-0.06063	-0.02023	1383
setup.mechanistic_context.micro_window.market_data_health.routes._AL|krx_nxt_integrated.quote_state	machine_decision_input	categorical	1383	92.1	"{""fresh"": 729, ""invalid"": 4, ""stale"": 649, ""unproven"": 1}"	computed_or_insufficient	0.04786	0.02845	0.08075	1383
setup.mechanistic_context.micro_window.market_data_health.routes._AL|krx_nxt_integrated.trade_activity_state	machine_decision_input	categorical	1383	92.1	"{""OBSERVATION_UNPROVEN"": 674, ""RECENT_TRADE"": 709}"	computed_or_insufficient	0.03816	0.00318	0.08665	1383
setup.mechanistic_context.micro_window.market_data_health.routes._AL|krx_nxt_integrated.trade_event_age_ms	machine_decision_input	numeric	1382	92.11	"{""max"": 205361.9999885559, ""mean"": 3074.3386383167053, ""min"": 548.0000972747803}"	computed_or_insufficient	0.05624	-0.04195	-0.02545	1382
setup.mechanistic_context.micro_window.market_data_health.routes._AL|krx_nxt_integrated.trade_receive_age_ms	machine_decision_input	numeric	1382	92.11	"{""max"": 204606.93287849426, ""mean"": 2388.872056207505, ""min"": 333.06312561035156}"	computed_or_insufficient	0.05929	-0.04493	-0.0253	1382
setup.mechanistic_context.micro_window.market_data_health.routes._AL|krx_nxt_integrated.transport_epoch	machine_decision_input	numeric	1383	92.1	"{""max"": 2.0, ""mean"": 1.0535068691250904, ""min"": 1.0}"	identity_or_clock				1383
setup.mechanistic_context.micro_window.market_data_health.routes._AL|krx_nxt_integrated.underlying_event_venue_proven	machine_decision_input	categorical	1383	92.1	"{""False"": 1383}"	computed_or_insufficient				1383
setup.mechanistic_context.micro_window.market_data_health.schema	machine_decision_input	categorical	2544	85.47	"{""kiwoom_market_data_health_v1"": 2544}"	computed_or_insufficient				2544
setup.mechanistic_context.micro_window.market_data_health.transport_receive_age_ms	machine_decision_input	numeric	2544	85.47	"{""max"": 7545.000076293945, ""mean"": 1534.1606085780281, ""min"": 260.9999179840088}"	computed_or_insufficient	0.01324	0.01191	-0.05247	2544
setup.mechanistic_context.micro_window.market_session	machine_decision_input	categorical	2297	86.88	"{""UNKNOWN"": 1497, ""krx_nxt_aftermarket"": 183, ""krx_regular"": 539, ""premarket_krx_like"": 78}"	computed_or_insufficient	0.39897	0.33547	0.20315	2297
setup.mechanistic_context.micro_window.reason	machine_decision_input	categorical	10055	42.57	"{""ending_depth_stale_or_missing"": 76, ""ending_depth_stale_or_missing,starting_depth_stale,trade_watermark_stale_or_missing"": 257, ""ending_depth_stale_or_missing,trade_watermark_stale_or_missing"": 1437, ""ending_depth_stale_or_missing,trade_watermark_stale_or_missing,window_source_invalid:ValueError"": 40, ""exact_route_missing_or_duplicate"": 5907, ""machine_payload_market_route_missing_or_conflicting"": 484, ""starting_depth_stale"": 41, ""trade_watermark_stale_or_missing"": 1729}"	computed_or_insufficient	0.25463	0.24028	0.08324	10055
setup.mechanistic_context.micro_window.route_identity_source	machine_decision_input	categorical	2297	86.88	"{""exact_integrated_market_route"": 418, ""exact_realtime_type_effective_venue"": 1879}"	computed_or_insufficient	0.27478	0.22991	0.13514	2297
setup.mechanistic_context.micro_window.sell_qty_halves.length	machine_decision_input	numeric	7454	57.43	"{""max"": 2.0, ""mean"": 2.0, ""min"": 2.0}"	computed_or_insufficient				7454
setup.mechanistic_context.micro_window.sell_qty_halves.numeric_last	machine_decision_input	numeric	7454	57.43	"{""max"": 5827.0, ""mean"": 1.1455594311778912, ""min"": 0.0}"	computed_or_insufficient	0.01045	-0.01014	-0.00162	7454
setup.mechanistic_context.micro_window.sell_qty_halves.numeric_max	machine_decision_input	numeric	7454	57.43	"{""max"": 30142.0, ""mean"": 201.64086396565602, ""min"": 0.0}"	computed_or_insufficient	0.03818	-0.0353	-0.01327	7454
setup.mechanistic_context.micro_window.sell_qty_halves.numeric_mean	machine_decision_input	numeric	7454	57.43	"{""max"": 15071.0, ""mean"": 100.92997048564528, ""min"": 0.0}"	computed_or_insufficient	0.03821	-0.03533	-0.01329	7454
setup.mechanistic_context.micro_window.sell_qty_halves.numeric_min	machine_decision_input	numeric	7454	57.43	"{""max"": 448.0, ""mean"": 0.21907700563455862, ""min"": 0.0}"	computed_or_insufficient	0.00733	-0.00667	-0.003	7454
setup.mechanistic_context.micro_window.sell_rate_qty_per_sec.length	machine_decision_input	numeric	7454	57.43	"{""max"": 2.0, ""mean"": 2.0, ""min"": 2.0}"	computed_or_insufficient				7454
setup.mechanistic_context.micro_window.sell_rate_qty_per_sec.numeric_last	machine_decision_input	numeric	7454	57.43	"{""max"": 11654.0, ""mean"": 2.2911188623557823, ""min"": 0.0}"	computed_or_insufficient	0.01045	-0.01014	-0.00162	7454
setup.mechanistic_context.micro_window.sell_rate_qty_per_sec.numeric_max	machine_decision_input	numeric	7454	57.43	"{""max"": 60284.0, ""mean"": 403.28172793131205, ""min"": 0.0}"	computed_or_insufficient	0.03818	-0.0353	-0.01327	7454
setup.mechanistic_context.micro_window.sell_rate_qty_per_sec.numeric_mean	machine_decision_input	numeric	7454	57.43	"{""max"": 30142.0, ""mean"": 201.85994097129057, ""min"": 0.0}"	computed_or_insufficient	0.03821	-0.03533	-0.01329	7454
setup.mechanistic_context.micro_window.sell_rate_qty_per_sec.numeric_min	machine_decision_input	numeric	7454	57.43	"{""max"": 896.0, ""mean"": 0.43815401126911724, ""min"": 0.0}"	computed_or_insufficient	0.00733	-0.00667	-0.003	7454
setup.mechanistic_context.micro_window.source_quality_status	machine_decision_input	categorical	17509	0.0	"{""eligible"": 7454, ""source_gap"": 10055}"	computed_or_insufficient	0.03479	0.03495	0.0002	17509
setup.mechanistic_context.micro_window.source_sha256	machine_decision_input	categorical	7454	57.43	{}	identity_or_clock				7454
setup.mechanistic_context.symbol	machine_decision_input	categorical	17509	0.0	{}	high_cardinality				17509
setup.metric_role	machine_decision_input	categorical	17509	0.0	"{""ai_entry_setup_evidence_observation"": 17509}"	computed_or_insufficient				17509
setup.micro_recovery_observation.net_aggressive_delta_10t	machine_decision_input	numeric	17509	0.0	"{""max"": 93254.0, ""mean"": -70.74984293791765, ""min"": -57061.0}"	computed_or_insufficient	-0.10895	0.09271	0.07179	17509
setup.micro_recovery_observation.price_change_10t_pct	machine_decision_input	numeric	17509	0.0	"{""max"": 39.098, ""mean"": 0.005502941344451439, ""min"": -3.387}"	computed_or_insufficient	-0.04986	0.04059	0.04065	17509
setup.micro_recovery_observation.price_response	machine_decision_input	categorical	17509	0.0	"{""False"": 13511, ""True"": 3998}"	computed_or_insufficient	0.16706	0.13906	0.12325	17509
setup.micro_recovery_observation.source_usable	machine_decision_input	categorical	17509	0.0	"{""False"": 6269, ""True"": 11240}"	computed_or_insufficient	0.46896	0.45134	0.08673	17509
setup.micro_recovery_observation.tape_support	machine_decision_input	categorical	17509	0.0	"{""False"": 10287, ""True"": 7222}"	computed_or_insufficient	0.30267	0.27186	0.1386	17509
setup.observation_contract.actual_order_submitted	machine_decision_input	categorical	17509	0.0	"{""False"": 17509}"	computed_or_insufficient				17509
setup.observation_contract.allowed_runtime_apply	machine_decision_input	categorical	17509	0.0	"{""False"": 17509}"	computed_or_insufficient				17509
setup.observation_contract.broker_order_forbidden	machine_decision_input	categorical	17509	0.0	"{""True"": 17509}"	computed_or_insufficient				17509
setup.observation_contract.decision_authority	machine_decision_input	categorical	17509	0.0	"{""offline_replay_and_attribution_only"": 17509}"	computed_or_insufficient				17509
setup.observation_contract.forbidden_uses.contains:bot_restart	machine_decision_input	categorical	17509	0.0	"{""False"": 0, ""True"": 17509}"	computed_or_insufficient	0.0	0.0	0.0	17509
setup.observation_contract.forbidden_uses.contains:broker_or_safety_guard_bypass	machine_decision_input	categorical	17509	0.0	"{""False"": 0, ""True"": 17509}"	computed_or_insufficient	0.0	0.0	0.0	17509
setup.observation_contract.forbidden_uses.contains:provider_or_model_change	machine_decision_input	categorical	17509	0.0	"{""False"": 0, ""True"": 17509}"	computed_or_insufficient	0.0	0.0	0.0	17509
setup.observation_contract.forbidden_uses.contains:score_only_buy	machine_decision_input	categorical	17509	0.0	"{""False"": 0, ""True"": 17509}"	computed_or_insufficient	0.0	0.0	0.0	17509
setup.observation_contract.forbidden_uses.contains:standalone_live_entry	machine_decision_input	categorical	17509	0.0	"{""False"": 0, ""True"": 17509}"	computed_or_insufficient	0.0	0.0	0.0	17509
setup.observation_contract.forbidden_uses.contains:threshold_price_quantity_or_cap_change	machine_decision_input	categorical	17509	0.0	"{""False"": 0, ""True"": 17509}"	computed_or_insufficient	0.0	0.0	0.0	17509
setup.observation_contract.forbidden_uses.contains:widget_runtime_or_policy_change	machine_decision_input	categorical	17509	0.0	"{""False"": 0, ""True"": 17509}"	computed_or_insufficient	0.0	0.0	0.0	17509
setup.observation_contract.forbidden_uses.length	machine_decision_input	numeric	17509	0.0	"{""max"": 7.0, ""mean"": 7.0, ""min"": 7.0}"	computed_or_insufficient				17509
setup.observation_contract.metric_role	machine_decision_input	categorical	17509	0.0	"{""ai_entry_setup_evidence_observation"": 17509}"	computed_or_insufficient				17509
setup.observation_contract.primary_decision_metric	machine_decision_input	categorical	17509	0.0	"{""candidate_probe_cost_adjusted_ev_pct"": 17509}"	computed_or_insufficient				17509
setup.observation_contract.runtime_effect	machine_decision_input	categorical	17509	0.0	"{""False"": 17509}"	computed_or_insufficient				17509
setup.observation_contract.sample_floor	machine_decision_input	categorical	17509	0.0	"{""one_exact_payload_starts_observation_only"": 17509}"	computed_or_insufficient				17509
setup.observation_contract.source_quality_gate	machine_decision_input	categorical	17509	0.0	"{""exact_payload_fresh_same_route"": 17509}"	computed_or_insufficient				17509
setup.observation_contract.window_policy	machine_decision_input	categorical	17509	0.0	"{""same_exact_payload_completed_bar_snapshot"": 17509}"	computed_or_insufficient				17509
setup.positive_facts.contains:clean_continuation_probe_eligible	machine_decision_input	categorical	17509	0.0	"{""False"": 17332, ""True"": 177}"	computed_or_insufficient	0.12363	0.07438	0.21248	17509
setup.positive_facts.contains:early_session_probe_candidate	machine_decision_input	categorical	17509	0.0	"{""False"": 17264, ""True"": 245}"	computed_or_insufficient	0.14574	0.08198	0.27471	17509
setup.positive_facts.contains:early_session_structural_edge_floor	machine_decision_input	categorical	17509	0.0	"{""False"": 16473, ""True"": 1036}"	computed_or_insufficient	0.12846	0.08589	0.18424	17509
setup.positive_facts.contains:foreign_institutional_joint_buy	machine_decision_input	categorical	17509	0.0	"{""False"": 14237, ""True"": 3272}"	computed_or_insufficient	0.04528	0.0412	0.01849	17509
setup.positive_facts.contains:liquidity_supportive	machine_decision_input	categorical	17509	0.0	"{""False"": 11274, ""True"": 6235}"	computed_or_insufficient	0.08779	0.08389	0.01877	17509
setup.positive_facts.contains:micro_positive_price_response	machine_decision_input	categorical	17509	0.0	"{""False"": 17360, ""True"": 149}"	computed_or_insufficient	0.11334	0.11654	0.01076	17509
setup.positive_facts.contains:micro_trusted_buy_flow	machine_decision_input	categorical	17509	0.0	"{""False"": 17360, ""True"": 149}"	computed_or_insufficient	0.11334	0.11654	0.01076	17509
setup.positive_facts.contains:orderly_pullback_recovery	machine_decision_input	categorical	17509	0.0	"{""False"": 17083, ""True"": 426}"	computed_or_insufficient	0.02146	0.0259	0.01834	17509
setup.positive_facts.contains:program_flow_net_and_delta_buy	machine_decision_input	categorical	17509	0.0	"{""False"": 15034, ""True"": 2475}"	computed_or_insufficient	0.05108	0.04194	0.04015	17509
setup.positive_facts.contains:recovery_confirmation_probe_eligible	machine_decision_input	categorical	17509	0.0	"{""False"": 17505, ""True"": 4}"	computed_or_insufficient	0.01849	0.01202	0.13016	17509
setup.positive_facts.contains:structural_edge_floor	machine_decision_input	categorical	17509	0.0	"{""False"": 9873, ""True"": 7636}"	computed_or_insufficient	0.04336	0.01256	0.13205	17509
setup.positive_facts.contains:tape_supportive	machine_decision_input	categorical	17509	0.0	"{""False"": 11593, ""True"": 5916}"	computed_or_insufficient	0.25589	0.21917	0.16257	17509
setup.positive_facts.contains:trigger_confirmed	machine_decision_input	categorical	17509	0.0	"{""False"": 16477, ""True"": 1032}"	computed_or_insufficient	0.16809	0.05993	0.46404	17509
setup.positive_facts.contains:trusted_supportive_trigger	machine_decision_input	categorical	17509	0.0	"{""False"": 16477, ""True"": 1032}"	computed_or_insufficient	0.16809	0.05993	0.46404	17509
setup.positive_facts.contains:volume_confirmed	machine_decision_input	categorical	17509	0.0	"{""False"": 10276, ""True"": 7233}"	computed_or_insufficient	0.00708	0.00758	0.0625	17509
setup.positive_facts.length	machine_decision_input	numeric	17509	0.0	"{""max"": 10.0, ""mean"": 2.114169855502884, ""min"": 0.0}"	computed_or_insufficient	-0.2507	0.17352	0.33441	17509
setup.primary_decision_metric	machine_decision_input	categorical	17509	0.0	"{""candidate_probe_cost_adjusted_ev_pct"": 17509}"	computed_or_insufficient				17509
setup.recheck_reasons.contains:LARGE_SELL_EXHAUSTION_RECHECK	machine_decision_input	categorical	17509	0.0	"{""False"": 16863, ""True"": 646}"	computed_or_insufficient	0.07713	0.07224	0.02273	17509
setup.recheck_reasons.contains:MICRO_PRICE_RESPONSE_RECHECK	machine_decision_input	categorical	17509	0.0	"{""False"": 17360, ""True"": 149}"	computed_or_insufficient	0.11334	0.11654	0.01076	17509
setup.recheck_reasons.contains:SETUP_DISCOVERY_RECHECK	machine_decision_input	categorical	17509	0.0	"{""False"": 16940, ""True"": 569}"	computed_or_insufficient	0.22421	0.23055	0.02128	17509
setup.recheck_reasons.contains:TAIL_LIQUIDITY_RECHECK	machine_decision_input	categorical	17509	0.0	"{""False"": 17478, ""True"": 31}"	computed_or_insufficient	0.00116	1e-05	0.00489	17509
setup.recheck_reasons.contains:TRIGGER_CONFIRMATION_RECHECK	machine_decision_input	categorical	17509	0.0	"{""False"": 13720, ""True"": 3789}"	computed_or_insufficient	0.52742	0.54491	0.06103	17509
setup.recheck_reasons.length	machine_decision_input	numeric	17509	0.0	"{""max"": 2.0, ""mean"": 0.2960763036152836, ""min"": 0.0}"	computed_or_insufficient	-0.548	0.56878	-0.07455	17509
setup.risk_fact_bindings.ADVERSE_TAPE.contains:foreign_institutional_joint_sell	machine_decision_input	categorical	11822	32.48	"{""False"": 11139, ""True"": 683}"	computed_or_insufficient	0.09529	0.09556	0.00091	11822
setup.risk_fact_bindings.ADVERSE_TAPE.contains:program_flow_net_and_delta_sell	machine_decision_input	categorical	11822	32.48	"{""False"": 8112, ""True"": 3710}"	computed_or_insufficient	0.04064	0.03721	0.02272	11822
setup.risk_fact_bindings.ADVERSE_TAPE.contains:supportive_micro_tape_vs_program_net_sell	machine_decision_input	categorical	11822	32.48	"{""False"": 9008, ""True"": 2814}"	computed_or_insufficient	0.2711	0.25267	0.1234	11822
setup.risk_fact_bindings.ADVERSE_TAPE.contains:tape_adverse	machine_decision_input	categorical	11822	32.48	"{""False"": 3685, ""True"": 8137}"	computed_or_insufficient	0.30907	0.29272	0.11134	11822
setup.risk_fact_bindings.ADVERSE_TAPE.length	machine_decision_input	numeric	11822	32.48	"{""max"": 3.0, ""mean"": 1.297919133818305, ""min"": 1.0}"	computed_or_insufficient	-0.02794	0.02417	0.02449	11822
setup.risk_fact_bindings.CONFIRMATION_MISSING.contains:micro_continuation_unconfirmed	machine_decision_input	categorical	16863	3.69	"{""False"": 16714, ""True"": 149}"	computed_or_insufficient	0.11833	0.11895	0.00472	16863
setup.risk_fact_bindings.CONFIRMATION_MISSING.contains:no_supported_setup	machine_decision_input	categorical	16863	3.69	"{""False"": 13815, ""True"": 3048}"	computed_or_insufficient	0.46285	0.4658	0.02347	16863
setup.risk_fact_bindings.CONFIRMATION_MISSING.contains:tape_sample_too_thin	machine_decision_input	categorical	16863	3.69	"{""False"": 16111, ""True"": 752}"	computed_or_insufficient	0.06156	0.06273	0.0108	16863
setup.risk_fact_bindings.CONFIRMATION_MISSING.contains:trigger_confirmation_missing	machine_decision_input	categorical	16863	3.69	"{""False"": 728, ""True"": 16135}"	computed_or_insufficient	0.05339	0.07753	0.23524	16863
setup.risk_fact_bindings.CONFIRMATION_MISSING.contains:volume_confirmation_missing	machine_decision_input	categorical	16863	3.69	"{""False"": 9077, ""True"": 7786}"	computed_or_insufficient	0.00686	0.00134	0.05395	16863
setup.risk_fact_bindings.CONFIRMATION_MISSING.length	machine_decision_input	numeric	16863	3.69	"{""max"": 4.0, ""mean"": 1.6527308308130226, ""min"": 1.0}"	computed_or_insufficient	-0.31285	0.31805	-0.04721	16863
setup.risk_fact_bindings.DISTRIBUTION_RISK.contains:adverse_distribution_no_edge	machine_decision_input	categorical	448	97.44	"{""False"": 0, ""True"": 448}"	computed_or_insufficient				448
setup.risk_fact_bindings.DISTRIBUTION_RISK.length	machine_decision_input	numeric	448	97.44	"{""max"": 1.0, ""mean"": 1.0, ""min"": 1.0}"	computed_or_insufficient				448
setup.risk_fact_bindings.LIQUIDITY_FRAGILE.contains:ask_wall_wide_spread	machine_decision_input	categorical	6417	63.35	"{""False"": 3339, ""True"": 3078}"	computed_or_insufficient	0.39573	0.39573		6417
setup.risk_fact_bindings.LIQUIDITY_FRAGILE.contains:liquidity_adverse	machine_decision_input	categorical	6417	63.35	"{""False"": 0, ""True"": 6417}"	computed_or_insufficient	0.0	0.0		6417
setup.risk_fact_bindings.LIQUIDITY_FRAGILE.contains:tail_liquidity_fragility	machine_decision_input	categorical	6417	63.35	"{""False"": 6239, ""True"": 178}"	computed_or_insufficient	0.06889	0.06889		6417
setup.risk_fact_bindings.LIQUIDITY_FRAGILE.length	machine_decision_input	numeric	6417	63.35	"{""max"": 3.0, ""mean"": 1.5074022128720586, ""min"": 1.0}"	computed_or_insufficient	0.38312	-0.38312		6417
setup.risk_fact_bindings.LIQUIDITY_UNUSABLE.contains:liquidity_adverse	machine_decision_input	categorical	2407	86.25	"{""False"": 0, ""True"": 2407}"	computed_or_insufficient				2407
setup.risk_fact_bindings.LIQUIDITY_UNUSABLE.contains:liquidity_extreme_or_unusable	machine_decision_input	categorical	2407	86.25	"{""False"": 2141, ""True"": 266}"	computed_or_insufficient				2407
setup.risk_fact_bindings.LIQUIDITY_UNUSABLE.contains:tail_liquidity_fragility	machine_decision_input	categorical	2407	86.25	"{""False"": 2284, ""True"": 123}"	computed_or_insufficient				2407
setup.risk_fact_bindings.LIQUIDITY_UNUSABLE.length	machine_decision_input	numeric	2407	86.25	"{""max"": 3.0, ""mean"": 1.1616119651017864, ""min"": 1.0}"	computed_or_insufficient				2407
setup.risk_fact_bindings.OVEREXTENSION_CHASE.contains:blocking_overextension	machine_decision_input	categorical	146	99.17	"{""False"": 0, ""True"": 146}"	computed_or_insufficient				146
setup.risk_fact_bindings.OVEREXTENSION_CHASE.length	machine_decision_input	numeric	146	99.17	"{""max"": 1.0, ""mean"": 1.0, ""min"": 1.0}"	computed_or_insufficient				146
setup.risk_fact_bindings.SOURCE_QUALITY_GAP.contains:completed_bars_missing	machine_decision_input	categorical	505	97.12	"{""False"": 18, ""True"": 487}"	computed_or_insufficient				505
setup.risk_fact_bindings.SOURCE_QUALITY_GAP.contains:source_quality_unusable	machine_decision_input	categorical	505	97.12	"{""False"": 0, ""True"": 505}"	computed_or_insufficient				505
setup.risk_fact_bindings.SOURCE_QUALITY_GAP.length	machine_decision_input	numeric	505	97.12	"{""max"": 2.0, ""mean"": 1.9643564356435643, ""min"": 1.0}"	computed_or_insufficient				505
setup.risk_fact_bindings.STRUCTURE_INVALIDATED.contains:hard_blocker:blocking_overextension	machine_decision_input	categorical	8928	49.01	"{""False"": 8782, ""True"": 146}"	computed_or_insufficient	0.01592	0.01592		8928
setup.risk_fact_bindings.STRUCTURE_INVALIDATED.contains:hard_blocker:failed_structure	machine_decision_input	categorical	8928	49.01	"{""False"": 4007, ""True"": 4921}"	computed_or_insufficient	0.1368	0.1368		8928
setup.risk_fact_bindings.STRUCTURE_INVALIDATED.contains:hard_blocker:large_sell_print_present	machine_decision_input	categorical	8928	49.01	"{""False"": 3506, ""True"": 5422}"	computed_or_insufficient	0.09926	0.09926		8928
setup.risk_fact_bindings.STRUCTURE_INVALIDATED.contains:hard_blocker:spread_extreme_or_unusable	machine_decision_input	categorical	8928	49.01	"{""False"": 8663, ""True"": 265}"	computed_or_insufficient	0.02159	0.02159		8928
setup.risk_fact_bindings.STRUCTURE_INVALIDATED.length	machine_decision_input	numeric	8928	49.01	"{""max"": 4.0, ""mean"": 1.2045250896057347, ""min"": 1.0}"	computed_or_insufficient	0.06082	-0.06082		8928
setup.runtime_effect	machine_decision_input	categorical	17509	0.0	"{""False"": 17509}"	computed_or_insufficient				17509
setup.sample_floor	machine_decision_input	categorical	17509	0.0	"{""one_exact_payload_starts_observation_only"": 17509}"	computed_or_insufficient				17509
setup.schema	machine_decision_input	categorical	17509	0.0	"{""entry_setup_evidence_v1"": 17509}"	computed_or_insufficient				17509
setup.setup_family	machine_decision_input	categorical	17509	0.0	"{""CLEAN_CONTINUATION"": 2309, ""MICRO_RECOVERY"": 149, ""NO_VALID_SETUP"": 12131, ""PULLBACK_RECOVERY"": 460, ""RECOVERY_CONFIRMATION"": 2460}"	computed_or_insufficient	0.56018	0.52565	0.21267	17509
setup.setup_state	machine_decision_input	categorical	17509	0.0	"{""INSUFFICIENT"": 505, ""INVALID"": 8578, ""READY"": 801, ""UNCONFIRMED"": 3048, ""WAIT_CONFIRMATION"": 4577}"	computed_or_insufficient	0.85076	0.83149	0.5304	17509
setup.source_quality.completed_bar_count	machine_decision_input	numeric	17509	0.0	"{""max"": 369.0, ""mean"": 152.65954651893313, ""min"": 0.0}"	computed_or_insufficient	-0.06564	0.06639	-0.00151	17509
setup.source_quality.source_mode	machine_decision_input	categorical	17509	0.0	"{""degraded_but_bounded"": 173, ""fresh_dual"": 16831, ""unusable"": 505}"	computed_or_insufficient	0.14089	0.137	0.02331	17509
setup.source_quality.status	machine_decision_input	categorical	17509	0.0	"{""fresh_consistent"": 17025, ""unknown"": 484}"	computed_or_insufficient	0.13782	0.13403	0.01958	17509
setup.source_quality_gate	machine_decision_input	categorical	17509	0.0	"{""exact_payload_fresh_same_route"": 17509}"	computed_or_insufficient				17509
setup.strategy_selection.effective_thresholds.absorption_buy_pressure	machine_decision_input	numeric	2049	88.3	"{""max"": 55.0, ""mean"": 51.227428013665204, ""min"": 45.0}"	computed_or_insufficient	0.01382	0.02937	-0.08116	2049
setup.strategy_selection.effective_thresholds.absorption_count	machine_decision_input	numeric	2049	88.3	"{""max"": 2.0, ""mean"": 1.0946803318692044, ""min"": 1.0}"	computed_or_insufficient	-0.00154	0.03324	-0.0611	2049
setup.strategy_selection.effective_thresholds.ask_wall_ratio	machine_decision_input	numeric	2049	88.3	"{""max"": 5.0, ""mean"": 5.0, ""min"": 5.0}"	computed_or_insufficient				2049
setup.strategy_selection.effective_thresholds.ask_wall_spread_bp	machine_decision_input	numeric	2049	88.3	"{""max"": 80.0, ""mean"": 57.08638360175696, ""min"": 50.0}"	computed_or_insufficient	0.02224	0.01012	-0.05922	2049
setup.strategy_selection.effective_thresholds.breakout_event_window	machine_decision_input	numeric	2049	88.3	"{""max"": 3.0, ""mean"": 3.0, ""min"": 3.0}"	computed_or_insufficient				2049
setup.strategy_selection.effective_thresholds.breakout_failure_closes	machine_decision_input	numeric	2049	88.3	"{""max"": 2.0, ""mean"": 2.0, ""min"": 2.0}"	computed_or_insufficient				2049
setup.strategy_selection.effective_thresholds.breakout_lookback	machine_decision_input	numeric	2049	88.3	"{""max"": 10.0, ""mean"": 10.0, ""min"": 10.0}"	computed_or_insufficient				2049
setup.strategy_selection.effective_thresholds.breakout_tolerance_ticks	machine_decision_input	numeric	2049	88.3	"{""max"": 0.0, ""mean"": 0.0, ""min"": 0.0}"	computed_or_insufficient				2049
setup.strategy_selection.effective_thresholds.clean_drawdown_pct	machine_decision_input	numeric	2049	88.3	"{""max"": -0.5, ""mean"": -0.5, ""min"": -0.5}"	computed_or_insufficient				2049
setup.strategy_selection.effective_thresholds.clean_max_cost_pct	machine_decision_input	numeric	2049	88.3	"{""max"": 0.25, ""mean"": 0.25, ""min"": 0.25}"	computed_or_insufficient				2049
setup.strategy_selection.effective_thresholds.clean_precursor_count	machine_decision_input	numeric	2049	88.3	"{""max"": 2.0, ""mean"": 2.0, ""min"": 2.0}"	computed_or_insufficient				2049
setup.strategy_selection.effective_thresholds.cost_extreme_spread_bp	machine_decision_input	numeric	2049	88.3	"{""max"": 150.0, ""mean"": 150.0, ""min"": 150.0}"	computed_or_insufficient				2049
setup.strategy_selection.effective_thresholds.cost_low_spread_bp	machine_decision_input	numeric	2049	88.3	"{""max"": 15.0, ""mean"": 15.0, ""min"": 15.0}"	computed_or_insufficient				2049
setup.strategy_selection.effective_thresholds.cost_observable_spread_bp	machine_decision_input	numeric	2049	88.3	"{""max"": 50.0, ""mean"": 50.0, ""min"": 50.0}"	computed_or_insufficient				2049
setup.strategy_selection.effective_thresholds.deceleration_margin_pct	machine_decision_input	numeric	2049	88.3	"{""max"": 0.05, ""mean"": 0.049999999999998206, ""min"": 0.05}"	computed_or_insufficient				2049
setup.strategy_selection.effective_thresholds.deep_drawdown_pct	machine_decision_input	numeric	2049	88.3	"{""max"": -2.0, ""mean"": -2.0, ""min"": -2.0}"	computed_or_insufficient				2049
setup.strategy_selection.effective_thresholds.degraded_precursor_count	machine_decision_input	numeric	2049	88.3	"{""max"": 4.0, ""mean"": 4.0, ""min"": 4.0}"	computed_or_insufficient				2049
setup.strategy_selection.effective_thresholds.depth_adverse_ratio	machine_decision_input	numeric	2049	88.3	"{""max"": 3.75, ""mean"": 2.8258906783796975, ""min"": 2.0}"	computed_or_insufficient	-0.01432	-0.00903	0.04297	2049
setup.strategy_selection.effective_thresholds.depth_supportive_ratio	machine_decision_input	numeric	2049	88.3	"{""max"": 1.0, ""mean"": 1.0, ""min"": 1.0}"	computed_or_insufficient				2049
setup.strategy_selection.effective_thresholds.distribution_drawdown_pct	machine_decision_input	numeric	2049	88.3	"{""max"": -2.0, ""mean"": -2.0, ""min"": -2.0}"	computed_or_insufficient				2049
setup.strategy_selection.effective_thresholds.distribution_return_10m_pct	machine_decision_input	numeric	2049	88.3	"{""max"": -1.0, ""mean"": -1.0, ""min"": -1.0}"	computed_or_insufficient				2049
setup.strategy_selection.effective_thresholds.distribution_return_5m_pct	machine_decision_input	numeric	2049	88.3	"{""max"": -0.5, ""mean"": -0.5, ""min"": -0.5}"	computed_or_insufficient				2049
setup.strategy_selection.effective_thresholds.distribution_volume_ratio	machine_decision_input	numeric	2049	88.3	"{""max"": 0.5, ""mean"": 0.5, ""min"": 0.5}"	computed_or_insufficient				2049
setup.strategy_selection.effective_thresholds.early_drawdown_floor_pct	machine_decision_input	numeric	2049	88.3	"{""max"": -1.5, ""mean"": -1.5, ""min"": -1.5}"	computed_or_insufficient				2049
setup.strategy_selection.effective_thresholds.early_positive_returns	machine_decision_input	numeric	2049	88.3	"{""max"": 3.0, ""mean"": 3.0, ""min"": 3.0}"	computed_or_insufficient				2049
setup.strategy_selection.effective_thresholds.early_positive_slopes	machine_decision_input	numeric	2049	88.3	"{""max"": 3.0, ""mean"": 3.0, ""min"": 3.0}"	computed_or_insufficient				2049
setup.strategy_selection.effective_thresholds.early_return_floor_pct	machine_decision_input	numeric	2049	88.3	"{""max"": -0.5, ""mean"": -0.5, ""min"": -0.5}"	computed_or_insufficient				2049
setup.strategy_selection.effective_thresholds.early_volume_ratio	machine_decision_input	numeric	2049	88.3	"{""max"": 1.4, ""mean"": 1.1885797950220138, ""min"": 0.8}"	computed_or_insufficient	0.00605	-0.04336	0.07249	2049
setup.strategy_selection.effective_thresholds.fresh_precursor_count	machine_decision_input	numeric	2049	88.3	"{""max"": 3.0, ""mean"": 3.0, ""min"": 3.0}"	computed_or_insufficient				2049
setup.strategy_selection.effective_thresholds.late_watch_sec	machine_decision_input	numeric	2049	88.3	"{""max"": 600.0, ""mean"": 600.0, ""min"": 600.0}"	computed_or_insufficient				2049
setup.strategy_selection.effective_thresholds.material_extension_pct	machine_decision_input	numeric	2049	88.3	"{""max"": 1.0, ""mean"": 1.0, ""min"": 1.0}"	computed_or_insufficient				2049
setup.strategy_selection.effective_thresholds.maximum_refill_ratio	machine_decision_input	numeric	2049	88.3	"{""max"": 1.0, ""mean"": 1.0, ""min"": 1.0}"	computed_or_insufficient				2049
setup.strategy_selection.effective_thresholds.maximum_spread_bp	machine_decision_input	numeric	2049	88.3	"{""max"": 100.0, ""mean"": 99.21913128355295, ""min"": 80.0}"	computed_or_insufficient	-0.01104	0.01115	-0.00168	2049
setup.strategy_selection.effective_thresholds.maximum_top3_ask_to_bid_ratio	machine_decision_input	numeric	2049	88.3	"{""max"": 5.0, ""mean"": 5.0, ""min"": 5.0}"	computed_or_insufficient				2049
setup.strategy_selection.effective_thresholds.micro_confirmation_recipe	machine_decision_input	numeric	2049	88.3	"{""max"": 0.0, ""mean"": 0.0, ""min"": 0.0}"	computed_or_insufficient				2049
setup.strategy_selection.effective_thresholds.minimum_depletion_fraction_per_sec	machine_decision_input	numeric	2049	88.3	"{""max"": 0.0, ""mean"": 0.0, ""min"": 0.0}"	computed_or_insufficient				2049
setup.strategy_selection.effective_thresholds.minimum_fillability_score	machine_decision_input	numeric	2049	88.3	"{""max"": 15.0, ""mean"": 15.0, ""min"": 15.0}"	computed_or_insufficient				2049
setup.strategy_selection.effective_thresholds.minimum_micro_net_aggressive_delta_10t	machine_decision_input	numeric	2049	88.3	"{""max"": 1.0, ""mean"": 1.0, ""min"": 1.0}"	computed_or_insufficient				2049
setup.strategy_selection.effective_thresholds.minimum_micro_price_change_10t_pct	machine_decision_input	numeric	2049	88.3	"{""max"": 0.0, ""mean"": 0.0, ""min"": 0.0}"	computed_or_insufficient				2049
setup.strategy_selection.effective_thresholds.minimum_trade_backed_ratio	machine_decision_input	numeric	2049	88.3	"{""max"": 0.5, ""mean"": 0.5, ""min"": 0.5}"	computed_or_insufficient				2049
setup.strategy_selection.effective_thresholds.momentum_accelerating_score	machine_decision_input	numeric	2049	88.3	"{""max"": 68.0, ""mean"": 48.02391410444119, ""min"": 45.0}"	computed_or_insufficient	0.02424	-0.00199	-0.03955	2049
setup.strategy_selection.effective_thresholds.momentum_fading_score	machine_decision_input	numeric	2049	88.3	"{""max"": 48.0, ""mean"": 42.56808199121523, ""min"": 42.0}"	computed_or_insufficient	-0.00154	0.03324	-0.0611	2049
setup.strategy_selection.effective_thresholds.non_tape_precursor_count	machine_decision_input	numeric	2049	88.3	"{""max"": 3.0, ""mean"": 3.0, ""min"": 3.0}"	computed_or_insufficient				2049
setup.strategy_selection.effective_thresholds.overextension_ma5_bp	machine_decision_input	numeric	2049	88.3	"{""max"": 80.0, ""mean"": 80.0, ""min"": 80.0}"	computed_or_insufficient				2049
setup.strategy_selection.effective_thresholds.overextension_runup_pct	machine_decision_input	numeric	2049	88.3	"{""max"": 15.0, ""mean"": 15.0, ""min"": 15.0}"	computed_or_insufficient				2049
setup.strategy_selection.effective_thresholds.overextension_vwap_bp	machine_decision_input	numeric	2049	88.3	"{""max"": 80.0, ""mean"": 80.0, ""min"": 80.0}"	computed_or_insufficient				2049
setup.strategy_selection.effective_thresholds.prior_adverse_drawdown_pct	machine_decision_input	numeric	2049	88.3	"{""max"": -1.0, ""mean"": -1.1886285993167398, ""min"": -1.5}"	computed_or_insufficient	0.01382	0.02937	-0.08116	2049
setup.strategy_selection.effective_thresholds.probe_buy_pressure	machine_decision_input	numeric	2049	88.3	"{""max"": 55.0, ""mean"": 55.0, ""min"": 55.0}"	computed_or_insufficient				2049
setup.strategy_selection.effective_thresholds.probe_runup_pct	machine_decision_input	numeric	2049	88.3	"{""max"": 15.0, ""mean"": 15.0, ""min"": 15.0}"	computed_or_insufficient				2049
setup.strategy_selection.effective_thresholds.probe_spread_bp	machine_decision_input	numeric	2049	88.3	"{""max"": 50.0, ""mean"": 50.0, ""min"": 50.0}"	computed_or_insufficient				2049
setup.strategy_selection.effective_thresholds.recovery_drawdown_pct	machine_decision_input	numeric	2049	88.3	"{""max"": -2.0, ""mean"": -2.0, ""min"": -2.0}"	computed_or_insufficient				2049
setup.strategy_selection.effective_thresholds.recovery_positive_windows	machine_decision_input	numeric	2049	88.3	"{""max"": 2.0, ""mean"": 1.6227428013665202, ""min"": 1.0}"	computed_or_insufficient	0.01382	0.02937	-0.08116	2049
setup.strategy_selection.effective_thresholds.recovery_tick_acceleration	machine_decision_input	numeric	2049	88.3	"{""max"": 1.0, ""mean"": 1.0, ""min"": 1.0}"	computed_or_insufficient				2049
setup.strategy_selection.effective_thresholds.reference_reclaim_bp	machine_decision_input	numeric	2049	88.3	"{""max"": -50.0, ""mean"": -50.0, ""min"": -50.0}"	computed_or_insufficient				2049
setup.strategy_selection.effective_thresholds.rejection_rebound_pct	machine_decision_input	numeric	2049	88.3	"{""max"": 0.5, ""mean"": 0.5, ""min"": 0.5}"	computed_or_insufficient				2049
setup.strategy_selection.effective_thresholds.rejection_wick_ratio	machine_decision_input	numeric	2049	88.3	"{""max"": 0.35, ""mean"": 0.3500000000000132, ""min"": 0.35}"	computed_or_insufficient				2049
setup.strategy_selection.effective_thresholds.relative_weakness_pct_point	machine_decision_input	numeric	2049	88.3	"{""max"": -0.5, ""mean"": -0.5, ""min"": -0.5}"	computed_or_insufficient				2049
setup.strategy_selection.effective_thresholds.repromotion_count	machine_decision_input	numeric	2049	88.3	"{""max"": 3.0, ""mean"": 3.0, ""min"": 3.0}"	identity_or_clock				2049
setup.strategy_selection.effective_thresholds.reset_drawdown_pct	machine_decision_input	numeric	2049	88.3	"{""max"": -0.5, ""mean"": -0.5, ""min"": -0.5}"	computed_or_insufficient				2049
setup.strategy_selection.effective_thresholds.reversal_tick_acceleration	machine_decision_input	numeric	2049	88.3	"{""max"": 1.5, ""mean"": 1.5, ""min"": 1.5}"	computed_or_insufficient				2049
setup.strategy_selection.effective_thresholds.short_drawdown_floor_pct	machine_decision_input	numeric	2049	88.3	"{""max"": -0.75, ""mean"": -0.75, ""min"": -0.75}"	computed_or_insufficient				2049
setup.strategy_selection.effective_thresholds.short_volume_ratio	machine_decision_input	numeric	2049	88.3	"{""max"": 1.2, ""mean"": 1.1999999999999964, ""min"": 1.2}"	computed_or_insufficient	0.0	0.0	0.0	2049
setup.strategy_selection.effective_thresholds.structural_positive_returns	machine_decision_input	numeric	2049	88.3	"{""max"": 3.0, ""mean"": 2.0561249389946314, ""min"": 1.0}"	computed_or_insufficient	0.01432	0.00903	-0.04297	2049
setup.strategy_selection.effective_thresholds.structural_positive_slopes	machine_decision_input	numeric	2049	88.3	"{""max"": 2.0, ""mean"": 1.5280624694973157, ""min"": 1.0}"	computed_or_insufficient	0.01432	0.00903	-0.04297	2049
setup.strategy_selection.effective_thresholds.structure_bounce_slope	machine_decision_input	numeric	2049	88.3	"{""max"": -0.03, ""mean"": -0.030000000000000766, ""min"": -0.03}"	computed_or_insufficient				2049
setup.strategy_selection.effective_thresholds.structure_divergence_return_pct	machine_decision_input	numeric	2049	88.3	"{""max"": 0.1, ""mean"": 0.09999999999999641, ""min"": 0.1}"	computed_or_insufficient				2049
setup.strategy_selection.effective_thresholds.structure_failure_drawdown_pct	machine_decision_input	numeric	2049	88.3	"{""max"": -0.25, ""mean"": -0.25, ""min"": -0.25}"	computed_or_insufficient				2049
setup.strategy_selection.effective_thresholds.structure_failure_wick	machine_decision_input	numeric	2049	88.3	"{""max"": 0.35, ""mean"": 0.3500000000000132, ""min"": 0.35}"	computed_or_insufficient				2049
setup.strategy_selection.effective_thresholds.structure_pullback_drawdown_pct	machine_decision_input	numeric	2049	88.3	"{""max"": -1.2, ""mean"": -1.1999999999999964, ""min"": -1.2}"	computed_or_insufficient	-0.0	-0.0	-0.0	2049
setup.strategy_selection.effective_thresholds.structure_pullback_return_max	machine_decision_input	numeric	2049	88.3	"{""max"": 0.25, ""mean"": 0.25, ""min"": 0.25}"	computed_or_insufficient				2049
setup.strategy_selection.effective_thresholds.structure_pullback_return_min	machine_decision_input	numeric	2049	88.3	"{""max"": -0.6, ""mean"": -0.5999999999999982, ""min"": -0.6}"	computed_or_insufficient	-0.0	-0.0	-0.0	2049
setup.strategy_selection.effective_thresholds.structure_volume_confirm	machine_decision_input	numeric	2049	88.3	"{""max"": 1.1, ""mean"": 1.0999999999999577, ""min"": 1.1}"	computed_or_insufficient	0.0	0.0	0.0	2049
setup.strategy_selection.effective_thresholds.structure_volume_divergence	machine_decision_input	numeric	2049	88.3	"{""max"": 0.8, ""mean"": 0.7999999999999713, ""min"": 0.8}"	computed_or_insufficient	0.0	0.0	0.0	2049
setup.strategy_selection.effective_thresholds.tail_fillability	machine_decision_input	numeric	2049	88.3	"{""max"": 15.0, ""mean"": 6.349438750610053, ""min"": 2.5}"	computed_or_insufficient	0.00769	0.02096	-0.05403	2049
setup.strategy_selection.effective_thresholds.tail_spread_bp	machine_decision_input	numeric	2049	88.3	"{""max"": 100.0, ""mean"": 100.0, ""min"": 100.0}"	computed_or_insufficient				2049
setup.strategy_selection.effective_thresholds.tail_top3_ratio	machine_decision_input	numeric	2049	88.3	"{""max"": 5.0, ""mean"": 5.0, ""min"": 5.0}"	computed_or_insufficient				2049
setup.strategy_selection.effective_thresholds.tape_adverse_score	machine_decision_input	numeric	2049	88.3	"{""max"": 42.0, ""mean"": 42.0, ""min"": 42.0}"	computed_or_insufficient				2049
setup.strategy_selection.effective_thresholds.tape_supportive_score	machine_decision_input	numeric	2049	88.3	"{""max"": 68.0, ""mean"": 62.151293313811614, ""min"": 60.0}"	computed_or_insufficient	0.00318	0.0267	-0.05699	2049
setup.strategy_selection.effective_thresholds.top1_supportive_ratio	machine_decision_input	numeric	2049	88.3	"{""max"": 2.5, ""mean"": 1.7362127867252317, ""min"": 1.5}"	computed_or_insufficient	0.02224	0.01012	-0.05922	2049
setup.strategy_selection.effective_thresholds.trigger_buy_pressure	machine_decision_input	numeric	2049	88.3	"{""max"": 60.0, ""mean"": 60.0, ""min"": 60.0}"	computed_or_insufficient				2049
setup.strategy_selection.effective_thresholds.volume_absent_ratio	machine_decision_input	numeric	2049	88.3	"{""max"": 0.5, ""mean"": 0.4245485602732869, ""min"": 0.3}"	computed_or_insufficient	0.01382	0.02937	-0.08116	2049
setup.strategy_selection.effective_thresholds.volume_confirm_ratio	machine_decision_input	numeric	2049	88.3	"{""max"": 1.4, ""mean"": 1.1509028794534262, ""min"": 1.0}"	computed_or_insufficient	-0.01382	-0.02937	0.08116	2049
setup.strategy_selection.fallback_reason	machine_decision_input	categorical	2049	88.3	"{""leaf"": 2049}"	computed_or_insufficient				2049
setup.strategy_selection.features.fillability_score	machine_decision_input	numeric	2049	88.3	"{""max"": 100.0, ""mean"": 66.57491459248413, ""min"": 10.0}"	computed_or_insufficient	0.06439	-0.07276	0.0246	2049
setup.strategy_selection.features.market_cap_krw	machine_decision_input	numeric	996	94.31	"{""max"": 1622342300000000.0, ""mean"": 33932533333333.332, ""min"": 18500000000.0}"	computed_or_insufficient	-0.00152	0.02358	-0.04045	996
setup.strategy_selection.features.price	machine_decision_input	numeric	2049	88.3	"{""max"": 1915500.0, ""mean"": 63691.798438262565, ""min"": 1035.0}"	computed_or_insufficient	-0.02203	0.02897	-0.01625	2049
setup.strategy_selection.features.return_5m_pct	machine_decision_input	numeric	1939	88.93	"{""max"": 10.0733, ""mean"": 0.5686385765858699, ""min"": -6.2531}"	computed_or_insufficient	-0.14226	0.04494	0.16191	1939
setup.strategy_selection.features.spread_bp	machine_decision_input	numeric	2049	88.3	"{""max"": 283.02, ""mean"": 16.597081503172287, ""min"": 0.0}"	computed_or_insufficient	0.05235	-0.04082	-0.01523	2049
setup.strategy_selection.features.tick_pct	machine_decision_input	numeric	2049	88.3	"{""max"": 0.25, ""mean"": 0.10984544681966359, ""min"": 0.05025125628140704}"	computed_or_insufficient	-0.09086	0.08279	0.00348	2049
setup.strategy_selection.features.volatility_pct	machine_decision_input	numeric	2039	88.35	"{""max"": 7.541754552702392, ""mean"": 0.4644405699125888, ""min"": 0.00010146026689361598}"	computed_or_insufficient	0.08785	-0.07516	-0.01259	2039
setup.strategy_selection.features.watch_age_sec	machine_decision_input	none	0	100.0	{}	no_observed_value				0
setup.strategy_selection.kernel	machine_decision_input	categorical	2049	88.3	"{""main_entry_raw_strategy_v2"": 2049}"	computed_or_insufficient				2049
setup.strategy_selection.leaf	machine_decision_input	categorical	2049	88.3	"{""ge_root"": 203, ""lt_root"": 570, ""root"": 1276}"	computed_or_insufficient	0.03273	0.03219	0.08578	2049
setup.strategy_selection.path.contains:ge_root	machine_decision_input	categorical	2049	88.3	"{""False"": 1846, ""True"": 203}"	computed_or_insufficient	0.03273	0.0006	0.05971	2049
setup.strategy_selection.path.contains:lt_root	machine_decision_input	categorical	2049	88.3	"{""False"": 1479, ""True"": 570}"	computed_or_insufficient	0.00687	0.03137	0.04798	2049
setup.strategy_selection.path.contains:root	machine_decision_input	categorical	2049	88.3	"{""False"": 0, ""True"": 2049}"	computed_or_insufficient	0.0	0.0	0.0	2049
setup.strategy_selection.path.length	machine_decision_input	numeric	2049	88.3	"{""max"": 2.0, ""mean"": 1.3772571986334798, ""min"": 1.0}"	computed_or_insufficient	-0.01382	-0.02937	0.08116	2049
setup.strategy_selection.policy_sha256	machine_decision_input	categorical	2049	88.3	"{""0ccd3dddcd918d88b8a4ab30351e4ac9930d1b62e91a5653a517af6b525bb85f"": 645, ""51475c6eaa84211cf1a393e373d9e6d8f4a65e8b635278dd73f2e9ecb399c264"": 773, ""656cfd8e824f3135c8a5c7f47ece789a9c1837f53e72355d298fa2602f05b011"": 80, ""86c1cb35878a0bd31d290bed7c61ef853d206a108122f268455edd085836e539"": 67, ""942a00d541f054344971f426044a2395978d92ce80ae547bc14f1fb12655b9ff"": 290, ""db112846126d5aac160fb4c53ea4aa961c9e5ab321ef5b59f724233e36b3a2e1"": 194}"	identity_or_clock				2049
setup.strategy_selection.profile_sha256	machine_decision_input	categorical	2049	88.3	"{""214cee742267b7e6a4a11f63bf0129d23e0c5a6bc899648481bc87ed38077c0f"": 773, ""31275ade6bc51e0e6c9a882bd7607c5d9f989ff159e2a8fc406dd834704bf5ab"": 645, ""5774b8c7a5b95fdbc85ff8eac3de7f8f26dbfde0657cfdb5145fbfe7e50af69b"": 290, ""ab88ef272f03e0b42c6bd97381a111561db79e4204634ae89570fce762aee339"": 194, ""c7a5dc28c0d8baaabe4b2d1bd16b11ba187447b3476357af10a403c56e5d9ef8"": 80, ""f3cc550104f1c7524a4b7962e5898bb72700866b1df4d56ef2fdb4660ce43054"": 67}"	identity_or_clock				2049
setup.strategy_selection.schema	machine_decision_input	categorical	2049	88.3	"{""main_entry_strategy_v2"": 2049}"	computed_or_insufficient				2049
setup.strategy_selection.selector_sha256	machine_decision_input	categorical	2049	88.3	"{""086e10428fda32860a90d79edd34f823a47249f2005fc309259ab44c8762ac12"": 645, ""555cf0ab3b2110029ec33ef7eadf836cbe94f8ac4109e92f33ed8f3bc2940368"": 290, ""69e262056896db0288f4270e403e5fe0c563ff588463d6b94f8f5741bf45442f"": 67, ""7aecb9180ab2d91ed7f407d996f612cd33e64216e69b2da19ce12357ad872694"": 773, ""c565713bfe43c64b730577796f41483026e40a63e3374c82a6ec5e9cc0f16967"": 80, ""cb59b6e2a816fe8bd9bd88bd8ef0680df8bdfdd39a8b5f8f17a0f9d3e0a701fe"": 194}"	identity_or_clock				2049
setup.strategy_selection.unsupported_coordinates.length	machine_decision_input	numeric	2049	88.3	"{""max"": 0.0, ""mean"": 0.0, ""min"": 0.0}"	computed_or_insufficient				2049
setup.structure_contract_version	machine_decision_input	categorical	2210	87.38	"{""entry_local_breakout_completed_v1"": 2210}"	computed_or_insufficient				2210
setup.structure_phase	machine_decision_input	categorical	17509	0.0	"{""continuation"": 2623, ""distribution"": 2268, ""early_continuation_probe"": 53, ""failed_breakout"": 4931, ""pullback"": 646, ""range_or_no_setup"": 3619, ""rebound_attempt"": 1972, ""recovery_continuation"": 1397}"	computed_or_insufficient	0.5324	0.50995	0.19935	17509
setup.structure_phase_bar_end	machine_decision_input	categorical	17022	2.78	{}	high_cardinality				17022
setup.structure_phase_policy_version	machine_decision_input	categorical	17509	0.0	"{""entry_completed_bar_structure_phase_v2"": 17509}"	computed_or_insufficient				17509
setup.structure_phase_role	machine_decision_input	categorical	17509	0.0	"{""completed_bar_chart_flow_only"": 17509}"	computed_or_insufficient				17509
setup.structure_phase_sha256	machine_decision_input	categorical	17509	0.0	{}	identity_or_clock				17509
setup.structure_phase_stable_on_completed_bar	machine_decision_input	categorical	17509	0.0	"{""True"": 17509}"	computed_or_insufficient				17509
setup.symbol_specific_branching	machine_decision_input	categorical	17509	0.0	"{""False"": 17509}"	computed_or_insufficient				17509
setup.tail_risk_assessment.actual_order_submitted	machine_decision_input	categorical	17509	0.0	"{""False"": 17509}"	computed_or_insufficient				17509
setup.tail_risk_assessment.allowed_runtime_apply	machine_decision_input	categorical	17509	0.0	"{""False"": 17509}"	computed_or_insufficient				17509
setup.tail_risk_assessment.broker_order_forbidden	machine_decision_input	categorical	17509	0.0	"{""True"": 17509}"	computed_or_insufficient				17509
setup.tail_risk_assessment.calibration_scope	machine_decision_input	categorical	17509	0.0	"{""clean_baseline_in_sample_exploratory"": 17509}"	computed_or_insufficient				17509
setup.tail_risk_assessment.decision_authority	machine_decision_input	categorical	17509	0.0	"{""offline_replay_and_attribution_only"": 17509}"	computed_or_insufficient				17509
setup.tail_risk_assessment.forbidden_uses.contains:broker_or_safety_guard_bypass	machine_decision_input	categorical	17509	0.0	"{""False"": 0, ""True"": 17509}"	computed_or_insufficient	0.0	0.0	0.0	17509
setup.tail_risk_assessment.forbidden_uses.contains:provider_or_bot_change	machine_decision_input	categorical	17509	0.0	"{""False"": 0, ""True"": 17509}"	computed_or_insufficient	0.0	0.0	0.0	17509
setup.tail_risk_assessment.forbidden_uses.contains:same_sample_live_promotion	machine_decision_input	categorical	17509	0.0	"{""False"": 0, ""True"": 17509}"	identity_or_clock				17509
setup.tail_risk_assessment.forbidden_uses.contains:standalone_live_entry_or_block	machine_decision_input	categorical	17509	0.0	"{""False"": 0, ""True"": 17509}"	computed_or_insufficient	0.0	0.0	0.0	17509
setup.tail_risk_assessment.forbidden_uses.contains:threshold_price_quantity_or_cap_change	machine_decision_input	categorical	17509	0.0	"{""False"": 0, ""True"": 17509}"	computed_or_insufficient	0.0	0.0	0.0	17509
setup.tail_risk_assessment.forbidden_uses.length	machine_decision_input	numeric	17509	0.0	"{""max"": 5.0, ""mean"": 5.0, ""min"": 5.0}"	computed_or_insufficient				17509
setup.tail_risk_assessment.inputs.fillability_score	machine_decision_input	numeric	17509	0.0	"{""max"": 100.0, ""mean"": 47.92078359700725, ""min"": 0.0}"	computed_or_insufficient	-0.1616	0.14596	0.07055	17509
setup.tail_risk_assessment.inputs.spread_bp	machine_decision_input	numeric	17509	0.0	"{""max"": 1703.7, ""mean"": 56.09743960248987, ""min"": 0.0}"	computed_or_insufficient	0.19961	-0.18396	-0.0716	17509
setup.tail_risk_assessment.inputs.top3_ask_to_bid_ratio	machine_decision_input	numeric	17509	0.0	"{""max"": 729.6666666666666, ""mean"": 2.979012956895215, ""min"": 0.0002842524161455372}"	computed_or_insufficient	0.03784	-0.03321	-0.02064	17509
setup.tail_risk_assessment.metric_role	machine_decision_input	categorical	17509	0.0	"{""bounded_probe_risk_recheck_observation"": 17509}"	computed_or_insufficient				17509
setup.tail_risk_assessment.primary_decision_metric	machine_decision_input	categorical	17509	0.0	"{""candidate_probe_worst_loss_pct"": 17509}"	computed_or_insufficient				17509
setup.tail_risk_assessment.promotion_authority	machine_decision_input	categorical	17509	0.0	"{""False"": 17509}"	identity_or_clock				17509
setup.tail_risk_assessment.runtime_effect	machine_decision_input	categorical	17509	0.0	"{""False"": 17509}"	computed_or_insufficient				17509
setup.tail_risk_assessment.sample_floor	machine_decision_input	categorical	17509	0.0	"{""one_exact_payload_starts_observation_only"": 17509}"	computed_or_insufficient				17509
setup.tail_risk_assessment.schema	machine_decision_input	categorical	17509	0.0	"{""entry_tail_risk_assessment_v1"": 17509}"	computed_or_insufficient				17509
setup.tail_risk_assessment.source_quality_gate	machine_decision_input	categorical	17509	0.0	"{""exact_payload_fresh_same_route"": 17509}"	computed_or_insufficient				17509
setup.tail_risk_assessment.state	machine_decision_input	categorical	17509	0.0	"{""elevated_depth_spread_fragility"": 178, ""not_observed"": 17331}"	computed_or_insufficient	0.05844	0.05602	0.01177	17509
setup.tail_risk_assessment.thresholds.combination	machine_decision_input	categorical	17509	0.0	"{""all"": 17509}"	computed_or_insufficient				17509
setup.tail_risk_assessment.thresholds.fillability_ceiling	machine_decision_input	numeric	17509	0.0	"{""max"": 15.0, ""mean"": 15.0, ""min"": 15.0}"	computed_or_insufficient				17509
setup.tail_risk_assessment.thresholds.spread_floor_bp	machine_decision_input	numeric	17509	0.0	"{""max"": 100.0, ""mean"": 100.0, ""min"": 100.0}"	computed_or_insufficient				17509
setup.tail_risk_assessment.thresholds.top3_ask_to_bid_floor	machine_decision_input	numeric	17509	0.0	"{""max"": 5.0, ""mean"": 5.0, ""min"": 5.0}"	computed_or_insufficient				17509
setup.tail_risk_assessment.validation_requirement	machine_decision_input	categorical	17509	0.0	"{""new_post_policy_out_of_sample_trading_date"": 17509}"	computed_or_insufficient				17509
setup.tail_risk_assessment.version	machine_decision_input	categorical	17509	0.0	"{""entry_tail_risk_calibration_v2"": 17509}"	computed_or_insufficient				17509
setup.tail_risk_assessment.window_policy	machine_decision_input	categorical	17509	0.0	"{""same_exact_payload_completed_bar_snapshot"": 17509}"	computed_or_insufficient				17509
setup.version	machine_decision_input	categorical	17509	0.0	"{""entry_setup_evidence_policy_v12_balanced"": 17509}"	computed_or_insufficient				17509
setup.widget_dependency	machine_decision_input	categorical	17509	0.0	"{""False"": 17509}"	computed_or_insufficient				17509
setup.window_policy	machine_decision_input	categorical	17509	0.0	"{""same_exact_payload_completed_bar_snapshot"": 17509}"	computed_or_insufficient				17509
